127,0,92,10,0,0,0,0,0,0,1,0,0,0,0,0,44,1,1,22,25,0,22,68,40,0,0,0,0,0,0,0,0,0,0,0,0,0,0,0,0,0,0,0,0,0,0,0,0,0,0,0
127,0,92,10,0,0,0,0,0,0,1,0,0,0,0,0,44,0,255,22,25,10,22,68,50,0,0,0,0,0,0,0,0,0,0,0,0,0,0,0,0,0,0,0,0,0,0,0,0,0,0,0
127,0,92,10,0,0,0,0,0,0,1,0,0,0,0,0,44,0,255,22,25,10,22,68,69,0,0,0,0,0,0,0,0,0,0,0,0,0,0,0,0,0,0,0,0,0,0,0,0,0,0,0
127,0,92,10,0,0,0,0,0,0,1,0,0,0,0,0,44,0,255,22,25,0,22,68,59,0,0,0,0,0,0,0,0,0,0,0,0,0,0,0,0,0,0,0,0,0,0,0,0,0,0,0
127,0,94,10,0,0,0,0,0,0,1,0,0,0,0,0,44,0,253,22,25,0,22,68,59,0,0,0,0,0,0,0,0,0,0,0,0,0,0,0,0,0,0,0,0,0,0,0,0,0,0,0
127,0,92,9,0,0,0,0,0,0,1,0,0,0,0,0,44,1,0,22,25,10,22,68,69,0,0,0,0,0,0,0,0,0,0,0,0,0,0,0,0,0,0,0,0,0,0,0,0,0,0,0
127,0,92,10,0,0,0,0,0,0,1,0,0,0,0,0,44,0,255,22,25,0,22,68,59,0,0,0,0,0,0,0,0,0,0,0,0,0,0,0,0,0,0,0,0,0,0,0,0,0,0,0
127,0,92,10,0,0,0,0,0,0,1,0,0,0,0,0,44,0,255,22,25,0,22,68,59,0,0,0,0,0,0,0,0,0,0,0,0,0,0,0,0,0,0,0,0,0,0,0,0,0,0,0
127,0,92,9,0,0,0,0,0,0,1,0,0,0,0,0,44,1,0,22,25,10,22,68,59,0,0,0,0,0,0,0,0,0,0,0,0,0,0,0,0,0,0,0,0,0,0,0,0,0,0,0
127,0,92,10,0,0,0,0,0,0,1,0,0,0,0,0,44,0,253,22,25,10,22,68,59,0,0,0,0,0,0,0,0,0,0,0,0,0,0,0,0,0,0,0,0,0,0,0,0,0,0,0
127,0,92,10,0,0,0,0,0,0,1,0,0,0,0,0,44,1,1,22,25,10,22,68,59,0,0,0,0,0,0,0,0,0,0,0,0,0,0,0,0,0,0,0,0,0,0,0,0,0,0,0
127,0,92,11,0,0,0,0,0,0,1,0,0,0,0,0,44,1,0,22,25,0,22,68,50,0,0,0,0,0,0,0,0,0,0,0,0,0,0,0,0,0,0,0,0,0,0,0,0,0,0,0
127,0,92,10,0,0,0,0,0,0,1,0,0,0,0,0,44,0,255,22,25,10,22,68,59,0,0,0,0,0,0,0,0,0,0,0,0,0,0,0,0,0,0,0,0,0,0,0,0,0,0,0
127,0,92,10,0,0,0,0,0,0,1,0,0,0,0,0,44,1,0,22,25,10,22,68,59,0,0,0,0,0,0,0,0,0,0,0,0,0,0,0,0,0,0,0,0,0,0,0,0,0,0,0
127,0,92,10,0,0,0,0,0,0,1,0,0,0,0,0,44,0,252,22,25,0,22,68,50,0,0,0,0,0,0,0,0,0,0,0,0,0,0,0,0,0,0,0,0,0,0,0,0,0,0,0
127,0,92,10,0,0,0,0,0,0,1,0,0,0,0,0,44,1,0,22,25,0,22,68,50,0,0,0,0,0,0,0,0,0,0,0,0,0,0,0,0,0,0,0,0,0,0,0,0,0,0,0
127,0,90,10,0,0,0,0,0,0,1,0,0,0,0,0,44,0,255,22,25,10,22,68,59,0,0,0,0,0,0,0,0,0,0,0,0,0,0,0,0,0,0,0,0,0,0,0,0,0,0,0
127,0,92,10,0,0,0,0,0,0,1,0,0,0,0,0,44,0,255,22,25,10,22,68,69,0,0,0,0,0,0,0,0,0,0,0,0,0,0,0,0,0,0,0,0,0,0,0,0,0,0,0
127,0,92,10,0,0,0,0,0,0,1,0,0,0,0,0,44,1,0,22,25,10,22,68,69,0,0,0,0,0,0,0,0,0,0,0,0,0,0,0,0,0,0,0,0,0,0,0,0,0,0,0
127,0,92,10,0,0,0,0,0,0,1,0,0,0,0,0,44,0,253,22,25,10,22,68,69,0,0,0,0,0,0,0,0,0,0,0,0,0,0,0,0,0,0,0,0,0,0,0,0,0,0,0
127,0,92,10,0,0,0,0,0,0,1,0,0,0,0,0,44,1,0,22,25,10,22,68,80,0,0,0,0,0,0,0,0,0,0,0,0,0,0,0,0,0,0,0,0,0,0,0,0,0,0,0
127,0,92,11,0,0,0,0,0,0,1,0,0,0,0,0,44,0,253,22,25,0,22,68,90,0,0,0,0,0,0,0,0,0,0,0,0,0,0,0,0,0,0,0,0,0,0,0,0,0,0,0
127,0,92,10,0,0,0,0,0,0,1,0,0,0,0,0,44,1,1,22,25,10,22,68,90,0,0,0,0,0,0,0,0,0,0,0,0,0,0,0,0,0,0,0,0,0,0,0,0,0,0,0
127,0,92,2,0,0,0,0,0,0,1,0,0,0,0,0,44,0,254,22,25,0,22,68,90,0,0,0,0,0,0,0,0,0,0,0,0,0,0,0,0,0,0,0,0,0,0,0,0,0,0,0
127,0,92,10,0,0,0,0,0,0,1,0,0,0,0,0,44,1,1,22,25,0,22,68,90,0,0,0,0,0,0,0,0,0,0,0,0,0,0,0,0,0,0,0,0,0,0,0,0,0,0,0
127,0,92,9,0,0,0,0,0,0,1,0,0,0,0,0,44,1,0,22,25,0,22,69,0,0,0,0,0,0,0,0,0,0,0,0,0,0,0,0,0,0,0,0,0,0,0,0,0,0,0,0
127,0,92,11,0,0,0,0,0,0,1,0,0,0,0,0,44,1,0,22,25,0,22,69,0,0,0,0,0,0,0,0,0,0,0,0,0,0,0,0,0,0,0,0,0,0,0,0,0,0,0,0
127,0,92,10,0,0,0,0,0,0,1,0,0,0,0,0,44,1,1,22,25,0,22,69,9,0,0,0,0,0,0,0,0,0,0,0,0,0,0,0,0,0,0,0,0,0,0,0,0,0,0,0
127,0,92,9,0,0,0,0,0,0,1,0,0,0,0,0,44,0,255,22,25,0,22,69,19,0,0,0,0,0,0,0,0,0,0,0,0,0,0,0,0,0,0,0,0,0,0,0,0,0,0,0
127,0,90,10,0,0,0,0,0,0,1,0,0,0,0,0,44,0,252,22,25,0,22,69,40,0,0,0,0,0,0,0,0,0,0,0,0,0,0,0,0,0,0,0,0,0,0,0,0,0,0,0
127,0,90,10,0,0,0,0,0,0,1,0,0,0,0,0,44,1,0,22,25,0,22,69,50,0,0,0,0,0,0,0,0,0,0,0,0,0,0,0,0,0,0,0,0,0,0,0,0,0,0,0
127,0,90,10,0,0,0,0,0,0,1,0,0,0,0,0,44,1,0,22,25,0,22,69,50,0,0,0,0,0,0,0,0,0,0,0,0,0,0,0,0,0,0,0,0,0,0,0,0,0,0,0
127,0,90,10,0,0,0,0,0,0,1,0,0,0,0,0,44,0,255,22,25,0,22,69,40,0,0,0,0,0,0,0,0,0,0,0,0,0,0,0,0,0,0,0,0,0,0,0,0,0,0,0
127,0,92,10,0,0,0,0,0,0,1,0,0,0,0,0,44,0,254,22,25,0,22,69,40,0,0,0,0,0,0,0,0,0,0,0,0,0,0,0,0,0,0,0,0,0,0,0,0,0,0,0
127,0,92,10,0,0,0,0,0,0,1,0,0,0,0,0,44,0,254,22,25,0,22,69,30,0,0,0,0,0,0,0,0,0,0,0,0,0,0,0,0,0,0,0,0,0,0,0,0,0,0,0
127,0,92,10,0,0,0,0,0,0,1,0,0,0,0,0,44,1,0,22,25,0,22,69,30,0,0,0,0,0,0,0,0,0,0,0,0,0,0,0,0,0,0,0,0,0,0,0,0,0,0,0
127,0,94,11,0,0,0,0,0,0,1,0,0,0,0,0,44,0,255,22,25,0,22,69,40,0,0,0,0,0,0,0,0,0,0,0,0,0,0,0,0,0,0,0,0,0,0,0,0,0,0,0
127,0,92,10,0,0,0,0,0,0,1,0,0,0,0,0,44,0,252,22,25,0,22,69,59,0,0,0,0,0,0,0,0,0,0,0,0,0,0,0,0,0,0,0,0,0,0,0,0,0,0,0
127,0,92,10,0,0,0,0,0,0,1,0,0,0,0,0,44,1,0,22,25,0,22,69,50,0,0,0,0,0,0,0,0,0,0,0,0,0,0,0,0,0,0,0,0,0,0,0,0,0,0,0
127,0,92,10,0,0,0,0,0,0,1,0,0,0,0,0,44,1,1,22,25,10,22,69,50,0,0,0,0,0,0,0,0,0,0,0,0,0,0,0,0,0,0,0,0,0,0,0,0,0,0,0
127,0,92,10,0,0,0,0,0,0,1,0,0,0,0,0,44,0,255,22,25,0,22,69,50,0,0,0,0,0,0,0,0,0,0,0,0,0,0,0,0,0,0,0,0,0,0,0,0,0,0,0
127,0,92,10,0,0,0,0,0,0,1,0,0,0,0,0,44,0,254,22,25,10,22,69,50,0,0,0,0,0,0,0,0,0,0,0,0,0,0,0,0,0,0,0,0,0,0,0,0,0,0,0
127,0,92,9,0,0,0,0,0,0,1,0,0,0,0,0,44,1,0,22,25,10,22,69,40,0,0,0,0,0,0,0,0,0,0,0,0,0,0,0,0,0,0,0,0,0,0,0,0,0,0,0
127,0,92,10,0,0,0,0,0,0,1,0,0,0,0,0,44,0,254,22,25,0,22,69,30,0,0,0,0,0,0,0,0,0,0,0,0,0,0,0,0,0,0,0,0,0,0,0,0,0,0,0
127,0,92,10,0,0,0,0,0,0,1,0,0,0,0,0,44,0,254,22,25,10,22,69,59,0,0,0,0,0,0,0,0,0,0,0,0,0,0,0,0,0,0,0,0,0,0,0,0,0,0,0
127,0,92,10,0,0,0,0,0,0,1,0,0,0,0,0,44,1,0,22,25,10,22,69,40,0,0,0,0,0,0,0,0,0,0,0,0,0,0,0,0,0,0,0,0,0,0,0,0,0,0,0
127,0,92,10,0,0,0,0,0,0,1,0,0,0,0,0,44,0,252,22,25,10,22,69,40,0,0,0,0,0,0,0,0,0,0,0,0,0,0,0,0,0,0,0,0,0,0,0,0,0,0,0
127,0,92,10,0,0,0,0,0,0,1,0,0,0,0,0,44,1,0,22,25,0,22,69,40,0,0,0,0,0,0,0,0,0,0,0,0,0,0,0,0,0,0,0,0,0,0,0,0,0,0,0
127,0,92,10,0,0,0,0,0,0,1,0,0,0,0,0,44,0,254,22,25,10,22,69,50,0,0,0,0,0,0,0,0,0,0,0,0,0,0,0,0,0,0,0,0,0,0,0,0,0,0,0
127,0,92,10,0,0,0,0,0,0,1,0,0,0,0,0,44,1,0,22,25,10,22,69,59,0,0,0,0,0,0,0,0,0,0,0,0,0,0,0,0,0,0,0,0,0,0,0,0,0,0,0
127,0,92,10,0,0,0,0,0,0,1,0,0,0,0,0,44,0,255,22,25,10,22,69,59,0,0,0,0,0,0,0,0,0,0,0,0,0,0,0,0,0,0,0,0,0,0,0,0,0,0,0
127,0,92,10,0,0,0,0,0,0,1,0,0,0,0,0,44,0,254,22,25,10,22,69,59,0,0,0,0,0,0,0,0,0,0,0,0,0,0,0,0,0,0,0,0,0,0,0,0,0,0,0
127,0,92,10,0,0,0,0,0,0,1,0,0,0,0,0,44,0,255,22,25,10,22,69,59,0,0,0,0,0,0,0,0,0,0,0,0,0,0,0,0,0,0,0,0,0,0,0,0,0,0,0
127,0,90,10,0,0,0,0,0,0,1,0,0,0,0,0,44,0,250,22,25,10,22,69,59,0,0,0,0,0,0,0,0,0,0,0,0,0,0,0,0,0,0,0,0,0,0,0,0,0,0,0
127,0,90,10,0,0,0,0,0,0,1,0,0,0,0,0,44,1,0,22,25,10,22,69,59,0,0,0,0,0,0,0,0,0,0,0,0,0,0,0,0,0,0,0,0,0,0,0,0,0,0,0
127,0,92,10,0,0,0,0,0,0,1,0,0,0,0,0,44,0,255,22,25,10,22,69,50,0,0,0,0,0,0,0,0,0,0,0,0,0,0,0,0,0,0,0,0,0,0,0,0,0,0,0
127,0,90,10,0,0,0,0,0,0,1,0,0,0,0,0,44,0,253,22,25,10,22,69,50,0,0,0,0,0,0,0,0,0,0,0,0,0,0,0,0,0,0,0,0,0,0,0,0,0,0,0
127,0,90,10,0,0,0,0,0,0,1,0,0,0,0,0,44,1,0,22,25,10,22,69,40,0,0,0,0,0,0,0,0,0,0,0,0,0,0,0,0,0,0,0,0,0,0,0,0,0,0,0
127,0,90,10,0,0,0,0,0,0,1,0,0,0,0,0,44,0,255,22,25,10,22,69,40,0,0,0,0,0,0,0,0,0,0,0,0,0,0,0,0,0,0,0,0,0,0,0,0,0,0,0
127,0,88,10,0,0,0,0,0,0,1,0,0,0,0,0,44,0,218,22,25,10,22,69,50,0,0,0,0,0,0,0,0,0,0,0,0,0,0,0,0,0,0,0,0,0,0,0,0,0,0,0
127,0,86,10,0,0,0,0,0,0,1,0,0,0,0,0,44,0,168,22,25,10,22,70,19,0,0,0,0,0,0,0,0,0,0,0,0,0,0,0,0,0,0,0,0,0,0,0,0,0,0,0
127,0,86,10,0,0,0,0,0,0,1,0,0,0,0,0,44,0,171,22,25,20,22,91,19,0,0,0,0,0,0,0,0,0,0,0,0,0,0,0,0,0,0,0,0,0,0,0,0,0,0,0
127,0,90,10,0,0,0,0,0,0,1,0,0,0,0,0,44,0,248,22,25,20,22,95,69,0,0,0,0,0,0,0,0,0,0,0,0,0,0,0,0,0,0,0,0,0,0,0,0,0,0,0
127,0,88,10,0,0,0,0,0,0,1,0,0,0,0,0,44,0,226,22,25,39,22,90,90,0,0,0,0,0,0,0,0,0,0,0,0,0,0,0,0,0,0,0,0,0,0,0,0,0,0,0
127,0,92,10,0,0,0,0,0,0,1,0,0,0,0,0,44,0,249,22,25,39,22,83,90,0,0,0,0,0,0,0,0,0,0,0,0,0,0,0,0,0,0,0,0,0,0,0,0,0,0,0
127,0,92,10,0,0,0,0,0,0,1,0,0,0,0,0,44,0,252,22,25,50,22,83,80,0,0,0,0,0,0,0,0,0,0,0,0,0,0,0,0,0,0,0,0,0,0,0,0,0,0,0
127,0,90,10,0,0,0,0,0,0,1,0,0,0,0,0,44,0,249,22,25,60,22,79,90,0,0,0,0,0,0,0,0,0,0,0,0,0,0,0,0,0,0,0,0,0,0,0,0,0,0,0
127,0,90,10,0,0,0,0,0,0,1,0,0,0,0,0,44,0,255,22,25,70,22,78,19,0,0,0,0,0,0,0,0,0,0,0,0,0,0,0,0,0,0,0,0,0,0,0,0,0,0,0
127,0,90,10,0,0,0,0,0,0,1,0,0,0,0,0,44,0,254,22,25,70,22,76,80,0,0,0,0,0,0,0,0,0,0,0,0,0,0,0,0,0,0,0,0,0,0,0,0,0,0,0
127,0,90,10,0,0,0,0,0,0,1,0,0,0,0,0,44,0,249,22,25,70,22,75,69,0,0,0,0,0,0,0,0,0,0,0,0,0,0,0,0,0,0,0,0,0,0,0,0,0,0,0
127,0,92,10,0,0,0,0,0,0,1,0,0,0,0,0,44,0,255,22,25,79,22,74,90,0,0,0,0,0,0,0,0,0,0,0,0,0,0,0,0,0,0,0,0,0,0,0,0,0,0,0
127,0,90,10,0,0,0,0,0,0,1,0,0,0,0,0,44,0,254,22,25,79,22,74,0,0,0,0,0,0,0,0,0,0,0,0,0,0,0,0,0,0,0,0,0,0,0,0,0,0,0,0
127,0,90,10,0,0,0,0,0,0,1,0,0,0,0,0,44,0,249,22,25,79,22,73,0,0,0,0,0,0,0,0,0,0,0,0,0,0,0,0,0,0,0,0,0,0,0,0,0,0,0,0
127,0,90,10,0,0,0,0,0,0,1,0,0,0,0,0,44,0,255,22,25,79,22,72,50,0,0,0,0,0,0,0,0,0,0,0,0,0,0,0,0,0,0,0,0,0,0,0,0,0,0,0
127,0,92,10,0,0,0,0,0,0,1,0,0,0,0,0,44,0,254,22,25,89,22,72,9,0,0,0,0,0,0,0,0,0,0,0,0,0,0,0,0,0,0,0,0,0,0,0,0,0,0,0
127,0,88,10,0,0,0,0,0,0,1,0,0,0,0,0,44,0,221,22,25,79,22,71,50,0,0,0,0,0,0,0,0,0,0,0,0,0,0,0,0,0,0,0,0,0,0,0,0,0,0,0
127,0,54,10,0,0,0,0,0,0,1,0,0,0,0,0,44,1,50,22,25,89,22,71,0,0,0,0,0,0,0,0,0,0,0,0,0,0,0,0,0,0,0,0,0,0,0,0,0,0,0,0
127,0,50,10,0,0,0,0,0,0,1,0,0,0,0,0,44,1,41,22,25,89,22,70,90,0,0,0,0,0,0,0,0,0,0,0,0,0,0,0,0,0,0,0,0,0,0,0,0,0,0,0
127,0,64,9,0,0,0,0,0,0,1,0,0,0,0,0,44,1,126,22,25,89,22,72,9,0,0,0,0,0,0,0,0,0,0,0,0,0,0,0,0,0,0,0,0,0,0,0,0,0,0,0
127,0,56,10,0,0,0,0,0,0,1,0,0,0,0,0,44,1,150,22,25,89,22,72,69,0,0,0,0,0,0,0,0,0,0,0,0,0,0,0,0,0,0,0,0,0,0,0,0,0,0,0
127,0,56,10,0,0,0,0,0,0,1,0,0,0,0,0,44,1,145,22,25,89,22,72,9,0,0,0,0,0,0,0,0,0,0,0,0,0,0,0,0,0,0,0,0,0,0,0,0,0,0,0
127,0,64,9,0,0,0,0,0,0,1,0,0,0,0,0,44,1,95,22,25,89,22,72,9,0,0,0,0,0,0,0,0,0,0,0,0,0,0,0,0,0,0,0,0,0,0,0,0,0,0,0
127,0,60,10,0,0,0,0,0,0,1,0,0,0,0,0,44,1,128,22,25,89,22,71,69,0,0,0,0,0,0,0,0,0,0,0,0,0,0,0,0,0,0,0,0,0,0,0,0,0,0,0
127,0,58,10,0,0,0,0,0,0,1,0,0,0,0,0,44,1,94,22,25,89,22,71,69,0,0,0,0,0,0,0,0,0,0,0,0,0,0,0,0,0,0,0,0,0,0,0,0,0,0,0
127,0,46,10,0,0,0,0,0,0,1,0,0,0,0,0,44,1,109,22,25,89,22,71,40,0,0,0,0,0,0,0,0,0,0,0,0,0,0,0,0,0,0,0,0,0,0,0,0,0,0,0
127,0,54,9,0,0,0,0,0,0,1,0,0,0,0,0,44,1,111,22,25,89,22,70,30,0,0,0,0,0,0,0,0,0,0,0,0,0,0,0,0,0,0,0,0,0,0,0,0,0,0,0
127,0,58,10,0,0,0,0,0,0,1,0,0,0,0,0,44,1,109,22,25,89,22,70,40,0,0,0,0,0,0,0,0,0,0,0,0,0,0,0,0,0,0,0,0,0,0,0,0,0,0,0
127,0,58,10,0,0,0,0,0,0,1,0,0,0,0,0,44,1,114,22,25,79,22,69,90,0,0,0,0,0,0,0,0,0,0,0,0,0,0,0,0,0,0,0,0,0,0,0,0,0,0,0
127,0,58,9,0,0,0,0,0,0,1,0,0,0,0,0,44,1,118,22,25,79,22,69,50,0,0,0,0,0,0,0,0,0,0,0,0,0,0,0,0,0,0,0,0,0,0,0,0,0,0,0
127,0,64,9,0,0,0,0,0,0,1,0,0,0,0,0,44,1,107,22,25,79,22,69,59,0,0,0,0,0,0,0,0,0,0,0,0,0,0,0,0,0,0,0,0,0,0,0,0,0,0,0
127,0,64,10,0,0,0,0,0,0,1,0,0,0,0,0,44,1,121,22,25,79,22,70,0,0,0,0,0,0,0,0,0,0,0,0,0,0,0,0,0,0,0,0,0,0,0,0,0,0,0,0
127,0,64,10,0,0,0,0,0,0,1,0,0,0,0,0,44,1,120,22,25,79,22,69,90,0,0,0,0,0,0,0,0,0,0,0,0,0,0,0,0,0,0,0,0,0,0,0,0,0,0,0
127,0,64,10,0,0,0,0,0,0,1,0,0,0,0,0,44,1,112,22,25,70,22,69,59,0,0,0,0,0,0,0,0,0,0,0,0,0,0,0,0,0,0,0,0,0,0,0,0,0,0,0
127,0,64,10,0,0,0,0,0,0,1,0,0,0,0,0,44,1,124,22,25,79,22,69,40,0,0,0,0,0,0,0,0,0,0,0,0,0,0,0,0,0,0,0,0,0,0,0,0,0,0,0
127,0,64,10,0,0,0,0,0,0,1,0,0,0,0,0,44,1,123,22,25,70,22,69,19,0,0,0,0,0,0,0,0,0,0,0,0,0,0,0,0,0,0,0,0,0,0,0,0,0,0,0
127,0,60,10,0,0,0,0,0,0,1,0,0,0,0,0,44,1,136,22,25,70,22,69,50,0,0,0,0,0,0,0,0,0,0,0,0,0,0,0,0,0,0,0,0,0,0,0,0,0,0,0
127,0,60,10,0,0,0,0,0,0,1,0,0,0,0,0,44,1,136,22,25,70,22,68,50,0,0,0,0,0,0,0,0,0,0,0,0,0,0,0,0,0,0,0,0,0,0,0,0,0,0,0
127,0,60,10,0,0,0,0,0,0,1,0,0,0,0,0,44,1,130,22,25,60,22,68,40,0,0,0,0,0,0,0,0,0,0,0,0,0,0,0,0,0,0,0,0,0,0,0,0,0,0,0
127,0,66,10,0,0,0,0,0,0,1,0,0,0,0,0,44,1,131,22,25,60,22,67,90,0,0,0,0,0,0,0,0,0,0,0,0,0,0,0,0,0,0,0,0,0,0,0,0,0,0,0
127,0,70,10,0,0,0,0,0,0,1,0,0,0,0,0,44,1,108,22,25,50,22,68,40,0,0,0,0,0,0,0,0,0,0,0,0,0,0,0,0,0,0,0,0,0,0,0,0,0,0,0
127,0,64,10,0,0,0,0,0,0,1,0,0,0,0,0,44,1,152,22,25,50,22,68,80,0,0,0,0,0,0,0,0,0,0,0,0,0,0,0,0,0,0,0,0,0,0,0,0,0,0,0
127,0,58,10,0,0,0,0,0,0,1,0,0,0,0,0,44,1,119,22,25,60,22,69,0,0,0,0,0,0,0,0,0,0,0,0,0,0,0,0,0,0,0,0,0,0,0,0,0,0,0,0
127,0,42,9,0,0,0,0,0,0,1,0,0,0,0,0,44,1,138,22,25,60,22,69,59,0,0,0,0,0,0,0,0,0,0,0,0,0,0,0,0,0,0,0,0,0,0,0,0,0,0,0
127,0,74,10,0,0,0,0,0,0,1,0,0,0,0,0,44,1,145,22,25,50,22,72,0,0,0,0,0,0,0,0,0,0,0,0,0,0,0,0,0,0,0,0,0,0,0,0,0,0,0,0
127,0,66,10,0,0,0,0,0,0,1,0,0,0,0,0,44,1,133,22,25,50,22,72,59,0,0,0,0,0,0,0,0,0,0,0,0,0,0,0,0,0,0,0,0,0,0,0,0,0,0,0
127,0,66,10,0,0,0,0,0,0,1,0,0,0,0,0,44,1,107,22,25,50,22,72,69,0,0,0,0,0,0,0,0,0,0,0,0,0,0,0,0,0,0,0,0,0,0,0,0,0,0,0
127,0,66,10,0,0,0,0,0,0,1,0,0,0,0,0,44,1,23,22,25,50,22,71,90,0,0,0,0,0,0,0,0,0,0,0,0,0,0,0,0,0,0,0,0,0,0,0,0,0,0,0
127,0,62,9,0,0,0,0,0,0,1,0,0,0,0,0,44,1,65,22,25,50,22,71,50,0,0,0,0,0,0,0,0,0,0,0,0,0,0,0,0,0,0,0,0,0,0,0,0,0,0,0
127,0,60,10,0,0,0,0,0,0,1,0,0,0,0,0,44,1,61,22,25,50,22,70,69,0,0,0,0,0,0,0,0,0,0,0,0,0,0,0,0,0,0,0,0,0,0,0,0,0,0,0
127,0,60,10,0,0,0,0,0,0,1,0,0,0,0,0,44,1,63,22,25,39,22,70,30,0,0,0,0,0,0,0,0,0,0,0,0,0,0,0,0,0,0,0,0,0,0,0,0,0,0,0
127,0,58,9,0,0,0,0,0,0,1,0,0,0,0,0,44,1,60,22,25,50,22,70,80,0,0,0,0,0,0,0,0,0,0,0,0,0,0,0,0,0,0,0,0,0,0,0,0,0,0,0
127,0,60,10,0,0,0,0,0,0,1,0,0,0,0,0,44,1,68,22,25,50,22,70,90,0,0,0,0,0,0,0,0,0,0,0,0,0,0,0,0,0,0,0,0,0,0,0,0,0,0,0
127,0,60,10,0,0,0,0,0,0,1,0,0,0,0,0,44,1,64,22,25,50,22,71,59,0,0,0,0,0,0,0,0,0,0,0,0,0,0,0,0,0,0,0,0,0,0,0,0,0,0,0
127,0,60,10,0,0,0,0,0,0,1,0,0,0,0,0,44,1,61,22,25,50,22,72,90,0,0,0,0,0,0,0,0,0,0,0,0,0,0,0,0,0,0,0,0,0,0,0,0,0,0,0
127,0,58,10,0,0,0,0,0,0,1,0,0,0,0,0,44,1,80,22,25,50,22,73,0,0,0,0,0,0,0,0,0,0,0,0,0,0,0,0,0,0,0,0,0,0,0,0,0,0,0,0
127,0,52,10,0,0,0,0,0,0,1,0,0,0,0,0,44,1,86,22,25,50,22,72,69,0,0,0,0,0,0,0,0,0,0,0,0,0,0,0,0,0,0,0,0,0,0,0,0,0,0,0
127,0,60,10,0,0,0,0,0,0,1,0,0,0,0,0,44,1,70,22,25,50,22,71,90,0,0,0,0,0,0,0,0,0,0,0,0,0,0,0,0,0,0,0,0,0,0,0,0,0,0,0
127,0,54,10,0,0,0,0,0,0,1,0,0,0,0,0,44,1,36,22,25,50,22,71,69,0,0,0,0,0,0,0,0,0,0,0,0,0,0,0,0,0,0,0,0,0,0,0,0,0,0,0
127,0,64,10,0,0,0,0,0,0,1,0,0,0,0,0,44,1,24,22,25,50,22,71,19,0,0,0,0,0,0,0,0,0,0,0,0,0,0,0,0,0,0,0,0,0,0,0,0,0,0,0
127,0,66,10,0,0,0,0,0,0,1,0,0,0,0,0,44,1,11,22,25,50,22,72,0,0,0,0,0,0,0,0,0,0,0,0,0,0,0,0,0,0,0,0,0,0,0,0,0,0,0,0
127,0,68,10,0,0,0,0,0,0,1,0,0,0,0,0,44,1,8,22,25,50,22,71,59,0,0,0,0,0,0,0,0,0,0,0,0,0,0,0,0,0,0,0,0,0,0,0,0,0,0,0
127,0,68,10,0,0,0,0,0,0,1,0,0,0,0,0,44,1,0,22,25,50,22,71,0,0,0,0,0,0,0,0,0,0,0,0,0,0,0,0,0,0,0,0,0,0,0,0,0,0,0,0
127,0,66,10,0,0,0,0,0,0,1,0,0,0,0,0,44,1,4,22,25,50,22,71,0,0,0,0,0,0,0,0,0,0,0,0,0,0,0,0,0,0,0,0,0,0,0,0,0,0,0,0
127,0,68,9,0,0,0,0,0,0,1,0,0,0,0,0,44,1,12,22,25,50,22,70,90,0,0,0,0,0,0,0,0,0,0,0,0,0,0,0,0,0,0,0,0,0,0,0,0,0,0,0
127,0,68,10,0,0,0,0,0,0,1,0,0,0,0,0,44,1,11,22,25,50,22,70,59,0,0,0,0,0,0,0,0,0,0,0,0,0,0,0,0,0,0,0,0,0,0,0,0,0,0,0
127,0,68,10,0,0,0,0,0,0,1,0,0,0,0,0,44,1,9,22,25,50,22,70,40,0,0,0,0,0,0,0,0,0,0,0,0,0,0,0,0,0,0,0,0,0,0,0,0,0,0,0
127,0,68,10,0,0,0,0,0,0,1,0,0,0,0,0,44,1,1,22,25,50,22,70,30,0,0,0,0,0,0,0,0,0,0,0,0,0,0,0,0,0,0,0,0,0,0,0,0,0,0,0
127,0,68,9,0,0,0,0,0,0,1,0,0,0,0,0,44,1,5,22,25,60,22,70,30,0,0,0,0,0,0,0,0,0,0,0,0,0,0,0,0,0,0,0,0,0,0,0,0,0,0,0
127,0,70,10,0,0,0,0,0,0,1,0,0,0,0,0,44,1,12,22,25,60,22,70,19,0,0,0,0,0,0,0,0,0,0,0,0,0,0,0,0,0,0,0,0,0,0,0,0,0,0,0
127,0,70,10,0,0,0,0,0,0,1,0,0,0,0,0,44,1,8,22,25,50,22,69,90,0,0,0,0,0,0,0,0,0,0,0,0,0,0,0,0,0,0,0,0,0,0,0,0,0,0,0
127,0,70,10,0,0,0,0,0,0,1,0,0,0,0,0,44,1,2,22,25,60,22,70,9,0,0,0,0,0,0,0,0,0,0,0,0,0,0,0,0,0,0,0,0,0,0,0,0,0,0,0
127,0,68,10,0,0,0,0,0,0,1,0,0,0,0,0,44,1,13,22,25,60,22,69,80,0,0,0,0,0,0,0,0,0,0,0,0,0,0,0,0,0,0,0,0,0,0,0,0,0,0,0
127,0,68,9,0,0,0,0,0,0,1,0,0,0,0,0,44,1,9,22,25,60,22,69,80,0,0,0,0,0,0,0,0,0,0,0,0,0,0,0,0,0,0,0,0,0,0,0,0,0,0,0
127,0,70,9,0,0,0,0,0,0,1,0,0,0,0,0,44,1,8,22,25,50,22,69,59,0,0,0,0,0,0,0,0,0,0,0,0,0,0,0,0,0,0,0,0,0,0,0,0,0,0,0
127,0,70,10,0,0,0,0,0,0,1,0,0,0,0,0,44,1,12,22,25,60,22,69,59,0,0,0,0,0,0,0,0,0,0,0,0,0,0,0,0,0,0,0,0,0,0,0,0,0,0,0
127,0,70,10,0,0,0,0,0,0,1,0,0,0,0,0,44,1,6,22,25,60,22,69,50,0,0,0,0,0,0,0,0,0,0,0,0,0,0,0,0,0,0,0,0,0,0,0,0,0,0,0
127,0,70,10,0,0,0,0,0,0,1,0,0,0,0,0,44,1,5,22,25,60,22,69,50,0,0,0,0,0,0,0,0,0,0,0,0,0,0,0,0,0,0,0,0,0,0,0,0,0,0,0
127,0,80,9,0,0,0,0,0,0,1,0,0,0,0,0,44,0,210,22,25,60,22,69,50,0,0,0,0,0,0,0,0,0,0,0,0,0,0,0,0,0,0,0,0,0,0,0,0,0,0,0
127,0,90,9,0,0,0,0,0,0,1,0,0,0,0,0,44,1,137,22,25,60,22,70,90,0,0,0,0,0,0,0,0,0,0,0,0,0,0,0,0,0,0,0,0,0,0,0,0,0,0,0
127,0,96,10,0,0,0,0,0,0,1,0,0,0,0,0,44,1,70,22,25,50,22,70,19,0,0,0,0,0,0,0,0,0,0,0,0,0,0,0,0,0,0,0,0,0,0,0,0,0,0,0
127,0,96,9,0,0,0,0,0,0,1,0,0,0,0,0,44,1,86,22,25,60,22,70,19,0,0,0,0,0,0,0,0,0,0,0,0,0,0,0,0,0,0,0,0,0,0,0,0,0,0,0
127,0,96,10,0,0,0,0,0,0,1,0,0,0,0,0,44,1,98,22,25,50,22,69,80,0,0,0,0,0,0,0,0,0,0,0,0,0,0,0,0,0,0,0,0,0,0,0,0,0,0,0
127,0,96,10,0,0,0,0,0,0,1,0,0,0,0,0,44,1,95,22,25,60,22,69,69,0,0,0,0,0,0,0,0,0,0,0,0,0,0,0,0,0,0,0,0,0,0,0,0,0,0,0
127,0,96,10,0,0,0,0,0,0,1,0,0,0,0,0,44,1,92,22,25,50,22,69,50,0,0,0,0,0,0,0,0,0,0,0,0,0,0,0,0,0,0,0,0,0,0,0,0,0,0,0
127,0,96,10,0,0,0,0,0,0,1,0,0,0,0,0,44,1,88,22,25,60,22,69,59,0,0,0,0,0,0,0,0,0,0,0,0,0,0,0,0,0,0,0,0,0,0,0,0,0,0,0
127,0,96,10,0,0,0,0,0,0,1,0,0,0,0,0,44,1,80,22,25,50,22,69,40,0,0,0,0,0,0,0,0,0,0,0,0,0,0,0,0,0,0,0,0,0,0,0,0,0,0,0
127,0,94,10,0,0,0,0,0,0,1,0,0,0,0,0,44,1,81,22,25,50,22,69,40,0,0,0,0,0,0,0,0,0,0,0,0,0,0,0,0,0,0,0,0,0,0,0,0,0,0,0
127,0,96,10,0,0,0,0,0,0,1,0,0,0,0,0,44,1,85,22,25,50,22,69,40,0,0,0,0,0,0,0,0,0,0,0,0,0,0,0,0,0,0,0,0,0,0,0,0,0,0,0
127,0,94,10,0,0,0,0,0,0,1,0,0,0,0,0,44,1,99,22,25,50,22,69,19,0,0,0,0,0,0,0,0,0,0,0,0,0,0,0,0,0,0,0,0,0,0,0,0,0,0,0
127,0,94,9,0,0,0,0,0,0,1,0,0,0,0,0,44,1,97,22,25,50,22,69,19,0,0,0,0,0,0,0,0,0,0,0,0,0,0,0,0,0,0,0,0,0,0,0,0,0,0,0
127,0,94,10,0,0,0,0,0,0,1,0,0,0,0,0,44,1,94,22,25,50,22,69,19,0,0,0,0,0,0,0,0,0,0,0,0,0,0,0,0,0,0,0,0,0,0,0,0,0,0,0
127,0,94,9,0,0,0,0,0,0,1,0,0,0,0,0,44,1,93,22,25,50,22,69,0,0,0,0,0,0,0,0,0,0,0,0,0,0,0,0,0,0,0,0,0,0,0,0,0,0,0,0
127,0,96,5,0,0,0,48,0,0,1,0,128,0,0,0,44,1,89,22,25,50,22,68,90,0,0,0,0,0,0,0,96,128,0,0,0,0,0,0,0,0,1,0,0,0,0,0,0,0,0,0
127,0,96,10,0,0,0,0,0,0,1,0,0,0,0,0,44,1,88,22,25,50,22,69,0,0,0,0,0,0,0,0,0,0,0,0,0,0,0,0,0,0,0,0,0,0,0,0,0,0,0,0
127,0,96,10,0,0,0,0,0,0,1,0,0,0,0,0,44,1,81,22,25,39,22,69,9,0,0,0,0,0,0,0,0,0,0,0,0,0,0,0,0,0,0,0,0,0,0,0,0,0,0,0
127,0,96,10,0,0,0,0,0,0,1,0,0,0,0,0,44,1,82,22,25,39,22,69,9,0,0,0,0,0,0,0,0,0,0,0,0,0,0,0,0,0,0,0,0,0,0,0,0,0,0,0
127,0,96,10,0,0,0,0,0,0,1,0,0,0,0,0,44,1,92,22,25,39,22,69,9,0,0,0,0,0,0,0,0,0,0,0,0,0,0,0,0,0,0,0,0,0,0,0,0,0,0,0
127,0,96,9,0,0,0,0,0,0,1,0,0,0,0,0,44,1,97,22,25,39,22,69,19,0,0,0,0,0,0,0,0,0,0,0,0,0,0,0,0,0,0,0,0,0,0,0,0,0,0,0
127,0,94,10,0,0,0,0,0,0,1,0,0,0,0,0,44,1,94,22,25,39,22,69,19,0,0,0,0,0,0,0,0,0,0,0,0,0,0,0,0,0,0,0,0,0,0,0,0,0,0,0
127,0,96,5,0,0,0,48,0,0,1,0,128,0,0,0,40,1,88,26,9,7,214,69,19,67,0,0,0,150,0,0,96,140,0,35,160,4,0,3,64,0,49,197,0,0,99,12,0,16,0,80
127,0,96,10,0,0,0,0,0,0,1,0,0,0,0,0,44,1,81,22,25,39,22,69,9,0,0,0,0,0,0,0,0,0,0,0,0,0,0,0,0,0,0,0,0,0,0,0,0,0,0,0
127,0,96,9,0,0,0,0,0,0,1,0,0,0,0,0,44,1,95,22,25,39,22,69,0,0,0,0,0,0,0,0,0,0,0,0,0,0,0,0,0,0,0,0,0,0,0,0,0,0,0,0
127,0,96,10,0,0,0,0,0,0,1,0,0,0,0,0,44,1,94,22,25,39,22,69,0,0,0,0,0,0,0,0,0,0,0,0,0,0,0,0,0,0,0,0,0,0,0,0,0,0,0,0
127,0,96,10,0,0,0,0,0,0,1,0,0,0,0,0,44,1,87,22,25,39,22,69,0,0,0,0,0,0,0,0,0,0,0,0,0,0,0,0,0,0,0,0,0,0,0,0,0,0,0,0
127,0,94,10,0,0,0,0,0,0,1,0,0,0,0,0,44,1,86,22,25,29,22,68,90,0,0,0,0,0,0,0,0,0,0,0,0,0,0,0,0,0,0,0,0,0,0,0,0,0,0,0
127,0,94,9,0,0,0,0,0,0,1,0,0,0,0,0,44,1,98,22,25,39,22,69,9,0,0,0,0,0,0,0,0,0,0,0,0,0,0,0,0,0,0,0,0,0,0,0,0,0,0,0
127,0,96,11,0,0,0,0,0,0,1,0,0,0,0,0,44,1,87,22,25,29,22,69,0,0,0,0,0,0,0,0,0,0,0,0,0,0,0,0,0,0,0,0,0,0,0,0,0,0,0,0
127,0,94,10,0,0,0,0,0,0,1,0,0,0,0,0,44,1,92,22,25,29,22,69,0,0,0,0,0,0,0,0,0,0,0,0,0,0,0,0,0,0,0,0,0,0,0,0,0,0,0,0
127,0,94,9,0,0,0,0,0,0,1,0,0,0,0,0,44,1,94,22,25,29,22,69,0,0,0,0,0,0,0,0,0,0,0,0,0,0,0,0,0,0,0,0,0,0,0,0,0,0,0,0
127,0,94,10,0,0,0,0,0,0,1,0,0,0,0,0,44,1,80,22,25,29,22,69,9,0,0,0,0,0,0,0,0,0,0,0,0,0,0,0,0,0,0,0,0,0,0,0,0,0,0,0
127,0,94,9,0,0,0,0,0,0,1,0,0,0,0,0,44,1,98,22,25,29,22,69,0,0,0,0,0,0,0,0,0,0,0,0,0,0,0,0,0,0,0,0,0,0,0,0,0,0,0,0
127,0,94,9,0,0,0,0,0,0,1,0,0,0,0,0,44,1,89,22,25,29,22,68,90,0,0,0,0,0,0,0,0,0,0,0,0,0,0,0,0,0,0,0,0,0,0,0,0,0,0,0
127,0,94,10,0,0,0,0,0,0,1,0,0,0,0,0,44,1,95,22,25,29,22,68,69,0,0,0,0,0,0,0,0,0,0,0,0,0,0,0,0,0,0,0,0,0,0,0,0,0,0,0
127,0,94,9,0,0,0,0,0,0,1,0,0,0,0,0,44,1,80,22,25,29,22,68,69,0,0,0,0,0,0,0,0,0,0,0,0,0,0,0,0,0,0,0,0,0,0,0,0,0,0,0
127,0,94,9,0,0,0,0,0,0,1,0,0,0,0,0,44,1,99,22,25,29,22,69,0,0,0,0,0,0,0,0,0,0,0,0,0,0,0,0,0,0,0,0,0,0,0,0,0,0,0,0
127,0,94,10,0,0,0,0,0,0,1,0,0,0,0,0,44,1,94,22,25,20,22,69,9,0,0,0,0,0,0,0,0,0,0,0,0,0,0,0,0,0,0,0,0,0,0,0,0,0,0,0
127,0,94,10,0,0,0,0,0,0,1,0,0,0,0,0,44,1,82,22,25,29,22,69,30,0,0,0,0,0,0,0,0,0,0,0,0,0,0,0,0,0,0,0,0,0,0,0,0,0,0,0
127,0,94,9,0,0,0,0,0,0,1,0,0,0,0,0,44,1,99,22,25,20,22,69,19,0,0,0,0,0,0,0,0,0,0,0,0,0,0,0,0,0,0,0,0,0,0,0,0,0,0,0
127,0,94,9,0,0,0,0,0,0,1,0,0,0,0,0,44,1,93,22,25,20,22,69,30,0,0,0,0,0,0,0,0,0,0,0,0,0,0,0,0,0,0,0,0,0,0,0,0,0,0,0
127,0,94,9,0,0,0,0,0,0,1,0,0,0,0,0,44,1,85,22,25,20,22,69,30,0,0,0,0,0,0,0,0,0,0,0,0,0,0,0,0,0,0,0,0,0,0,0,0,0,0,0
127,0,94,10,0,0,0,0,0,0,1,0,0,0,0,0,44,1,99,22,25,20,22,69,40,0,0,0,0,0,0,0,0,0,0,0,0,0,0,0,0,0,0,0,0,0,0,0,0,0,0,0
127,0,94,9,0,0,0,0,0,0,1,0,0,0,0,0,44,1,92,22,25,20,22,69,40,0,0,0,0,0,0,0,0,0,0,0,0,0,0,0,0,0,0,0,0,0,0,0,0,0,0,0
127,0,94,10,0,0,0,0,0,0,1,0,0,0,0,0,44,1,88,22,25,20,22,69,19,0,0,0,0,0,0,0,0,0,0,0,0,0,0,0,0,0,0,0,0,0,0,0,0,0,0,0
127,0,94,10,0,0,0,0,0,0,1,0,0,0,0,0,44,1,99,22,25,20,22,69,9,0,0,0,0,0,0,0,0,0,0,0,0,0,0,0,0,0,0,0,0,0,0,0,0,0,0,0
127,0,94,10,0,0,0,0,0,0,1,0,0,0,0,0,44,1,92,22,25,20,22,68,90,0,0,0,0,0,0,0,0,0,0,0,0,0,0,0,0,0,0,0,0,0,0,0,0,0,0,0
127,0,94,9,0,0,0,0,0,0,1,0,0,0,0,0,44,1,92,22,25,20,22,68,90,0,0,0,0,0,0,0,0,0,0,0,0,0,0,0,0,0,0,0,0,0,0,0,0,0,0,0
127,0,96,10,0,0,0,0,0,0,1,0,0,0,0,0,44,1,98,22,25,20,22,68,90,0,0,0,0,0,0,0,0,0,0,0,0,0,0,0,0,0,0,0,0,0,0,0,0,0,0,0
127,0,94,10,0,0,0,0,0,0,1,0,0,0,0,0,44,1,86,22,25,10,22,68,80,0,0,0,0,0,0,0,0,0,0,0,0,0,0,0,0,0,0,0,0,0,0,0,0,0,0,0
127,0,94,10,0,0,0,0,0,0,1,0,0,0,0,0,44,1,98,22,25,10,22,68,80,0,0,0,0,0,0,0,0,0,0,0,0,0,0,0,0,0,0,0,0,0,0,0,0,0,0,0
127,0,96,10,0,0,0,0,0,0,1,0,0,0,0,0,44,1,96,22,25,10,22,68,80,0,0,0,0,0,0,0,0,0,0,0,0,0,0,0,0,0,0,0,0,0,0,0,0,0,0,0
127,0,94,10,0,0,0,0,0,0,1,0,0,0,0,0,44,1,85,22,25,10,22,68,90,0,0,0,0,0,0,0,0,0,0,0,0,0,0,0,0,0,0,0,0,0,0,0,0,0,0,0
127,0,94,9,0,0,0,0,0,0,1,0,0,0,0,0,44,1,99,22,25,10,22,68,90,0,0,0,0,0,0,0,0,0,0,0,0,0,0,0,0,0,0,0,0,0,0,0,0,0,0,0
127,0,94,9,0,0,0,0,0,0,1,0,0,0,0,0,44,1,81,22,25,10,22,69,0,0,0,0,0,0,0,0,0,0,0,0,0,0,0,0,0,0,0,0,0,0,0,0,0,0,0,0
127,0,94,9,0,0,0,0,0,0,1,0,0,0,0,0,44,1,99,22,25,10,22,68,80,0,0,0,0,0,0,0,0,0,0,0,0,0,0,0,0,0,0,0,0,0,0,0,0,0,0,0
127,0,94,10,0,0,0,0,0,0,1,0,0,0,0,0,44,1,85,22,25,10,22,69,19,0,0,0,0,0,0,0,0,0,0,0,0,0,0,0,0,0,0,0,0,0,0,0,0,0,0,0
127,0,94,10,0,0,0,0,0,0,1,0,0,0,0,0,44,1,101,22,25,10,22,69,19,0,0,0,0,0,0,0,0,0,0,0,0,0,0,0,0,0,0,0,0,0,0,0,0,0,0,0
127,0,94,9,0,0,0,0,0,0,1,0,0,0,0,0,44,1,94,22,25,10,22,69,40,0,0,0,0,0,0,0,0,0,0,0,0,0,0,0,0,0,0,0,0,0,0,0,0,0,0,0
127,0,92,9,0,0,0,0,0,0,1,0,0,0,0,0,44,1,88,22,25,10,22,69,50,0,0,0,0,0,0,0,0,0,0,0,0,0,0,0,0,0,0,0,0,0,0,0,0,0,0,0
127,0,94,9,0,0,0,0,0,0,1,0,0,0,0,0,44,1,99,22,25,10,22,69,69,0,0,0,0,0,0,0,0,0,0,0,0,0,0,0,0,0,0,0,0,0,0,0,0,0,0,0
127,0,94,9,0,0,0,0,0,0,1,0,0,0,0,0,44,1,92,22,25,0,22,69,69,0,0,0,0,0,0,0,0,0,0,0,0,0,0,0,0,0,0,0,0,0,0,0,0,0,0,0
127,0,94,9,0,0,0,0,0,0,1,0,0,0,0,0,44,1,88,22,25,0,22,69,59,0,0,0,0,0,0,0,0,0,0,0,0,0,0,0,0,0,0,0,0,0,0,0,0,0,0,0
127,0,94,10,0,0,0,0,0,0,1,0,0,0,0,0,44,1,99,22,25,0,22,69,59,0,0,0,0,0,0,0,0,0,0,0,0,0,0,0,0,0,0,0,0,0,0,0,0,0,0,0
127,0,94,9,0,0,0,0,0,0,1,0,0,0,0,0,44,1,92,22,25,0,22,69,80,0,0,0,0,0,0,0,0,0,0,0,0,0,0,0,0,0,0,0,0,0,0,0,0,0,0,0
127,0,94,9,0,0,0,0,0,0,1,0,0,0,0,0,44,1,85,22,25,0,22,69,59,0,0,0,0,0,0,0,0,0,0,0,0,0,0,0,0,0,0,0,0,0,0,0,0,0,0,0
127,0,94,9,0,0,0,0,0,0,1,0,0,0,0,0,44,1,101,22,25,0,22,69,40,0,0,0,0,0,0,0,0,0,0,0,0,0,0,0,0,0,0,0,0,0,0,0,0,0,0,0
127,0,92,9,0,0,0,0,0,0,1,0,0,0,0,0,44,1,95,22,25,0,22,69,50,0,0,0,0,0,0,0,0,0,0,0,0,0,0,0,0,0,0,0,0,0,0,0,0,0,0,0
127,0,94,9,0,0,0,0,0,0,1,0,0,0,0,0,44,1,89,22,25,0,22,69,50,0,0,0,0,0,0,0,0,0,0,0,0,0,0,0,0,0,0,0,0,0,0,0,0,0,0,0
127,0,94,9,0,0,0,0,0,0,1,0,0,0,0,0,44,1,83,22,25,0,22,69,59,0,0,0,0,0,0,0,0,0,0,0,0,0,0,0,0,0,0,0,0,0,0,0,0,0,0,0
127,0,94,9,0,0,0,0,0,0,1,0,0,0,0,0,44,1,95,22,25,0,22,69,90,0,0,0,0,0,0,0,0,0,0,0,0,0,0,0,0,0,0,0,0,0,0,0,0,0,0,0
127,0,94,9,0,0,0,0,0,0,1,0,0,0,0,0,44,1,98,22,25,0,22,70,0,0,0,0,0,0,0,0,0,0,0,0,0,0,0,0,0,0,0,0,0,0,0,0,0,0,0,0
127,0,94,10,0,0,0,0,0,0,1,0,0,0,0,0,44,1,93,22,25,0,22,70,9,0,0,0,0,0,0,0,0,0,0,0,0,0,0,0,0,0,0,0,0,0,0,0,0,0,0,0
127,0,94,9,0,0,0,0,0,0,1,0,0,0,0,0,44,1,78,22,25,0,22,70,30,0,0,0,0,0,0,0,0,0,0,0,0,0,0,0,0,0,0,0,0,0,0,0,0,0,0,0
127,0,94,9,0,0,0,0,0,0,1,0,0,0,0,0,44,1,97,22,25,0,22,70,50,0,0,0,0,0,0,0,0,0,0,0,0,0,0,0,0,0,0,0,0,0,0,0,0,0,0,0
127,0,94,10,0,0,0,0,0,0,1,0,0,0,0,0,44,1,95,22,25,0,22,70,50,0,0,0,0,0,0,0,0,0,0,0,0,0,0,0,0,0,0,0,0,0,0,0,0,0,0,0
127,0,94,10,0,0,0,0,0,0,1,0,0,0,0,0,44,1,81,22,25,0,22,70,50,0,0,0,0,0,0,0,0,0,0,0,0,0,0,0,0,0,0,0,0,0,0,0,0,0,0,0
127,0,94,10,0,0,0,0,0,0,1,0,0,0,0,0,44,1,98,22,25,0,22,70,40,0,0,0,0,0,0,0,0,0,0,0,0,0,0,0,0,0,0,0,0,0,0,0,0,0,0,0
127,0,94,10,0,0,0,0,0,0,1,0,0,0,0,0,44,1,87,22,25,0,22,70,40,0,0,0,0,0,0,0,0,0,0,0,0,0,0,0,0,0,0,0,0,0,0,0,0,0,0,0
127,0,94,9,0,0,0,0,0,0,1,0,0,0,0,0,44,1,98,22,25,0,22,70,40,0,0,0,0,0,0,0,0,0,0,0,0,0,0,0,0,0,0,0,0,0,0,0,0,0,0,0
127,0,94,9,0,0,0,0,0,0,1,0,0,0,0,0,44,1,92,22,24,89,22,70,40,0,0,0,0,0,0,0,0,0,0,0,0,0,0,0,0,0,0,0,0,0,0,0,0,0,0,0
127,0,94,10,0,0,0,0,0,0,1,0,0,0,0,0,44,1,94,22,24,89,22,70,40,0,0,0,0,0,0,0,0,0,0,0,0,0,0,0,0,0,0,0,0,0,0,0,0,0,0,0
127,0,96,10,0,0,0,0,0,0,1,0,0,0,0,0,44,1,88,22,25,0,22,70,59,0,0,0,0,0,0,0,0,0,0,0,0,0,0,0,0,0,0,0,0,0,0,0,0,0,0,0
127,0,94,10,0,0,0,0,0,0,1,0,0,0,0,0,44,1,92,22,25,0,22,70,59,0,0,0,0,0,0,0,0,0,0,0,0,0,0,0,0,0,0,0,0,0,0,0,0,0,0,0
127,0,94,10,0,0,0,0,0,0,1,0,0,0,0,0,44,1,94,22,25,0,22,70,59,0,0,0,0,0,0,0,0,0,0,0,0,0,0,0,0,0,0,0,0,0,0,0,0,0,0,0
127,0,96,10,0,0,0,0,0,0,1,0,0,0,0,0,44,1,81,22,24,89,22,70,50,0,0,0,0,0,0,0,0,0,0,0,0,0,0,0,0,0,0,0,0,0,0,0,0,0,0,0
127,0,96,10,0,0,0,0,0,0,1,0,0,0,0,0,44,1,92,22,25,0,22,70,40,0,0,0,0,0,0,0,0,0,0,0,0,0,0,0,0,0,0,0,0,0,0,0,0,0,0,0
127,0,94,10,0,0,0,0,0,0,1,0,0,0,0,0,44,1,95,22,25,0,22,70,9,0,0,0,0,0,0,0,0,0,0,0,0,0,0,0,0,0,0,0,0,0,0,0,0,0,0,0
127,0,94,9,0,0,0,0,0,0,1,0,0,0,0,0,44,1,88,22,25,0,22,70,9,0,0,0,0,0,0,0,0,0,0,0,0,0,0,0,0,0,0,0,0,0,0,0,0,0,0,0
127,0,94,10,0,0,0,0,0,0,1,0,0,0,0,0,44,1,83,22,24,89,22,70,19,0,0,0,0,0,0,0,0,0,0,0,0,0,0,0,0,0,0,0,0,0,0,0,0,0,0,0
127,0,94,9,0,0,0,0,0,0,1,0,0,0,0,0,44,1,99,22,25,0,22,70,40,0,0,0,0,0,0,0,0,0,0,0,0,0,0,0,0,0,0,0,0,0,0,0,0,0,0,0
127,0,94,10,0,0,0,0,0,0,1,0,0,0,0,0,44,1,95,22,25,0,22,70,50,0,0,0,0,0,0,0,0,0,0,0,0,0,0,0,0,0,0,0,0,0,0,0,0,0,0,0
127,0,94,9,0,0,0,0,0,0,1,0,0,0,0,0,44,1,90,22,24,89,22,70,40,0,0,0,0,0,0,0,0,0,0,0,0,0,0,0,0,0,0,0,0,0,0,0,0,0,0,0
127,0,94,10,0,0,0,0,0,0,1,0,0,0,0,0,44,1,80,22,24,89,22,70,40,0,0,0,0,0,0,0,0,0,0,0,0,0,0,0,0,0,0,0,0,0,0,0,0,0,0,0
127,0,94,9,0,0,0,0,0,0,1,0,0,0,0,0,44,1,88,22,24,89,22,70,30,0,0,0,0,0,0,0,0,0,0,0,0,0,0,0,0,0,0,0,0,0,0,0,0,0,0,0
127,0,94,9,0,0,0,0,0,0,1,0,0,0,0,0,44,1,98,22,25,0,22,70,40,0,0,0,0,0,0,0,0,0,0,0,0,0,0,0,0,0,0,0,0,0,0,0,0,0,0,0
127,0,94,10,0,0,0,0,0,0,1,0,0,0,0,0,44,1,97,22,25,0,22,70,19,0,0,0,0,0,0,0,0,0,0,0,0,0,0,0,0,0,0,0,0,0,0,0,0,0,0,0
127,0,94,9,0,0,0,0,0,0,1,0,0,0,0,0,44,1,94,22,24,89,22,70,19,0,0,0,0,0,0,0,0,0,0,0,0,0,0,0,0,0,0,0,0,0,0,0,0,0,0,0
127,0,94,9,0,0,0,0,0,0,1,0,0,0,0,0,44,1,84,22,25,0,22,70,9,0,0,0,0,0,0,0,0,0,0,0,0,0,0,0,0,0,0,0,0,0,0,0,0,0,0,0
127,0,94,10,0,0,0,0,0,0,1,0,0,0,0,0,44,1,80,22,24,89,22,70,9,0,0,0,0,0,0,0,0,0,0,0,0,0,0,0,0,0,0,0,0,0,0,0,0,0,0,0
127,0,94,9,0,0,0,0,0,0,1,0,0,0,0,0,44,1,83,22,25,0,22,70,30,0,0,0,0,0,0,0,0,0,0,0,0,0,0,0,0,0,0,0,0,0,0,0,0,0,0,0
127,0,94,10,0,0,0,0,0,0,1,0,0,0,0,0,44,1,87,22,24,89,22,70,19,0,0,0,0,0,0,0,0,0,0,0,0,0,0,0,0,0,0,0,0,0,0,0,0,0,0,0
127,0,94,10,0,0,0,0,0,0,1,0,0,0,0,0,44,1,93,22,24,89,22,70,19,0,0,0,0,0,0,0,0,0,0,0,0,0,0,0,0,0,0,0,0,0,0,0,0,0,0,0
127,0,96,9,0,0,0,0,0,0,1,0,0,0,0,0,44,1,100,22,24,89,22,70,40,0,0,0,0,0,0,0,0,0,0,0,0,0,0,0,0,0,0,0,0,0,0,0,0,0,0,0
127,0,96,10,0,0,0,0,0,0,1,0,0,0,0,0,44,1,98,22,24,89,22,70,40,0,0,0,0,0,0,0,0,0,0,0,0,0,0,0,0,0,0,0,0,0,0,0,0,0,0,0
127,0,96,9,0,0,0,0,0,0,1,0,0,0,0,0,44,1,95,22,24,89,22,70,30,0,0,0,0,0,0,0,0,0,0,0,0,0,0,0,0,0,0,0,0,0,0,0,0,0,0,0
127,0,94,9,0,0,0,0,0,0,1,0,0,0,0,0,44,1,92,22,24,89,22,70,19,0,0,0,0,0,0,0,0,0,0,0,0,0,0,0,0,0,0,0,0,0,0,0,0,0,0,0
127,0,94,10,0,0,0,0,0,0,1,0,0,0,0,0,44,1,80,22,25,0,22,70,9,0,0,0,0,0,0,0,0,0,0,0,0,0,0,0,0,0,0,0,0,0,0,0,0,0,0,0
127,0,96,11,0,0,0,0,0,0,1,0,0,0,0,0,44,1,93,22,24,89,22,69,90,0,0,0,0,0,0,0,0,0,0,0,0,0,0,0,0,0,0,0,0,0,0,0,0,0,0,0
127,0,94,9,0,0,0,0,0,0,1,0,0,0,0,0,44,1,101,22,24,89,22,69,80,0,0,0,0,0,0,0,0,0,0,0,0,0,0,0,0,0,0,0,0,0,0,0,0,0,0,0
127,0,96,10,0,0,0,0,0,0,1,0,0,0,0,0,44,1,95,22,24,89,22,69,80,0,0,0,0,0,0,0,0,0,0,0,0,0,0,0,0,0,0,0,0,0,0,0,0,0,0,0
127,0,96,10,0,0,0,0,0,0,1,0,0,0,0,0,44,1,83,22,24,89,22,69,80,0,0,0,0,0,0,0,0,0,0,0,0,0,0,0,0,0,0,0,0,0,0,0,0,0,0,0
127,0,96,10,0,0,0,0,0,0,1,0,0,0,0,0,44,1,92,22,24,89,22,70,0,0,0,0,0,0,0,0,0,0,0,0,0,0,0,0,0,0,0,0,0,0,0,0,0,0,0,0
127,0,96,10,0,0,0,0,0,0,1,0,0,0,0,0,44,1,101,22,24,89,22,70,0,0,0,0,0,0,0,0,0,0,0,0,0,0,0,0,0,0,0,0,0,0,0,0,0,0,0,0
127,0,96,10,0,0,0,0,0,0,1,0,0,0,0,0,44,1,99,22,24,89,22,70,9,0,0,0,0,0,0,0,0,0,0,0,0,0,0,0,0,0,0,0,0,0,0,0,0,0,0,0
127,0,96,10,0,0,0,0,0,0,1,0,0,0,0,0,44,1,94,22,24,89,22,70,9,0,0,0,0,0,0,0,0,0,0,0,0,0,0,0,0,0,0,0,0,0,0,0,0,0,0,0
127,0,94,10,0,0,0,0,0,0,1,0,0,0,0,0,44,1,86,22,24,89,22,70,19,0,0,0,0,0,0,0,0,0,0,0,0,0,0,0,0,0,0,0,0,0,0,0,0,0,0,0
127,0,96,10,0,0,0,0,0,0,1,0,0,0,0,0,44,1,85,22,24,89,22,70,19,0,0,0,0,0,0,0,0,0,0,0,0,0,0,0,0,0,0,0,0,0,0,0,0,0,0,0
127,0,94,9,0,0,0,0,0,0,1,0,0,0,0,0,44,1,94,22,24,89,22,70,9,0,0,0,0,0,0,0,0,0,0,0,0,0,0,0,0,0,0,0,0,0,0,0,0,0,0,0
127,0,96,10,0,0,0,0,0,0,1,0,0,0,0,0,44,1,101,22,24,89,22,69,90,0,0,0,0,0,0,0,0,0,0,0,0,0,0,0,0,0,0,0,0,0,0,0,0,0,0,0
127,0,96,10,0,0,0,0,0,0,1,0,0,0,0,0,44,1,99,22,24,89,22,69,80,0,0,0,0,0,0,0,0,0,0,0,0,0,0,0,0,0,0,0,0,0,0,0,0,0,0,0
127,0,96,10,0,0,0,0,0,0,1,0,0,0,0,0,44,1,94,22,24,79,22,69,90,0,0,0,0,0,0,0,0,0,0,0,0,0,0,0,0,0,0,0,0,0,0,0,0,0,0,0
127,0,96,10,0,0,0,0,0,0,1,0,0,0,0,0,44,1,83,22,24,79,22,70,0,0,0,0,0,0,0,0,0,0,0,0,0,0,0,0,0,0,0,0,0,0,0,0,0,0,0,0
127,0,94,9,0,0,0,0,0,0,1,0,0,0,0,0,44,1,88,22,24,89,22,70,30,0,0,0,0,0,0,0,0,0,0,0,0,0,0,0,0,0,0,0,0,0,0,0,0,0,0,0
127,0,94,10,0,0,0,0,0,0,1,0,0,0,0,0,44,1,101,22,24,79,22,70,19,0,0,0,0,0,0,0,0,0,0,0,0,0,0,0,0,0,0,0,0,0,0,0,0,0,0,0
127,0,96,10,0,0,0,0,0,0,1,0,0,0,0,0,44,1,97,22,24,89,22,70,40,0,0,0,0,0,0,0,0,0,0,0,0,0,0,0,0,0,0,0,0,0,0,0,0,0,0,0
127,0,96,10,0,0,0,0,0,0,1,0,0,0,0,0,44,1,88,22,24,79,22,70,30,0,0,0,0,0,0,0,0,0,0,0,0,0,0,0,0,0,0,0,0,0,0,0,0,0,0,0
127,0,96,12,0,0,0,0,0,0,1,0,0,0,0,0,44,1,89,22,24,79,22,70,40,0,0,0,0,0,0,0,0,0,0,0,0,0,0,0,0,0,0,0,0,0,0,0,0,0,0,0
127,0,96,10,0,0,0,0,0,0,1,0,0,0,0,0,44,1,104,22,24,79,22,70,40,0,0,0,0,0,0,0,0,0,0,0,0,0,0,0,0,0,0,0,0,0,0,0,0,0,0,0
127,0,96,10,0,0,0,0,0,0,1,0,0,0,0,0,44,1,100,22,24,79,22,70,40,0,0,0,0,0,0,0,0,0,0,0,0,0,0,0,0,0,0,0,0,0,0,0,0,0,0,0
127,0,94,10,0,0,0,0,0,0,1,0,0,0,0,0,44,1,94,22,24,79,22,70,40,0,0,0,0,0,0,0,0,0,0,0,0,0,0,0,0,0,0,0,0,0,0,0,0,0,0,0
127,0,96,10,0,0,0,0,0,0,1,0,0,0,0,0,44,1,83,22,24,79,22,70,40,0,0,0,0,0,0,0,0,0,0,0,0,0,0,0,0,0,0,0,0,0,0,0,0,0,0,0
127,0,94,10,0,0,0,0,0,0,1,0,0,0,0,0,44,1,93,22,24,79,22,70,40,0,0,0,0,0,0,0,0,0,0,0,0,0,0,0,0,0,0,0,0,0,0,0,0,0,0,0
127,0,96,10,0,0,0,0,0,0,1,0,0,0,0,0,44,1,104,22,24,79,22,70,50,0,0,0,0,0,0,0,0,0,0,0,0,0,0,0,0,0,0,0,0,0,0,0,0,0,0,0
127,0,96,10,0,0,0,0,0,0,1,0,0,0,0,0,44,1,101,22,24,79,22,70,40,0,0,0,0,0,0,0,0,0,0,0,0,0,0,0,0,0,0,0,0,0,0,0,0,0,0,0
127,0,96,10,0,0,0,0,0,0,1,0,0,0,0,0,44,1,99,22,24,79,22,70,40,0,0,0,0,0,0,0,0,0,0,0,0,0,0,0,0,0,0,0,0,0,0,0,0,0,0,0
127,0,96,10,0,0,0,0,0,0,1,0,0,0,0,0,44,1,94,22,24,79,22,70,59,0,0,0,0,0,0,0,0,0,0,0,0,0,0,0,0,0,0,0,0,0,0,0,0,0,0,0
127,0,96,10,0,0,0,0,0,0,1,0,0,0,0,0,44,1,83,22,24,79,22,70,59,0,0,0,0,0,0,0,0,0,0,0,0,0,0,0,0,0,0,0,0,0,0,0,0,0,0,0
127,0,96,10,0,0,0,0,0,0,1,0,0,0,0,0,44,1,90,22,24,79,22,70,59,0,0,0,0,0,0,0,0,0,0,0,0,0,0,0,0,0,0,0,0,0,0,0,0,0,0,0
127,0,96,10,0,0,0,0,0,0,1,0,0,0,0,0,44,1,104,22,24,79,22,70,59,0,0,0,0,0,0,0,0,0,0,0,0,0,0,0,0,0,0,0,0,0,0,0,0,0,0,0
127,0,96,10,0,0,0,0,0,0,1,0,0,0,0,0,44,1,98,22,24,79,22,70,30,0,0,0,0,0,0,0,0,0,0,0,0,0,0,0,0,0,0,0,0,0,0,0,0,0,0,0
127,0,96,10,0,0,0,0,0,0,1,0,0,0,0,0,44,1,84,22,24,79,22,70,30,0,0,0,0,0,0,0,0,0,0,0,0,0,0,0,0,0,0,0,0,0,0,0,0,0,0,0
127,0,96,10,0,0,0,0,0,0,1,0,0,0,0,0,44,1,101,22,24,79,22,70,19,0,0,0,0,0,0,0,0,0,0,0,0,0,0,0,0,0,0,0,0,0,0,0,0,0,0,0
127,0,96,10,0,0,0,0,0,0,1,0,0,0,0,0,44,1,95,22,24,79,22,70,19,0,0,0,0,0,0,0,0,0,0,0,0,0,0,0,0,0,0,0,0,0,0,0,0,0,0,0
127,0,96,10,0,0,0,0,0,0,1,0,0,0,0,0,44,1,93,22,24,79,22,70,30,0,0,0,0,0,0,0,0,0,0,0,0,0,0,0,0,0,0,0,0,0,0,0,0,0,0,0
127,0,96,10,0,0,0,0,0,0,1,0,0,0,0,0,44,1,97,22,24,79,22,70,40,0,0,0,0,0,0,0,0,0,0,0,0,0,0,0,0,0,0,0,0,0,0,0,0,0,0,0
127,0,94,9,0,0,0,0,0,0,1,0,0,0,0,0,44,1,93,22,24,79,22,70,59,0,0,0,0,0,0,0,0,0,0,0,0,0,0,0,0,0,0,0,0,0,0,0,0,0,0,0
127,0,96,10,0,0,0,0,0,0,1,0,0,0,0,0,44,1,97,22,24,79,22,70,69,0,0,0,0,0,0,0,0,0,0,0,0,0,0,0,0,0,0,0,0,0,0,0,0,0,0,0
127,0,96,10,0,0,0,0,0,0,1,0,0,0,0,0,44,1,90,22,24,79,22,70,69,0,0,0,0,0,0,0,0,0,0,0,0,0,0,0,0,0,0,0,0,0,0,0,0,0,0,0
127,0,96,10,0,0,0,0,0,0,1,0,0,0,0,0,44,1,85,22,24,79,22,70,50,0,0,0,0,0,0,0,0,0,0,0,0,0,0,0,0,0,0,0,0,0,0,0,0,0,0,0
127,0,96,10,0,0,0,0,0,0,1,0,0,0,0,0,44,1,99,22,24,79,22,70,30,0,0,0,0,0,0,0,0,0,0,0,0,0,0,0,0,0,0,0,0,0,0,0,0,0,0,0
127,0,96,10,0,0,0,0,0,0,1,0,0,0,0,0,44,1,88,22,24,79,22,70,30,0,0,0,0,0,0,0,0,0,0,0,0,0,0,0,0,0,0,0,0,0,0,0,0,0,0,0
127,0,96,10,0,0,0,0,0,0,1,0,0,0,0,0,44,1,97,22,24,79,22,70,40,0,0,0,0,0,0,0,0,0,0,0,0,0,0,0,0,0,0,0,0,0,0,0,0,0,0,0
127,0,96,10,0,0,0,0,0,0,1,0,0,0,0,0,44,1,98,22,24,79,22,70,50,0,0,0,0,0,0,0,0,0,0,0,0,0,0,0,0,0,0,0,0,0,0,0,0,0,0,0
127,0,96,10,0,0,0,0,0,0,1,0,0,0,0,0,44,1,87,22,24,79,22,70,69,0,0,0,0,0,0,0,0,0,0,0,0,0,0,0,0,0,0,0,0,0,0,0,0,0,0,0
127,0,96,10,0,0,0,0,0,0,1,0,0,0,0,0,44,1,89,22,24,70,22,70,69,0,0,0,0,0,0,0,0,0,0,0,0,0,0,0,0,0,0,0,0,0,0,0,0,0,0,0
127,0,96,10,0,0,0,0,0,0,1,0,0,0,0,0,44,1,101,22,24,79,22,70,90,0,0,0,0,0,0,0,0,0,0,0,0,0,0,0,0,0,0,0,0,0,0,0,0,0,0,0
127,0,96,10,0,0,0,0,0,0,1,0,0,0,0,0,44,1,100,22,24,79,22,70,90,0,0,0,0,0,0,0,0,0,0,0,0,0,0,0,0,0,0,0,0,0,0,0,0,0,0,0
127,0,96,10,0,0,0,0,0,0,1,0,0,0,0,0,44,1,99,22,24,79,22,71,0,0,0,0,0,0,0,0,0,0,0,0,0,0,0,0,0,0,0,0,0,0,0,0,0,0,0,0
127,0,96,10,0,0,0,0,0,0,1,0,0,0,0,0,44,1,93,22,24,70,22,70,80,0,0,0,0,0,0,0,0,0,0,0,0,0,0,0,0,0,0,0,0,0,0,0,0,0,0,0
127,0,94,10,0,0,0,0,0,0,1,0,0,0,0,0,44,1,86,22,24,79,22,70,90,0,0,0,0,0,0,0,0,0,0,0,0,0,0,0,0,0,0,0,0,0,0,0,0,0,0,0
127,0,96,10,0,0,0,0,0,0,1,0,0,0,0,0,44,1,83,22,24,79,22,70,80,0,0,0,0,0,0,0,0,0,0,0,0,0,0,0,0,0,0,0,0,0,0,0,0,0,0,0
127,0,96,9,0,0,0,0,0,0,1,0,0,0,0,0,44,1,87,22,24,79,22,70,59,0,0,0,0,0,0,0,0,0,0,0,0,0,0,0,0,0,0,0,0,0,0,0,0,0,0,0
127,0,96,9,0,0,0,0,0,0,1,0,0,0,0,0,44,1,95,22,24,79,22,70,59,0,0,0,0,0,0,0,0,0,0,0,0,0,0,0,0,0,0,0,0,0,0,0,0,0,0,0
127,0,94,10,0,0,0,0,0,0,1,0,0,0,0,0,44,1,101,22,24,79,22,70,59,0,0,0,0,0,0,0,0,0,0,0,0,0,0,0,0,0,0,0,0,0,0,0,0,0,0,0
127,0,96,10,0,0,0,0,0,0,1,0,0,0,0,0,44,1,101,22,24,70,22,70,40,0,0,0,0,0,0,0,0,0,0,0,0,0,0,0,0,0,0,0,0,0,0,0,0,0,0,0
127,0,96,9,0,0,0,0,0,0,1,0,0,0,0,0,44,1,100,22,24,70,22,70,50,0,0,0,0,0,0,0,0,0,0,0,0,0,0,0,0,0,0,0,0,0,0,0,0,0,0,0
127,0,96,10,0,0,0,0,0,0,1,0,0,0,0,0,44,1,99,22,24,79,22,70,59,0,0,0,0,0,0,0,0,0,0,0,0,0,0,0,0,0,0,0,0,0,0,0,0,0,0,0
127,0,96,9,0,0,0,0,0,0,1,0,0,0,0,0,44,1,97,22,24,70,22,70,40,0,0,0,0,0,0,0,0,0,0,0,0,0,0,0,0,0,0,0,0,0,0,0,0,0,0,0
127,0,96,9,0,0,0,0,0,0,1,0,0,0,0,0,44,1,93,22,24,70,22,70,19,0,0,0,0,0,0,0,0,0,0,0,0,0,0,0,0,0,0,0,0,0,0,0,0,0,0,0
127,0,96,10,0,0,0,0,0,0,1,0,0,0,0,0,44,1,82,22,24,70,22,70,0,0,0,0,0,0,0,0,0,0,0,0,0,0,0,0,0,0,0,0,0,0,0,0,0,0,0,0
127,0,96,11,0,0,0,0,0,0,1,0,0,0,0,0,44,1,93,22,24,70,22,69,80,0,0,0,0,0,0,0,0,0,0,0,0,0,0,0,0,0,0,0,0,0,0,0,0,0,0,0
127,0,96,10,0,0,0,0,0,0,1,0,0,0,0,0,44,1,100,22,24,70,22,69,80,0,0,0,0,0,0,0,0,0,0,0,0,0,0,0,0,0,0,0,0,0,0,0,0,0,0,0
127,0,96,10,0,0,0,0,0,0,1,0,0,0,0,0,44,1,97,22,24,70,22,69,80,0,0,0,0,0,0,0,0,0,0,0,0,0,0,0,0,0,0,0,0,0,0,0,0,0,0,0
127,0,96,10,0,0,0,0,0,0,1,0,0,0,0,0,44,1,83,22,24,70,22,69,90,0,0,0,0,0,0,0,0,0,0,0,0,0,0,0,0,0,0,0,0,0,0,0,0,0,0,0
127,0,96,10,0,0,0,0,0,0,1,0,0,0,0,0,44,1,90,22,24,70,22,70,0,0,0,0,0,0,0,0,0,0,0,0,0,0,0,0,0,0,0,0,0,0,0,0,0,0,0,0
127,0,96,9,0,0,0,0,0,0,1,0,0,0,0,0,44,1,101,22,24,70,22,70,19,0,0,0,0,0,0,0,0,0,0,0,0,0,0,0,0,0,0,0,0,0,0,0,0,0,0,0
127,0,96,10,0,0,0,0,0,0,1,0,0,0,0,0,44,1,98,22,24,60,22,70,30,0,0,0,0,0,0,0,0,0,0,0,0,0,0,0,0,0,0,0,0,0,0,0,0,0,0,0
127,0,96,9,0,0,0,0,0,0,1,0,0,0,0,0,44,1,94,22,24,60,22,70,40,0,0,0,0,0,0,0,0,0,0,0,0,0,0,0,0,0,0,0,0,0,0,0,0,0,0,0
127,0,96,10,0,0,0,0,0,0,1,0,0,0,0,0,44,1,81,22,24,70,22,70,59,0,0,0,0,0,0,0,0,0,0,0,0,0,0,0,0,0,0,0,0,0,0,0,0,0,0,0
127,0,96,10,0,0,0,0,0,0,1,0,0,0,0,0,44,1,92,22,24,60,22,70,50,0,0,0,0,0,0,0,0,0,0,0,0,0,0,0,0,0,0,0,0,0,0,0,0,0,0,0
127,0,96,10,0,0,0,0,0,0,1,0,0,0,0,0,44,1,101,22,24,60,22,70,40,0,0,0,0,0,0,0,0,0,0,0,0,0,0,0,0,0,0,0,0,0,0,0,0,0,0,0
127,0,96,10,0,0,0,0,0,0,1,0,0,0,0,0,44,1,98,22,24,60,22,70,30,0,0,0,0,0,0,0,0,0,0,0,0,0,0,0,0,0,0,0,0,0,0,0,0,0,0,0
127,0,96,10,0,0,0,0,0,0,1,0,0,0,0,0,44,1,93,22,24,60,22,70,40,0,0,0,0,0,0,0,0,0,0,0,0,0,0,0,0,0,0,0,0,0,0,0,0,0,0,0
127,0,94,10,0,0,0,0,0,0,1,0,0,0,0,0,44,1,84,22,24,60,22,70,30,0,0,0,0,0,0,0,0,0,0,0,0,0,0,0,0,0,0,0,0,0,0,0,0,0,0,0
127,0,96,10,0,0,0,0,0,0,1,0,0,0,0,0,44,1,99,22,24,60,22,70,40,0,0,0,0,0,0,0,0,0,0,0,0,0,0,0,0,0,0,0,0,0,0,0,0,0,0,0
127,0,96,10,0,0,0,0,0,0,1,0,0,0,0,0,44,1,98,22,24,60,22,70,50,0,0,0,0,0,0,0,0,0,0,0,0,0,0,0,0,0,0,0,0,0,0,0,0,0,0,0
127,0,94,10,0,0,0,0,0,0,1,0,0,0,0,0,44,1,83,22,24,60,22,70,59,0,0,0,0,0,0,0,0,0,0,0,0,0,0,0,0,0,0,0,0,0,0,0,0,0,0,0
127,0,94,10,0,0,0,0,0,0,1,0,0,0,0,0,44,1,98,22,24,60,22,70,59,0,0,0,0,0,0,0,0,0,0,0,0,0,0,0,0,0,0,0,0,0,0,0,0,0,0,0
127,0,96,10,0,0,0,0,0,0,1,0,0,0,0,0,44,1,99,22,24,60,22,70,69,0,0,0,0,0,0,0,0,0,0,0,0,0,0,0,0,0,0,0,0,0,0,0,0,0,0,0
127,0,96,10,0,0,0,0,0,0,1,0,0,0,0,0,44,1,93,22,24,60,22,70,80,0,0,0,0,0,0,0,0,0,0,0,0,0,0,0,0,0,0,0,0,0,0,0,0,0,0,0
127,0,96,10,0,0,0,0,0,0,1,0,0,0,0,0,44,1,84,22,24,60,22,70,80,0,0,0,0,0,0,0,0,0,0,0,0,0,0,0,0,0,0,0,0,0,0,0,0,0,0,0
127,0,96,10,0,0,0,0,0,0,1,0,0,0,0,0,44,1,98,22,24,60,22,70,80,0,0,0,0,0,0,0,0,0,0,0,0,0,0,0,0,0,0,0,0,0,0,0,0,0,0,0
127,0,96,11,0,0,0,0,0,0,1,0,0,0,0,0,44,1,100,22,24,60,22,70,69,0,0,0,0,0,0,0,0,0,0,0,0,0,0,0,0,0,0,0,0,0,0,0,0,0,0,0
127,0,94,10,0,0,0,0,0,0,1,0,0,0,0,0,44,1,97,22,24,60,22,70,59,0,0,0,0,0,0,0,0,0,0,0,0,0,0,0,0,0,0,0,0,0,0,0,0,0,0,0
127,0,96,10,0,0,0,0,0,0,1,0,0,0,0,0,44,1,93,22,24,60,22,70,59,0,0,0,0,0,0,0,0,0,0,0,0,0,0,0,0,0,0,0,0,0,0,0,0,0,0,0
127,0,94,9,0,0,0,0,0,0,1,0,0,0,0,0,44,1,81,22,24,60,22,70,69,0,0,0,0,0,0,0,0,0,0,0,0,0,0,0,0,0,0,0,0,0,0,0,0,0,0,0
127,0,96,10,0,0,0,0,0,0,1,0,0,0,0,0,44,1,88,22,24,60,22,70,69,0,0,0,0,0,0,0,0,0,0,0,0,0,0,0,0,0,0,0,0,0,0,0,0,0,0,0
127,0,96,11,0,0,0,0,0,0,1,0,0,0,0,0,44,1,94,22,24,60,22,70,80,0,0,0,0,0,0,0,0,0,0,0,0,0,0,0,0,0,0,0,0,0,0,0,0,0,0,0
127,0,96,10,0,0,0,0,0,0,1,0,0,0,0,0,44,1,98,22,24,60,22,70,90,0,0,0,0,0,0,0,0,0,0,0,0,0,0,0,0,0,0,0,0,0,0,0,0,0,0,0
127,0,96,10,0,0,0,0,0,0,1,0,0,0,0,0,44,1,100,22,24,60,22,70,90,0,0,0,0,0,0,0,0,0,0,0,0,0,0,0,0,0,0,0,0,0,0,0,0,0,0,0
127,0,96,10,0,0,0,0,0,0,1,0,0,0,0,0,44,1,101,22,24,60,22,71,0,0,0,0,0,0,0,0,0,0,0,0,0,0,0,0,0,0,0,0,0,0,0,0,0,0,0,0
127,0,96,10,0,0,0,0,0,0,1,0,0,0,0,0,44,1,101,22,24,60,22,71,0,0,0,0,0,0,0,0,0,0,0,0,0,0,0,0,0,0,0,0,0,0,0,0,0,0,0,0
127,0,96,10,0,0,0,0,0,0,1,0,0,0,0,0,44,1,100,22,24,60,22,71,0,0,0,0,0,0,0,0,0,0,0,0,0,0,0,0,0,0,0,0,0,0,0,0,0,0,0,0
127,0,94,10,0,0,0,0,0,0,1,0,0,0,0,0,44,1,98,22,24,60,22,70,80,0,0,0,0,0,0,0,0,0,0,0,0,0,0,0,0,0,0,0,0,0,0,0,0,0,0,0
127,0,96,10,0,0,0,0,0,0,1,0,0,0,0,0,44,1,94,22,24,60,22,70,90,0,0,0,0,0,0,0,0,0,0,0,0,0,0,0,0,0,0,0,0,0,0,0,0,0,0,0
127,0,96,10,0,0,0,0,0,0,1,0,0,0,0,0,44,1,82,22,24,60,22,71,0,0,0,0,0,0,0,0,0,0,0,0,0,0,0,0,0,0,0,0,0,0,0,0,0,0,0,0
127,0,94,10,0,0,0,0,0,0,1,0,0,0,0,0,44,1,94,22,24,60,22,71,9,0,0,0,0,0,0,0,0,0,0,0,0,0,0,0,0,0,0,0,0,0,0,0,0,0,0,0
127,0,96,10,0,0,0,0,0,0,1,0,0,0,0,0,44,1,100,22,24,60,22,71,19,0,0,0,0,0,0,0,0,0,0,0,0,0,0,0,0,0,0,0,0,0,0,0,0,0,0,0
127,0,96,10,0,0,0,0,0,0,1,0,0,0,0,0,44,1,94,22,24,60,22,71,19,0,0,0,0,0,0,0,0,0,0,0,0,0,0,0,0,0,0,0,0,0,0,0,0,0,0,0
127,0,96,10,0,0,0,0,0,0,1,0,0,0,0,0,44,1,84,22,24,60,22,71,19,0,0,0,0,0,0,0,0,0,0,0,0,0,0,0,0,0,0,0,0,0,0,0,0,0,0,0
127,0,96,10,0,0,0,0,0,0,1,0,0,0,0,0,44,1,100,22,24,60,22,71,19,0,0,0,0,0,0,0,0,0,0,0,0,0,0,0,0,0,0,0,0,0,0,0,0,0,0,0
127,0,96,9,0,0,0,0,0,0,1,0,0,0,0,0,44,1,99,22,24,60,22,71,9,0,0,0,0,0,0,0,0,0,0,0,0,0,0,0,0,0,0,0,0,0,0,0,0,0,0,0
127,0,96,10,0,0,0,0,0,0,1,0,0,0,0,0,44,1,98,22,24,60,22,71,0,0,0,0,0,0,0,0,0,0,0,0,0,0,0,0,0,0,0,0,0,0,0,0,0,0,0,0
127,0,96,10,0,0,0,0,0,0,1,0,0,0,0,0,44,1,97,22,24,60,22,70,90,0,0,0,0,0,0,0,0,0,0,0,0,0,0,0,0,0,0,0,0,0,0,0,0,0,0,0
127,0,96,10,0,0,0,0,0,0,1,0,0,0,0,0,44,1,97,22,24,60,22,70,80,0,0,0,0,0,0,0,0,0,0,0,0,0,0,0,0,0,0,0,0,0,0,0,0,0,0,0
127,0,96,10,0,0,0,0,0,0,1,0,0,0,0,0,44,1,98,22,24,60,22,70,90,0,0,0,0,0,0,0,0,0,0,0,0,0,0,0,0,0,0,0,0,0,0,0,0,0,0,0
127,0,96,10,0,0,0,0,0,0,1,0,0,0,0,0,44,1,98,22,24,60,22,71,9,0,0,0,0,0,0,0,0,0,0,0,0,0,0,0,0,0,0,0,0,0,0,0,0,0,0,0
127,0,96,10,0,0,0,0,0,0,1,0,0,0,0,0,44,1,99,22,24,60,22,71,19,0,0,0,0,0,0,0,0,0,0,0,0,0,0,0,0,0,0,0,0,0,0,0,0,0,0,0
127,0,96,11,0,0,0,0,0,0,1,0,0,0,0,0,44,1,98,22,24,60,22,71,30,0,0,0,0,0,0,0,0,0,0,0,0,0,0,0,0,0,0,0,0,0,0,0,0,0,0,0
127,0,94,10,0,0,0,0,0,0,1,0,0,0,0,0,44,1,98,22,24,50,22,71,30,0,0,0,0,0,0,0,0,0,0,0,0,0,0,0,0,0,0,0,0,0,0,0,0,0,0,0
127,0,96,9,0,0,0,0,0,0,1,0,0,0,0,0,44,1,97,22,24,60,22,71,50,0,0,0,0,0,0,0,0,0,0,0,0,0,0,0,0,0,0,0,0,0,0,0,0,0,0,0
127,0,96,10,0,0,0,0,0,0,1,0,0,0,0,0,44,1,93,22,24,60,22,71,50,0,0,0,0,0,0,0,0,0,0,0,0,0,0,0,0,0,0,0,0,0,0,0,0,0,0,0
127,0,96,10,0,0,0,0,0,0,1,0,0,0,0,0,44,1,85,22,24,50,22,71,40,0,0,0,0,0,0,0,0,0,0,0,0,0,0,0,0,0,0,0,0,0,0,0,0,0,0,0
127,0,96,10,0,0,0,0,0,0,1,0,0,0,0,0,44,1,86,22,24,60,22,71,30,0,0,0,0,0,0,0,0,0,0,0,0,0,0,0,0,0,0,0,0,0,0,0,0,0,0,0
127,0,96,10,0,0,0,0,0,0,1,0,0,0,0,0,44,1,99,22,24,60,22,71,9,0,0,0,0,0,0,0,0,0,0,0,0,0,0,0,0,0,0,0,0,0,0,0,0,0,0,0
127,0,96,10,0,0,0,0,0,0,1,0,0,0,0,0,44,1,100,22,24,60,22,71,0,0,0,0,0,0,0,0,0,0,0,0,0,0,0,0,0,0,0,0,0,0,0,0,0,0,0,0
127,0,96,11,0,0,0,0,0,0,1,0,0,0,0,0,44,1,97,22,24,60,22,71,0,0,0,0,0,0,0,0,0,0,0,0,0,0,0,0,0,0,0,0,0,0,0,0,0,0,0,0
127,0,96,10,0,0,0,0,0,0,1,0,0,0,0,0,44,1,90,22,24,60,22,71,0,0,0,0,0,0,0,0,0,0,0,0,0,0,0,0,0,0,0,0,0,0,0,0,0,0,0,0
127,0,96,10,0,0,0,0,0,0,1,0,0,0,0,0,44,1,84,22,24,60,22,71,0,0,0,0,0,0,0,0,0,0,0,0,0,0,0,0,0,0,0,0,0,0,0,0,0,0,0,0
127,0,96,10,0,0,0,0,0,0,1,0,0,0,0,0,44,1,95,22,24,60,22,71,19,0,0,0,0,0,0,0,0,0,0,0,0,0,0,0,0,0,0,0,0,0,0,0,0,0,0,0
127,0,96,10,0,0,0,0,0,0,1,0,0,0,0,0,44,1,100,22,24,50,22,71,9,0,0,0,0,0,0,0,0,0,0,0,0,0,0,0,0,0,0,0,0,0,0,0,0,0,0,0
127,0,96,10,0,0,0,0,0,0,1,0,0,0,0,0,44,1,97,22,24,60,22,71,30,0,0,0,0,0,0,0,0,0,0,0,0,0,0,0,0,0,0,0,0,0,0,0,0,0,0,0
127,0,96,10,0,0,0,0,0,0,1,0,0,0,0,0,44,1,89,22,24,50,22,71,19,0,0,0,0,0,0,0,0,0,0,0,0,0,0,0,0,0,0,0,0,0,0,0,0,0,0,0
127,0,96,10,0,0,0,0,0,0,1,0,0,0,0,0,44,1,85,22,24,60,22,71,30,0,0,0,0,0,0,0,0,0,0,0,0,0,0,0,0,0,0,0,0,0,0,0,0,0,0,0
127,0,96,10,0,0,0,0,0,0,1,0,0,0,0,0,44,1,94,22,24,50,22,71,9,0,0,0,0,0,0,0,0,0,0,0,0,0,0,0,0,0,0,0,0,0,0,0,0,0,0,0
127,0,96,10,0,0,0,0,0,0,1,0,0,0,0,0,44,1,99,22,24,60,22,71,19,0,0,0,0,0,0,0,0,0,0,0,0,0,0,0,0,0,0,0,0,0,0,0,0,0,0,0
127,0,96,10,0,0,0,0,0,0,1,0,0,0,0,0,44,1,101,22,24,60,22,71,9,0,0,0,0,0,0,0,0,0,0,0,0,0,0,0,0,0,0,0,0,0,0,0,0,0,0,0
127,0,96,10,0,0,0,0,0,0,1,0,0,0,0,0,44,1,100,22,24,50,22,71,0,0,0,0,0,0,0,0,0,0,0,0,0,0,0,0,0,0,0,0,0,0,0,0,0,0,0,0
127,0,96,10,0,0,0,0,0,0,1,0,0,0,0,0,44,1,100,22,24,60,22,71,9,0,0,0,0,0,0,0,0,0,0,0,0,0,0,0,0,0,0,0,0,0,0,0,0,0,0,0
127,0,94,9,0,0,0,0,0,0,1,0,0,0,0,0,44,1,99,22,24,60,22,71,19,0,0,0,0,0,0,0,0,0,0,0,0,0,0,0,0,0,0,0,0,0,0,0,0,0,0,0
127,0,96,10,0,0,0,0,0,0,1,0,0,0,0,0,44,1,97,22,24,50,22,71,30,0,0,0,0,0,0,0,0,0,0,0,0,0,0,0,0,0,0,0,0,0,0,0,0,0,0,0
127,0,94,10,0,0,0,0,0,0,1,0,0,0,0,0,44,1,93,22,24,50,22,71,50,0,0,0,0,0,0,0,0,0,0,0,0,0,0,0,0,0,0,0,0,0,0,0,0,0,0,0
127,0,96,10,0,0,0,0,0,0,1,0,0,0,0,0,44,1,88,22,24,50,22,71,59,0,0,0,0,0,0,0,0,0,0,0,0,0,0,0,0,0,0,0,0,0,0,0,0,0,0,0
127,0,94,10,0,0,0,0,0,0,1,0,0,0,0,0,44,1,82,22,24,50,22,71,69,0,0,0,0,0,0,0,0,0,0,0,0,0,0,0,0,0,0,0,0,0,0,0,0,0,0,0
127,0,96,10,0,0,0,0,0,0,1,0,0,0,0,0,44,1,87,22,24,50,22,71,80,0,0,0,0,0,0,0,0,0,0,0,0,0,0,0,0,0,0,0,0,0,0,0,0,0,0,0
127,0,96,10,0,0,0,0,0,0,1,0,0,0,0,0,44,1,94,22,24,50,22,71,19,0,0,0,0,0,0,0,0,0,0,0,0,0,0,0,0,0,0,0,0,0,0,0,0,0,0,0
127,0,96,10,0,0,0,0,0,0,1,0,0,0,0,0,44,1,101,22,24,60,22,71,0,0,0,0,0,0,0,0,0,0,0,0,0,0,0,0,0,0,0,0,0,0,0,0,0,0,0,0
127,0,96,10,0,0,0,0,0,0,1,0,0,0,0,0,44,1,101,22,24,50,22,71,0,0,0,0,0,0,0,0,0,0,0,0,0,0,0,0,0,0,0,0,0,0,0,0,0,0,0,0
127,0,94,10,0,0,0,0,0,0,1,0,0,0,0,0,44,1,100,22,24,50,22,71,9,0,0,0,0,0,0,0,0,0,0,0,0,0,0,0,0,0,0,0,0,0,0,0,0,0,0,0
127,0,96,10,0,0,0,0,0,0,1,0,0,0,0,0,44,1,100,22,24,50,22,71,40,0,0,0,0,0,0,0,0,0,0,0,0,0,0,0,0,0,0,0,0,0,0,0,0,0,0,0
127,0,96,10,0,0,0,0,0,0,1,0,0,0,0,0,44,1,99,22,24,50,22,71,59,0,0,0,0,0,0,0,0,0,0,0,0,0,0,0,0,0,0,0,0,0,0,0,0,0,0,0
127,0,96,11,0,0,0,0,0,0,1,0,0,0,0,0,44,1,98,22,24,50,22,71,69,0,0,0,0,0,0,0,0,0,0,0,0,0,0,0,0,0,0,0,0,0,0,0,0,0,0,0
127,0,96,10,0,0,0,0,0,0,1,0,0,0,0,0,44,1,98,22,24,50,22,71,80,0,0,0,0,0,0,0,0,0,0,0,0,0,0,0,0,0,0,0,0,0,0,0,0,0,0,0
127,0,96,10,0,0,0,0,0,0,1,0,0,0,0,0,44,1,98,22,24,50,22,71,80,0,0,0,0,0,0,0,0,0,0,0,0,0,0,0,0,0,0,0,0,0,0,0,0,0,0,0
127,0,96,10,0,0,0,0,0,0,1,0,0,0,0,0,44,1,99,22,24,50,22,72,0,0,0,0,0,0,0,0,0,0,0,0,0,0,0,0,0,0,0,0,0,0,0,0,0,0,0,0
127,0,96,10,0,0,0,0,0,0,1,0,0,0,0,0,44,1,99,22,24,50,22,72,0,0,0,0,0,0,0,0,0,0,0,0,0,0,0,0,0,0,0,0,0,0,0,0,0,0,0,0
127,0,96,10,0,0,0,0,0,0,1,0,0,0,0,0,44,1,99,22,24,50,22,71,90,0,0,0,0,0,0,0,0,0,0,0,0,0,0,0,0,0,0,0,0,0,0,0,0,0,0,0
127,0,96,10,0,0,0,0,0,0,1,0,0,0,0,0,44,1,99,22,24,50,22,71,80,0,0,0,0,0,0,0,0,0,0,0,0,0,0,0,0,0,0,0,0,0,0,0,0,0,0,0
127,0,96,10,0,0,0,0,0,0,1,0,0,0,0,0,44,1,98,22,24,50,22,71,69,0,0,0,0,0,0,0,0,0,0,0,0,0,0,0,0,0,0,0,0,0,0,0,0,0,0,0
127,0,94,10,0,0,0,0,0,0,1,0,0,0,0,0,44,1,97,22,24,50,22,71,59,0,0,0,0,0,0,0,0,0,0,0,0,0,0,0,0,0,0,0,0,0,0,0,0,0,0,0
127,0,96,10,0,0,0,0,0,0,1,0,0,0,0,0,44,1,93,22,24,50,22,71,59,0,0,0,0,0,0,0,0,0,0,0,0,0,0,0,0,0,0,0,0,0,0,0,0,0,0,0
127,0,96,10,0,0,0,0,0,0,1,0,0,0,0,0,44,1,85,22,24,50,22,71,69,0,0,0,0,0,0,0,0,0,0,0,0,0,0,0,0,0,0,0,0,0,0,0,0,0,0,0
127,0,96,10,0,0,0,0,0,0,1,0,0,0,0,0,44,1,85,22,24,50,22,71,69,0,0,0,0,0,0,0,0,0,0,0,0,0,0,0,0,0,0,0,0,0,0,0,0,0,0,0
127,0,94,10,0,0,0,0,0,0,1,0,0,0,0,0,44,1,92,22,24,50,22,71,69,0,0,0,0,0,0,0,0,0,0,0,0,0,0,0,0,0,0,0,0,0,0,0,0,0,0,0
127,0,94,10,0,0,0,0,0,0,1,0,0,0,0,0,44,1,101,22,24,50,22,71,80,0,0,0,0,0,0,0,0,0,0,0,0,0,0,0,0,0,0,0,0,0,0,0,0,0,0,0
127,0,96,5,0,0,0,48,0,0,1,0,128,0,0,0,40,1,110,22,24,146,26,206,80,3,0,64,0,150,0,0,96,140,0,35,160,4,0,3,64,128,1,197,0,0,99,12,0,16,0,0
127,0,96,10,0,0,0,0,0,0,1,0,0,0,0,0,44,1,99,22,24,50,22,71,90,0,0,0,0,0,0,0,0,0,0,0,0,0,0,0,0,0,0,0,0,0,0,0,0,0,0,0
127,0,96,10,0,0,0,0,0,0,1,0,0,0,0,0,44,1,97,22,24,50,22,71,40,0,0,0,0,0,0,0,0,0,0,0,0,0,0,0,0,0,0,0,0,0,0,0,0,0,0,0
127,0,96,9,0,0,0,0,0,0,1,0,0,0,0,0,44,1,90,22,24,50,22,71,30,0,0,0,0,0,0,0,0,0,0,0,0,0,0,0,0,0,0,0,0,0,0,0,0,0,0,0
127,0,94,10,0,0,0,0,0,0,1,0,0,0,0,0,44,1,85,22,24,50,22,71,9,0,0,0,0,0,0,0,0,0,0,0,0,0,0,0,0,0,0,0,0,0,0,0,0,0,0,0
127,0,96,10,0,0,0,0,0,0,1,0,0,0,0,0,44,1,92,22,24,50,22,71,30,0,0,0,0,0,0,0,0,0,0,0,0,0,0,0,0,0,0,0,0,0,0,0,0,0,0,0
127,0,96,10,0,0,0,0,0,0,1,0,0,0,0,0,44,1,102,22,24,50,22,71,50,0,0,0,0,0,0,0,0,0,0,0,0,0,0,0,0,0,0,0,0,0,0,0,0,0,0,0
127,0,94,10,0,0,0,0,0,0,1,0,0,0,0,0,44,1,100,22,24,50,22,71,59,0,0,0,0,0,0,0,0,0,0,0,0,0,0,0,0,0,0,0,0,0,0,0,0,0,0,0
127,0,96,10,0,0,0,0,0,0,1,0,0,0,0,0,44,1,97,22,24,50,22,71,59,0,0,0,0,0,0,0,0,0,0,0,0,0,0,0,0,0,0,0,0,0,0,0,0,0,0,0
127,0,96,10,0,0,0,0,0,0,1,0,0,0,0,0,44,1,87,22,24,50,22,71,59,0,0,0,0,0,0,0,0,0,0,0,0,0,0,0,0,0,0,0,0,0,0,0,0,0,0,0
127,0,96,10,0,0,0,0,0,0,1,0,0,0,0,0,44,1,90,22,24,50,22,71,69,0,0,0,0,0,0,0,0,0,0,0,0,0,0,0,0,0,0,0,0,0,0,0,0,0,0,0
127,0,96,10,0,0,0,0,0,0,1,0,0,0,0,0,44,1,104,22,24,50,22,71,80,0,0,0,0,0,0,0,0,0,0,0,0,0,0,0,0,0,0,0,0,0,0,0,0,0,0,0
127,0,96,10,0,0,0,0,0,0,1,0,0,0,0,0,44,1,99,22,24,50,22,71,19,0,0,0,0,0,0,0,0,0,0,0,0,0,0,0,0,0,0,0,0,0,0,0,0,0,0,0
127,0,96,10,0,0,0,0,0,0,1,0,0,0,0,0,44,1,93,22,24,50,22,71,9,0,0,0,0,0,0,0,0,0,0,0,0,0,0,0,0,0,0,0,0,0,0,0,0,0,0,0
127,0,96,10,0,0,0,0,0,0,1,0,0,0,0,0,44,1,84,22,24,50,22,71,0,0,0,0,0,0,0,0,0,0,0,0,0,0,0,0,0,0,0,0,0,0,0,0,0,0,0,0
127,0,96,10,0,0,0,0,0,0,1,0,0,0,0,0,44,1,95,22,24,50,22,70,80,0,0,0,0,0,0,0,0,0,0,0,0,0,0,0,0,0,0,0,0,0,0,0,0,0,0,0
127,0,96,10,0,0,0,0,0,0,1,0,0,0,0,0,44,1,101,22,24,50,22,70,90,0,0,0,0,0,0,0,0,0,0,0,0,0,0,0,0,0,0,0,0,0,0,0,0,0,0,0
127,0,96,10,0,0,0,0,0,0,1,0,0,0,0,0,44,1,98,22,24,50,22,70,90,0,0,0,0,0,0,0,0,0,0,0,0,0,0,0,0,0,0,0,0,0,0,0,0,0,0,0
127,0,96,9,0,0,0,0,0,0,1,0,0,0,0,0,44,1,90,22,24,50,22,71,9,0,0,0,0,0,0,0,0,0,0,0,0,0,0,0,0,0,0,0,0,0,0,0,0,0,0,0
127,0,96,10,0,0,0,0,0,0,1,0,0,0,0,0,44,1,87,22,24,50,22,71,19,0,0,0,0,0,0,0,0,0,0,0,0,0,0,0,0,0,0,0,0,0,0,0,0,0,0,0
127,0,96,10,0,0,0,0,0,0,1,0,0,0,0,0,44,1,100,22,24,50,22,71,30,0,0,0,0,0,0,0,0,0,0,0,0,0,0,0,0,0,0,0,0,0,0,0,0,0,0,0
127,0,94,10,0,0,0,0,0,0,1,0,0,0,0,0,44,1,100,22,24,50,22,71,50,0,0,0,0,0,0,0,0,0,0,0,0,0,0,0,0,0,0,0,0,0,0,0,0,0,0,0
127,0,96,10,0,0,0,0,0,0,1,0,0,0,0,0,44,1,98,22,24,50,22,71,50,0,0,0,0,0,0,0,0,0,0,0,0,0,0,0,0,0,0,0,0,0,0,0,0,0,0,0
127,0,96,10,0,0,0,0,0,0,1,0,0,0,0,0,44,1,93,22,24,50,22,71,19,0,0,0,0,0,0,0,0,0,0,0,0,0,0,0,0,0,0,0,0,0,0,0,0,0,0,0
127,0,96,12,0,0,0,0,0,0,1,0,0,0,0,0,44,1,84,22,24,50,22,70,90,0,0,0,0,0,0,0,0,0,0,0,0,0,0,0,0,0,0,0,0,0,0,0,0,0,0,0
127,0,96,9,0,0,0,0,0,0,1,0,0,0,0,0,44,1,85,22,24,50,22,70,90,0,0,0,0,0,0,0,0,0,0,0,0,0,0,0,0,0,0,0,0,0,0,0,0,0,0,0
127,0,96,10,0,0,0,0,0,0,1,0,0,0,0,0,44,1,90,22,24,50,22,70,90,0,0,0,0,0,0,0,0,0,0,0,0,0,0,0,0,0,0,0,0,0,0,0,0,0,0,0
127,0,96,10,0,0,0,0,0,0,1,0,0,0,0,0,44,1,95,22,24,39,22,70,80,0,0,0,0,0,0,0,0,0,0,0,0,0,0,0,0,0,0,0,0,0,0,0,0,0,0,0
127,0,96,10,0,0,0,0,0,0,1,0,0,0,0,0,44,1,101,22,24,39,22,70,90,0,0,0,0,0,0,0,0,0,0,0,0,0,0,0,0,0,0,0,0,0,0,0,0,0,0,0
127,0,96,10,0,0,0,0,0,0,1,0,0,0,0,0,44,1,99,22,24,39,22,71,0,0,0,0,0,0,0,0,0,0,0,0,0,0,0,0,0,0,0,0,0,0,0,0,0,0,0,0
127,0,96,10,0,0,0,0,0,0,1,0,0,0,0,0,44,1,98,22,24,39,22,71,9,0,0,0,0,0,0,0,0,0,0,0,0,0,0,0,0,0,0,0,0,0,0,0,0,0,0,0
127,0,96,10,0,0,0,0,0,0,1,0,0,0,0,0,44,1,95,22,24,39,22,71,19,0,0,0,0,0,0,0,0,0,0,0,0,0,0,0,0,0,0,0,0,0,0,0,0,0,0,0
127,0,96,10,0,0,0,0,0,0,1,0,0,0,0,0,44,1,93,22,24,39,22,71,30,0,0,0,0,0,0,0,0,0,0,0,0,0,0,0,0,0,0,0,0,0,0,0,0,0,0,0
127,0,96,10,0,0,0,0,0,0,1,0,0,0,0,0,44,1,87,22,24,39,22,71,9,0,0,0,0,0,0,0,0,0,0,0,0,0,0,0,0,0,0,0,0,0,0,0,0,0,0,0
127,0,96,10,0,0,0,0,0,0,1,0,0,0,0,0,44,1,83,22,24,39,22,70,69,0,0,0,0,0,0,0,0,0,0,0,0,0,0,0,0,0,0,0,0,0,0,0,0,0,0,0
127,0,96,10,0,0,0,0,0,0,1,0,0,0,0,0,44,1,87,22,24,39,22,70,59,0,0,0,0,0,0,0,0,0,0,0,0,0,0,0,0,0,0,0,0,0,0,0,0,0,0,0
127,0,96,10,0,0,0,0,0,0,1,0,0,0,0,0,44,1,97,22,24,39,22,70,59,0,0,0,0,0,0,0,0,0,0,0,0,0,0,0,0,0,0,0,0,0,0,0,0,0,0,0
127,0,96,10,0,0,0,0,0,0,1,0,0,0,0,0,44,1,100,22,24,39,22,70,69,0,0,0,0,0,0,0,0,0,0,0,0,0,0,0,0,0,0,0,0,0,0,0,0,0,0,0
127,0,96,10,0,0,0,0,0,0,1,0,0,0,0,0,44,1,98,22,24,39,22,70,90,0,0,0,0,0,0,0,0,0,0,0,0,0,0,0,0,0,0,0,0,0,0,0,0,0,0,0
127,0,96,10,0,0,0,0,0,0,1,0,0,0,0,0,44,1,94,22,24,39,22,71,0,0,0,0,0,0,0,0,0,0,0,0,0,0,0,0,0,0,0,0,0,0,0,0,0,0,0,0
127,0,96,10,0,0,0,0,0,0,1,0,0,0,0,0,44,1,88,22,24,39,22,71,9,0,0,0,0,0,0,0,0,0,0,0,0,0,0,0,0,0,0,0,0,0,0,0,0,0,0,0
127,0,96,10,0,0,0,0,0,0,1,0,0,0,0,0,44,1,84,22,24,39,22,71,9,0,0,0,0,0,0,0,0,0,0,0,0,0,0,0,0,0,0,0,0,0,0,0,0,0,0,0
127,0,96,10,0,0,0,0,0,0,1,0,0,0,0,0,44,1,83,22,24,39,22,71,19,0,0,0,0,0,0,0,0,0,0,0,0,0,0,0,0,0,0,0,0,0,0,0,0,0,0,0
127,0,94,12,0,0,0,0,0,0,1,0,0,0,0,0,44,1,92,22,24,39,22,71,19,0,0,0,0,0,0,0,0,0,0,0,0,0,0,0,0,0,0,0,0,0,0,0,0,0,0,0
127,0,96,10,0,0,0,0,0,0,1,0,0,0,0,0,44,1,101,22,24,39,22,71,0,0,0,0,0,0,0,0,0,0,0,0,0,0,0,0,0,0,0,0,0,0,0,0,0,0,0,0
127,0,96,9,0,0,0,0,0,0,1,0,0,0,0,0,44,1,99,22,24,39,22,70,59,0,0,0,0,0,0,0,0,0,0,0,0,0,0,0,0,0,0,0,0,0,0,0,0,0,0,0
127,0,96,10,0,0,0,0,0,0,1,0,0,0,0,0,44,1,96,22,24,39,22,70,50,0,0,0,0,0,0,0,0,0,0,0,0,0,0,0,0,0,0,0,0,0,0,0,0,0,0,0
127,0,96,10,0,0,0,0,0,0,1,0,0,0,0,0,44,1,90,22,24,39,22,70,50,0,0,0,0,0,0,0,0,0,0,0,0,0,0,0,0,0,0,0,0,0,0,0,0,0,0,0
127,0,96,10,0,0,0,0,0,0,1,0,0,0,0,0,44,1,81,22,24,39,22,70,59,0,0,0,0,0,0,0,0,0,0,0,0,0,0,0,0,0,0,0,0,0,0,0,0,0,0,0
127,0,96,10,0,0,0,0,0,0,1,0,0,0,0,0,44,1,86,22,24,39,22,70,69,0,0,0,0,0,0,0,0,0,0,0,0,0,0,0,0,0,0,0,0,0,0,0,0,0,0,0
127,0,96,10,0,0,0,0,0,0,1,0,0,0,0,0,44,1,95,22,24,29,22,70,69,0,0,0,0,0,0,0,0,0,0,0,0,0,0,0,0,0,0,0,0,0,0,0,0,0,0,0
127,0,96,10,0,0,0,0,0,0,1,0,0,0,0,0,44,1,100,22,24,29,22,70,80,0,0,0,0,0,0,0,0,0,0,0,0,0,0,0,0,0,0,0,0,0,0,0,0,0,0,0
127,0,96,10,0,0,0,0,0,0,1,0,0,0,0,0,44,1,98,22,24,39,22,71,0,0,0,0,0,0,0,0,0,0,0,0,0,0,0,0,0,0,0,0,0,0,0,0,0,0,0,0
127,0,96,10,0,0,0,0,0,0,1,0,0,0,0,0,44,1,94,22,24,29,22,71,0,0,0,0,0,0,0,0,0,0,0,0,0,0,0,0,0,0,0,0,0,0,0,0,0,0,0,0
127,0,94,9,0,0,0,0,0,0,1,0,0,0,0,0,44,1,85,22,24,29,22,70,90,0,0,0,0,0,0,0,0,0,0,0,0,0,0,0,0,0,0,0,0,0,0,0,0,0,0,0
127,0,94,10,0,0,0,0,0,0,1,0,0,0,0,0,44,1,88,22,24,29,22,70,90,0,0,0,0,0,0,0,0,0,0,0,0,0,0,0,0,0,0,0,0,0,0,0,0,0,0,0
127,0,96,10,0,0,0,0,0,0,1,0,0,0,0,0,44,1,100,22,24,29,22,70,80,0,0,0,0,0,0,0,0,0,0,0,0,0,0,0,0,0,0,0,0,0,0,0,0,0,0,0
127,0,96,10,0,0,0,0,0,0,1,0,0,0,0,0,44,1,93,22,24,29,22,70,69,0,0,0,0,0,0,0,0,0,0,0,0,0,0,0,0,0,0,0,0,0,0,0,0,0,0,0
127,0,94,10,0,0,0,0,0,0,1,0,0,0,0,0,44,1,80,22,24,29,22,70,90,0,0,0,0,0,0,0,0,0,0,0,0,0,0,0,0,0,0,0,0,0,0,0,0,0,0,0
127,0,96,10,0,0,0,0,0,0,1,0,0,0,0,0,44,1,97,22,24,29,22,71,9,0,0,0,0,0,0,0,0,0,0,0,0,0,0,0,0,0,0,0,0,0,0,0,0,0,0,0
127,0,96,10,0,0,0,0,0,0,1,0,0,0,0,0,44,1,93,22,24,29,22,71,9,0,0,0,0,0,0,0,0,0,0,0,0,0,0,0,0,0,0,0,0,0,0,0,0,0,0,0
127,0,96,10,0,0,0,0,0,0,1,0,0,0,0,0,44,1,78,22,24,29,22,71,19,0,0,0,0,0,0,0,0,0,0,0,0,0,0,0,0,0,0,0,0,0,0,0,0,0,0,0
127,0,96,10,0,0,0,0,0,0,1,0,0,0,0,0,44,1,92,22,24,29,22,71,19,0,0,0,0,0,0,0,0,0,0,0,0,0,0,0,0,0,0,0,0,0,0,0,0,0,0,0
127,0,94,10,0,0,0,0,0,0,1,0,0,0,0,0,44,1,94,22,24,29,22,71,19,0,0,0,0,0,0,0,0,0,0,0,0,0,0,0,0,0,0,0,0,0,0,0,0,0,0,0
127,0,96,10,0,0,0,0,0,0,1,0,0,0,0,0,44,1,87,22,24,39,22,71,19,0,0,0,0,0,0,0,0,0,0,0,0,0,0,0,0,0,0,0,0,0,0,0,0,0,0,0
127,0,96,9,0,0,0,0,0,0,1,0,0,0,0,0,44,1,90,22,24,29,22,71,9,0,0,0,0,0,0,0,0,0,0,0,0,0,0,0,0,0,0,0,0,0,0,0,0,0,0,0
127,0,94,9,0,0,0,0,0,0,1,0,0,0,0,0,44,1,99,22,24,29,22,71,9,0,0,0,0,0,0,0,0,0,0,0,0,0,0,0,0,0,0,0,0,0,0,0,0,0,0,0
127,0,96,10,0,0,0,0,0,0,1,0,0,0,0,0,44,1,98,22,24,29,22,70,90,0,0,0,0,0,0,0,0,0,0,0,0,0,0,0,0,0,0,0,0,0,0,0,0,0,0,0
127,0,96,9,0,0,0,0,0,0,1,0,0,0,0,0,44,1,95,22,24,29,22,70,90,0,0,0,0,0,0,0,0,0,0,0,0,0,0,0,0,0,0,0,0,0,0,0,0,0,0,0
127,0,96,10,0,0,0,0,0,0,1,0,0,0,0,0,44,1,94,22,24,29,22,70,90,0,0,0,0,0,0,0,0,0,0,0,0,0,0,0,0,0,0,0,0,0,0,0,0,0,0,0
127,0,96,10,0,0,0,0,0,0,1,0,0,0,0,0,44,1,89,22,24,29,22,70,90,0,0,0,0,0,0,0,0,0,0,0,0,0,0,0,0,0,0,0,0,0,0,0,0,0,0,0
127,0,96,10,0,0,0,0,0,0,1,0,0,0,0,0,44,1,81,22,24,29,22,70,90,0,0,0,0,0,0,0,0,0,0,0,0,0,0,0,0,0,0,0,0,0,0,0,0,0,0,0
127,0,96,11,0,0,0,0,0,0,1,0,0,0,0,0,44,1,90,22,24,29,22,71,0,0,0,0,0,0,0,0,0,0,0,0,0,0,0,0,0,0,0,0,0,0,0,0,0,0,0,0
127,0,96,10,0,0,0,0,0,0,1,0,0,0,0,0,44,1,100,22,24,29,22,71,9,0,0,0,0,0,0,0,0,0,0,0,0,0,0,0,0,0,0,0,0,0,0,0,0,0,0,0
127,0,96,10,0,0,0,0,0,0,1,0,0,0,0,0,44,1,98,22,24,29,22,71,19,0,0,0,0,0,0,0,0,0,0,0,0,0,0,0,0,0,0,0,0,0,0,0,0,0,0,0
127,0,96,10,0,0,0,0,0,0,1,0,0,0,0,0,44,1,93,22,24,29,22,71,19,0,0,0,0,0,0,0,0,0,0,0,0,0,0,0,0,0,0,0,0,0,0,0,0,0,0,0
127,0,96,10,0,0,0,0,0,0,1,0,0,0,0,0,44,1,81,22,24,29,22,71,30,0,0,0,0,0,0,0,0,0,0,0,0,0,0,0,0,0,0,0,0,0,0,0,0,0,0,0
127,0,96,10,0,0,0,0,0,0,1,0,0,0,0,0,44,1,90,22,24,29,22,71,19,0,0,0,0,0,0,0,0,0,0,0,0,0,0,0,0,0,0,0,0,0,0,0,0,0,0,0
127,0,96,10,0,0,0,0,0,0,1,0,0,0,0,0,44,1,101,22,24,29,22,71,0,0,0,0,0,0,0,0,0,0,0,0,0,0,0,0,0,0,0,0,0,0,0,0,0,0,0,0
127,0,96,10,0,0,0,0,0,0,1,0,0,0,0,0,44,1,98,22,24,29,22,70,69,0,0,0,0,0,0,0,0,0,0,0,0,0,0,0,0,0,0,0,0,0,0,0,0,0,0,0
127,0,96,10,0,0,0,0,0,0,1,0,0,0,0,0,44,1,93,22,24,29,22,70,80,0,0,0,0,0,0,0,0,0,0,0,0,0,0,0,0,0,0,0,0,0,0,0,0,0,0,0
127,0,96,10,0,0,0,0,0,0,1,0,0,0,0,0,44,1,85,22,24,29,22,70,80,0,0,0,0,0,0,0,0,0,0,0,0,0,0,0,0,0,0,0,0,0,0,0,0,0,0,0
127,0,96,10,0,0,0,0,0,0,1,0,0,0,0,0,44,1,88,22,24,29,22,70,80,0,0,0,0,0,0,0,0,0,0,0,0,0,0,0,0,0,0,0,0,0,0,0,0,0,0,0
127,0,94,10,0,0,0,0,0,0,1,0,0,0,0,0,44,1,101,22,24,29,22,70,90,0,0,0,0,0,0,0,0,0,0,0,0,0,0,0,0,0,0,0,0,0,0,0,0,0,0,0
127,0,96,10,0,0,0,0,0,0,1,0,0,0,0,0,44,1,99,22,24,29,22,71,0,0,0,0,0,0,0,0,0,0,0,0,0,0,0,0,0,0,0,0,0,0,0,0,0,0,0,0
127,0,96,12,0,0,0,0,0,0,1,0,0,0,0,0,44,1,94,22,24,29,22,71,0,0,0,0,0,0,0,0,0,0,0,0,0,0,0,0,0,0,0,0,0,0,0,0,0,0,0,0
127,0,96,10,0,0,0,0,0,0,1,0,0,0,0,0,44,1,82,22,24,29,22,71,9,0,0,0,0,0,0,0,0,0,0,0,0,0,0,0,0,0,0,0,0,0,0,0,0,0,0,0
127,0,96,10,0,0,0,0,0,0,1,0,0,0,0,0,44,1,92,22,24,29,22,71,0,0,0,0,0,0,0,0,0,0,0,0,0,0,0,0,0,0,0,0,0,0,0,0,0,0,0,0
127,0,96,10,0,0,0,0,0,0,1,0,0,0,0,0,44,1,101,22,24,29,22,70,90,0,0,0,0,0,0,0,0,0,0,0,0,0,0,0,0,0,0,0,0,0,0,0,0,0,0,0
127,0,96,10,0,0,0,0,0,0,1,0,0,0,0,0,44,1,98,22,24,29,22,70,80,0,0,0,0,0,0,0,0,0,0,0,0,0,0,0,0,0,0,0,0,0,0,0,0,0,0,0
127,0,96,10,0,0,0,0,0,0,1,0,0,0,0,0,44,1,93,22,24,29,22,71,0,0,0,0,0,0,0,0,0,0,0,0,0,0,0,0,0,0,0,0,0,0,0,0,0,0,0,0
127,0,96,10,0,0,0,0,0,0,1,0,0,0,0,0,44,1,82,22,24,29,22,71,9,0,0,0,0,0,0,0,0,0,0,0,0,0,0,0,0,0,0,0,0,0,0,0,0,0,0,0
127,0,96,10,0,0,0,0,0,0,1,0,0,0,0,0,44,1,94,22,24,29,22,71,0,0,0,0,0,0,0,0,0,0,0,0,0,0,0,0,0,0,0,0,0,0,0,0,0,0,0,0
127,0,96,10,0,0,0,0,0,0,1,0,0,0,0,0,44,1,101,22,24,29,22,71,9,0,0,0,0,0,0,0,0,0,0,0,0,0,0,0,0,0,0,0,0,0,0,0,0,0,0,0
127,0,94,10,0,0,0,0,0,0,1,0,0,0,0,0,44,1,98,22,24,29,22,71,19,0,0,0,0,0,0,0,0,0,0,0,0,0,0,0,0,0,0,0,0,0,0,0,0,0,0,0
127,0,96,10,0,0,0,0,0,0,1,0,0,0,0,0,44,1,92,22,24,29,22,71,30,0,0,0,0,0,0,0,0,0,0,0,0,0,0,0,0,0,0,0,0,0,0,0,0,0,0,0
127,0,96,10,0,0,0,0,0,0,1,0,0,0,0,0,44,1,85,22,24,29,22,71,19,0,0,0,0,0,0,0,0,0,0,0,0,0,0,0,0,0,0,0,0,0,0,0,0,0,0,0
127,0,96,10,0,0,0,0,0,0,1,0,0,0,0,0,44,1,97,22,24,29,22,71,19,0,0,0,0,0,0,0,0,0,0,0,0,0,0,0,0,0,0,0,0,0,0,0,0,0,0,0
127,0,96,10,0,0,0,0,0,0,1,0,0,0,0,0,44,1,100,22,24,29,22,71,19,0,0,0,0,0,0,0,0,0,0,0,0,0,0,0,0,0,0,0,0,0,0,0,0,0,0,0
127,0,94,10,0,0,0,0,0,0,1,0,0,0,0,0,44,1,97,22,24,29,22,70,90,0,0,0,0,0,0,0,0,0,0,0,0,0,0,0,0,0,0,0,0,0,0,0,0,0,0,0
127,0,96,10,0,0,0,0,0,0,1,0,0,0,0,0,44,1,90,22,24,29,22,70,69,0,0,0,0,0,0,0,0,0,0,0,0,0,0,0,0,0,0,0,0,0,0,0,0,0,0,0
127,0,96,10,0,0,0,0,0,0,1,0,0,0,0,0,44,1,85,22,24,29,22,70,40,0,0,0,0,0,0,0,0,0,0,0,0,0,0,0,0,0,0,0,0,0,0,0,0,0,0,0
127,0,96,10,0,0,0,0,0,0,1,0,0,0,0,0,44,1,97,22,24,29,22,70,40,0,0,0,0,0,0,0,0,0,0,0,0,0,0,0,0,0,0,0,0,0,0,0,0,0,0,0
127,0,96,10,0,0,0,0,0,0,1,0,0,0,0,0,44,1,102,22,24,29,22,70,69,0,0,0,0,0,0,0,0,0,0,0,0,0,0,0,0,0,0,0,0,0,0,0,0,0,0,0
127,0,96,10,0,0,0,0,0,0,1,0,0,0,0,0,44,1,99,22,24,29,22,70,59,0,0,0,0,0,0,0,0,0,0,0,0,0,0,0,0,0,0,0,0,0,0,0,0,0,0,0
127,0,96,10,0,0,0,0,0,0,1,0,0,0,0,0,44,1,95,22,24,29,22,70,69,0,0,0,0,0,0,0,0,0,0,0,0,0,0,0,0,0,0,0,0,0,0,0,0,0,0,0
127,0,96,10,0,0,0,0,0,0,1,0,0,0,0,0,44,1,85,22,24,29,22,70,69,0,0,0,0,0,0,0,0,0,0,0,0,0,0,0,0,0,0,0,0,0,0,0,0,0,0,0
127,0,96,10,0,0,0,0,0,0,1,0,0,0,0,0,44,1,87,22,24,29,22,70,80,0,0,0,0,0,0,0,0,0,0,0,0,0,0,0,0,0,0,0,0,0,0,0,0,0,0,0
127,0,94,10,0,0,0,0,0,0,1,0,0,0,0,0,44,1,99,22,24,29,22,70,69,0,0,0,0,0,0,0,0,0,0,0,0,0,0,0,0,0,0,0,0,0,0,0,0,0,0,0
127,0,96,10,0,0,0,0,0,0,1,0,0,0,0,0,44,1,100,22,24,29,22,70,59,0,0,0,0,0,0,0,0,0,0,0,0,0,0,0,0,0,0,0,0,0,0,0,0,0,0,0
127,0,96,10,0,0,0,0,0,0,1,0,0,0,0,0,44,1,97,22,24,29,22,70,30,0,0,0,0,0,0,0,0,0,0,0,0,0,0,0,0,0,0,0,0,0,0,0,0,0,0,0
127,0,96,10,0,0,0,0,0,0,1,0,0,0,0,0,44,1,93,22,24,29,22,70,0,0,0,0,0,0,0,0,0,0,0,0,0,0,0,0,0,0,0,0,0,0,0,0,0,0,0,0
127,0,96,9,0,0,0,0,0,0,1,0,0,0,0,0,44,1,82,22,24,29,22,70,0,0,0,0,0,0,0,0,0,0,0,0,0,0,0,0,0,0,0,0,0,0,0,0,0,0,0,0
127,0,96,11,0,0,0,0,0,0,1,0,0,0,0,0,44,1,92,22,24,29,22,70,9,0,0,0,0,0,0,0,0,0,0,0,0,0,0,0,0,0,0,0,0,0,0,0,0,0,0,0
127,0,96,10,0,0,0,0,0,0,1,0,0,0,0,0,44,1,101,22,24,29,22,70,30,0,0,0,0,0,0,0,0,0,0,0,0,0,0,0,0,0,0,0,0,0,0,0,0,0,0,0
127,0,96,9,0,0,0,0,0,0,1,0,0,0,0,0,44,1,98,22,24,29,22,70,40,0,0,0,0,0,0,0,0,0,0,0,0,0,0,0,0,0,0,0,0,0,0,0,0,0,0,0
127,0,96,10,0,0,0,0,0,0,1,0,0,0,0,0,44,1,88,22,24,29,22,70,59,0,0,0,0,0,0,0,0,0,0,0,0,0,0,0,0,0,0,0,0,0,0,0,0,0,0,0
127,0,96,10,0,0,0,0,0,0,1,0,0,0,0,0,44,1,90,22,24,29,22,70,69,0,0,0,0,0,0,0,0,0,0,0,0,0,0,0,0,0,0,0,0,0,0,0,0,0,0,0
127,0,96,10,0,0,0,0,0,0,1,0,0,0,0,0,44,1,100,22,24,29,22,70,80,0,0,0,0,0,0,0,0,0,0,0,0,0,0,0,0,0,0,0,0,0,0,0,0,0,0,0
127,0,96,10,0,0,0,0,0,0,1,0,0,0,0,0,44,1,95,22,24,29,22,70,90,0,0,0,0,0,0,0,0,0,0,0,0,0,0,0,0,0,0,0,0,0,0,0,0,0,0,0
127,0,96,10,0,0,0,0,0,0,1,0,0,0,0,0,44,1,81,22,24,29,22,70,59,0,0,0,0,0,0,0,0,0,0,0,0,0,0,0,0,0,0,0,0,0,0,0,0,0,0,0
127,0,94,9,0,0,0,0,0,0,1,0,0,0,0,0,44,1,99,22,24,29,22,70,40,0,0,0,0,0,0,0,0,0,0,0,0,0,0,0,0,0,0,0,0,0,0,0,0,0,0,0
127,0,96,10,0,0,0,0,0,0,1,0,0,0,0,0,44,1,98,22,24,29,22,70,30,0,0,0,0,0,0,0,0,0,0,0,0,0,0,0,0,0,0,0,0,0,0,0,0,0,0,0
127,0,96,10,0,0,0,0,0,0,1,0,0,0,0,0,44,1,87,22,24,29,22,70,40,0,0,0,0,0,0,0,0,0,0,0,0,0,0,0,0,0,0,0,0,0,0,0,0,0,0,0
127,0,96,10,0,0,0,0,0,0,1,0,0,0,0,0,44,1,92,22,24,29,22,70,30,0,0,0,0,0,0,0,0,0,0,0,0,0,0,0,0,0,0,0,0,0,0,0,0,0,0,0
127,0,96,10,0,0,0,0,0,0,1,0,0,0,0,0,44,1,100,22,24,29,22,70,50,0,0,0,0,0,0,0,0,0,0,0,0,0,0,0,0,0,0,0,0,0,0,0,0,0,0,0
127,0,96,10,0,0,0,0,0,0,1,0,0,0,0,0,44,1,94,22,24,29,22,70,50,0,0,0,0,0,0,0,0,0,0,0,0,0,0,0,0,0,0,0,0,0,0,0,0,0,0,0
127,0,96,10,0,0,0,0,0,0,1,0,0,0,0,0,44,1,86,22,24,29,22,70,59,0,0,0,0,0,0,0,0,0,0,0,0,0,0,0,0,0,0,0,0,0,0,0,0,0,0,0
127,0,96,10,0,0,0,0,0,0,1,0,0,0,0,0,44,1,100,22,24,20,22,70,69,0,0,0,0,0,0,0,0,0,0,0,0,0,0,0,0,0,0,0,0,0,0,0,0,0,0,0
127,0,96,10,0,0,0,0,0,0,1,0,0,0,0,0,44,1,92,22,24,20,22,70,69,0,0,0,0,0,0,0,0,0,0,0,0,0,0,0,0,0,0,0,0,0,0,0,0,0,0,0
127,0,96,10,0,0,0,0,0,0,1,0,0,0,0,0,44,1,93,22,24,29,22,70,90,0,0,0,0,0,0,0,0,0,0,0,0,0,0,0,0,0,0,0,0,0,0,0,0,0,0,0
127,0,96,10,0,0,0,0,0,0,1,0,0,0,0,0,44,1,97,22,24,29,22,70,80,0,0,0,0,0,0,0,0,0,0,0,0,0,0,0,0,0,0,0,0,0,0,0,0,0,0,0
127,0,96,10,0,0,0,0,0,0,1,0,0,0,0,0,44,1,84,22,24,20,22,70,59,0,0,0,0,0,0,0,0,0,0,0,0,0,0,0,0,0,0,0,0,0,0,0,0,0,0,0
127,0,94,10,0,0,0,0,0,0,1,0,0,0,0,0,44,1,99,22,24,29,22,70,69,0,0,0,0,0,0,0,0,0,0,0,0,0,0,0,0,0,0,0,0,0,0,0,0,0,0,0
127,0,96,10,0,0,0,0,0,0,1,0,0,0,0,0,44,1,85,22,24,29,22,70,69,0,0,0,0,0,0,0,0,0,0,0,0,0,0,0,0,0,0,0,0,0,0,0,0,0,0,0
127,0,96,10,0,0,0,0,0,0,1,0,0,0,0,0,44,1,101,22,24,20,22,70,59,0,0,0,0,0,0,0,0,0,0,0,0,0,0,0,0,0,0,0,0,0,0,0,0,0,0,0
127,0,96,10,0,0,0,0,0,0,1,0,0,0,0,0,44,1,93,22,24,29,22,70,69,0,0,0,0,0,0,0,0,0,0,0,0,0,0,0,0,0,0,0,0,0,0,0,0,0,0,0
127,0,96,10,0,0,0,0,0,0,1,0,0,0,0,0,44,1,92,22,24,20,22,70,69,0,0,0,0,0,0,0,0,0,0,0,0,0,0,0,0,0,0,0,0,0,0,0,0,0,0,0
127,0,96,10,0,0,0,0,0,0,1,0,0,0,0,0,44,1,99,22,24,20,22,70,69,0,0,0,0,0,0,0,0,0,0,0,0,0,0,0,0,0,0,0,0,0,0,0,0,0,0,0
127,0,96,10,0,0,0,0,0,0,1,0,0,0,0,0,44,1,87,22,24,29,22,70,69,0,0,0,0,0,0,0,0,0,0,0,0,0,0,0,0,0,0,0,0,0,0,0,0,0,0,0
127,0,96,10,0,0,0,0,0,0,1,0,0,0,0,0,44,1,100,22,24,20,22,70,80,0,0,0,0,0,0,0,0,0,0,0,0,0,0,0,0,0,0,0,0,0,0,0,0,0,0,0
127,0,96,10,0,0,0,0,0,0,1,0,0,0,0,0,44,1,97,22,24,20,22,70,80,0,0,0,0,0,0,0,0,0,0,0,0,0,0,0,0,0,0,0,0,0,0,0,0,0,0,0
127,0,96,10,0,0,0,0,0,0,1,0,0,0,0,0,44,1,88,22,24,20,22,70,69,0,0,0,0,0,0,0,0,0,0,0,0,0,0,0,0,0,0,0,0,0,0,0,0,0,0,0
127,0,96,10,0,0,0,0,0,0,1,0,0,0,0,0,44,1,88,22,24,29,22,70,69,0,0,0,0,0,0,0,0,0,0,0,0,0,0,0,0,0,0,0,0,0,0,0,0,0,0,0
127,0,96,10,0,0,0,0,0,0,1,0,0,0,0,0,44,1,100,22,24,29,22,70,59,0,0,0,0,0,0,0,0,0,0,0,0,0,0,0,0,0,0,0,0,0,0,0,0,0,0,0
127,0,96,10,0,0,0,0,0,0,1,0,0,0,0,0,44,1,95,22,24,20,22,70,40,0,0,0,0,0,0,0,0,0,0,0,0,0,0,0,0,0,0,0,0,0,0,0,0,0,0,0
127,0,96,10,0,0,0,0,0,0,1,0,0,0,0,0,44,1,82,22,24,20,22,70,40,0,0,0,0,0,0,0,0,0,0,0,0,0,0,0,0,0,0,0,0,0,0,0,0,0,0,0
127,0,96,10,0,0,0,0,0,0,1,0,0,0,0,0,44,1,101,22,24,20,22,70,40,0,0,0,0,0,0,0,0,0,0,0,0,0,0,0,0,0,0,0,0,0,0,0,0,0,0,0
127,0,94,9,0,0,0,0,0,0,1,0,0,0,0,0,44,1,95,22,24,29,22,70,59,0,0,0,0,0,0,0,0,0,0,0,0,0,0,0,0,0,0,0,0,0,0,0,0,0,0,0
127,0,96,10,0,0,0,0,0,0,1,0,0,0,0,0,44,1,81,22,24,20,22,70,69,0,0,0,0,0,0,0,0,0,0,0,0,0,0,0,0,0,0,0,0,0,0,0,0,0,0,0
127,0,96,10,0,0,0,0,0,0,1,0,0,0,0,0,44,1,99,22,24,20,22,70,80,0,0,0,0,0,0,0,0,0,0,0,0,0,0,0,0,0,0,0,0,0,0,0,0,0,0,0
127,0,96,9,0,0,0,0,0,0,1,0,0,0,0,0,44,1,95,22,24,20,22,70,69,0,0,0,0,0,0,0,0,0,0,0,0,0,0,0,0,0,0,0,0,0,0,0,0,0,0,0
127,0,96,10,0,0,0,0,0,0,1,0,0,0,0,0,44,1,81,22,24,29,22,70,90,0,0,0,0,0,0,0,0,0,0,0,0,0,0,0,0,0,0,0,0,0,0,0,0,0,0,0
127,0,96,9,0,0,0,0,0,0,1,0,0,0,0,0,44,1,101,22,24,29,22,70,69,0,0,0,0,0,0,0,0,0,0,0,0,0,0,0,0,0,0,0,0,0,0,0,0,0,0,0
127,0,94,10,0,0,0,0,0,0,1,0,0,0,0,0,44,1,95,22,24,29,22,70,50,0,0,0,0,0,0,0,0,0,0,0,0,0,0,0,0,0,0,0,0,0,0,0,0,0,0,0
127,0,94,10,0,0,0,0,0,0,1,0,0,0,0,0,44,1,82,22,24,20,22,70,30,0,0,0,0,0,0,0,0,0,0,0,0,0,0,0,0,0,0,0,0,0,0,0,0,0,0,0
127,0,96,10,0,0,0,0,0,0,1,0,0,0,0,0,44,1,101,22,24,29,22,70,40,0,0,0,0,0,0,0,0,0,0,0,0,0,0,0,0,0,0,0,0,0,0,0,0,0,0,0
127,0,96,10,0,0,0,0,0,0,1,0,0,0,0,0,44,1,94,22,24,29,22,70,50,0,0,0,0,0,0,0,0,0,0,0,0,0,0,0,0,0,0,0,0,0,0,0,0,0,0,0
127,0,96,10,0,0,0,0,0,0,1,0,0,0,0,0,44,1,84,22,24,20,22,70,50,0,0,0,0,0,0,0,0,0,0,0,0,0,0,0,0,0,0,0,0,0,0,0,0,0,0,0
127,0,96,9,0,0,0,0,0,0,1,0,0,0,0,0,44,1,100,22,24,20,22,70,59,0,0,0,0,0,0,0,0,0,0,0,0,0,0,0,0,0,0,0,0,0,0,0,0,0,0,0
127,0,96,10,0,0,0,0,0,0,1,0,0,0,0,0,44,1,95,22,24,20,22,70,59,0,0,0,0,0,0,0,0,0,0,0,0,0,0,0,0,0,0,0,0,0,0,0,0,0,0,0
127,0,96,10,0,0,0,0,0,0,1,0,0,0,0,0,44,1,83,22,24,20,22,70,59,0,0,0,0,0,0,0,0,0,0,0,0,0,0,0,0,0,0,0,0,0,0,0,0,0,0,0
127,0,96,10,0,0,0,0,0,0,1,0,0,0,0,0,44,1,93,22,24,20,22,70,69,0,0,0,0,0,0,0,0,0,0,0,0,0,0,0,0,0,0,0,0,0,0,0,0,0,0,0
127,0,96,10,0,0,0,0,0,0,1,0,0,0,0,0,44,1,99,22,24,20,22,70,50,0,0,0,0,0,0,0,0,0,0,0,0,0,0,0,0,0,0,0,0,0,0,0,0,0,0,0
127,0,96,10,0,0,0,0,0,0,1,0,0,0,0,0,44,1,94,22,24,20,22,70,30,0,0,0,0,0,0,0,0,0,0,0,0,0,0,0,0,0,0,0,0,0,0,0,0,0,0,0
127,0,96,9,0,0,0,0,0,0,1,0,0,0,0,0,44,1,81,22,24,29,22,70,40,0,0,0,0,0,0,0,0,0,0,0,0,0,0,0,0,0,0,0,0,0,0,0,0,0,0,0
127,0,96,10,0,0,0,0,0,0,1,0,0,0,0,0,44,1,98,22,24,20,22,70,9,0,0,0,0,0,0,0,0,0,0,0,0,0,0,0,0,0,0,0,0,0,0,0,0,0,0,0
127,0,96,10,0,0,0,0,0,0,1,0,0,0,0,0,44,1,97,22,24,20,22,70,19,0,0,0,0,0,0,0,0,0,0,0,0,0,0,0,0,0,0,0,0,0,0,0,0,0,0,0
127,0,96,10,0,0,0,0,0,0,1,0,0,0,0,0,44,1,81,22,24,20,22,70,9,0,0,0,0,0,0,0,0,0,0,0,0,0,0,0,0,0,0,0,0,0,0,0,0,0,0,0
127,0,96,10,0,0,0,0,0,0,1,0,0,0,0,0,44,1,100,22,24,20,22,70,19,0,0,0,0,0,0,0,0,0,0,0,0,0,0,0,0,0,0,0,0,0,0,0,0,0,0,0
127,0,96,9,0,0,0,0,0,0,1,0,0,0,0,0,44,1,95,22,24,29,22,70,30,0,0,0,0,0,0,0,0,0,0,0,0,0,0,0,0,0,0,0,0,0,0,0,0,0,0,0
127,0,96,10,0,0,0,0,0,0,1,0,0,0,0,0,44,1,84,22,24,20,22,70,19,0,0,0,0,0,0,0,0,0,0,0,0,0,0,0,0,0,0,0,0,0,0,0,0,0,0,0
127,0,96,9,0,0,0,0,0,0,1,0,0,0,0,0,44,1,99,22,24,20,22,70,19,0,0,0,0,0,0,0,0,0,0,0,0,0,0,0,0,0,0,0,0,0,0,0,0,0,0,0
127,0,96,10,0,0,0,0,0,0,1,0,0,0,0,0,44,1,87,22,24,20,22,70,19,0,0,0,0,0,0,0,0,0,0,0,0,0,0,0,0,0,0,0,0,0,0,0,0,0,0,0
127,0,96,10,0,0,0,0,0,0,1,0,0,0,0,0,44,1,99,22,24,20,22,70,9,0,0,0,0,0,0,0,0,0,0,0,0,0,0,0,0,0,0,0,0,0,0,0,0,0,0,0
127,0,96,10,0,0,0,0,0,0,1,0,0,0,0,0,44,1,95,22,24,29,22,69,90,0,0,0,0,0,0,0,0,0,0,0,0,0,0,0,0,0,0,0,0,0,0,0,0,0,0,0
127,0,96,10,0,0,0,0,0,0,1,0,0,0,0,0,44,1,85,22,24,20,22,70,0,0,0,0,0,0,0,0,0,0,0,0,0,0,0,0,0,0,0,0,0,0,0,0,0,0,0,0
127,0,96,10,0,0,0,0,0,0,1,0,0,0,0,0,44,1,99,22,24,20,22,69,80,0,0,0,0,0,0,0,0,0,0,0,0,0,0,0,0,0,0,0,0,0,0,0,0,0,0,0
127,0,96,10,0,0,0,0,0,0,1,0,0,0,0,0,44,1,94,22,24,20,22,69,80,0,0,0,0,0,0,0,0,0,0,0,0,0,0,0,0,0,0,0,0,0,0,0,0,0,0,0
127,0,96,10,0,0,0,0,0,0,1,0,0,0,0,0,44,1,83,22,24,20,22,69,90,0,0,0,0,0,0,0,0,0,0,0,0,0,0,0,0,0,0,0,0,0,0,0,0,0,0,0
127,0,96,10,0,0,0,0,0,0,1,0,0,0,0,0,44,1,98,22,24,20,22,70,0,0,0,0,0,0,0,0,0,0,0,0,0,0,0,0,0,0,0,0,0,0,0,0,0,0,0,0
127,0,96,10,0,0,0,0,0,0,1,0,0,0,0,0,44,1,98,22,24,20,22,70,9,0,0,0,0,0,0,0,0,0,0,0,0,0,0,0,0,0,0,0,0,0,0,0,0,0,0,0
127,0,96,10,0,0,0,0,0,0,1,0,0,0,0,0,44,1,92,22,24,20,22,70,9,0,0,0,0,0,0,0,0,0,0,0,0,0,0,0,0,0,0,0,0,0,0,0,0,0,0,0
127,0,96,10,0,0,0,0,0,0,1,0,0,0,0,0,44,1,81,22,24,20,22,70,9,0,0,0,0,0,0,0,0,0,0,0,0,0,0,0,0,0,0,0,0,0,0,0,0,0,0,0
127,0,96,9,0,0,0,0,0,0,1,0,0,0,0,0,44,1,93,22,24,20,22,70,9,0,0,0,0,0,0,0,0,0,0,0,0,0,0,0,0,0,0,0,0,0,0,0,0,0,0,0
127,0,96,10,0,0,0,0,0,0,1,0,0,0,0,0,44,1,99,22,24,20,22,70,19,0,0,0,0,0,0,0,0,0,0,0,0,0,0,0,0,0,0,0,0,0,0,0,0,0,0,0
127,0,94,9,0,0,0,0,0,0,1,0,0,0,0,0,44,1,95,22,24,20,22,70,9,0,0,0,0,0,0,0,0,0,0,0,0,0,0,0,0,0,0,0,0,0,0,0,0,0,0,0
127,0,94,10,0,0,0,0,0,0,1,0,0,0,0,0,44,1,81,22,24,20,22,70,0,0,0,0,0,0,0,0,0,0,0,0,0,0,0,0,0,0,0,0,0,0,0,0,0,0,0,0
127,0,96,10,0,0,0,0,0,0,1,0,0,0,0,0,44,1,100,22,24,20,22,69,80,0,0,0,0,0,0,0,0,0,0,0,0,0,0,0,0,0,0,0,0,0,0,0,0,0,0,0
127,0,94,10,0,0,0,0,0,0,1,0,0,0,0,0,44,1,94,22,24,20,22,70,0,0,0,0,0,0,0,0,0,0,0,0,0,0,0,0,0,0,0,0,0,0,0,0,0,0,0,0
127,0,94,10,0,0,0,0,0,0,1,0,0,0,0,0,44,1,82,22,24,20,22,70,0,0,0,0,0,0,0,0,0,0,0,0,0,0,0,0,0,0,0,0,0,0,0,0,0,0,0,0
127,0,96,10,0,0,0,0,0,0,1,0,0,0,0,0,44,1,99,22,24,20,22,70,19,0,0,0,0,0,0,0,0,0,0,0,0,0,0,0,0,0,0,0,0,0,0,0,0,0,0,0
127,0,96,10,0,0,0,0,0,0,1,0,0,0,0,0,44,1,93,22,24,20,22,70,30,0,0,0,0,0,0,0,0,0,0,0,0,0,0,0,0,0,0,0,0,0,0,0,0,0,0,0
127,0,96,10,0,0,0,0,0,0,1,0,0,0,0,0,44,1,89,22,24,20,22,70,40,0,0,0,0,0,0,0,0,0,0,0,0,0,0,0,0,0,0,0,0,0,0,0,0,0,0,0
127,0,96,10,0,0,0,0,0,0,1,0,0,0,0,0,44,1,96,22,24,20,22,70,40,0,0,0,0,0,0,0,0,0,0,0,0,0,0,0,0,0,0,0,0,0,0,0,0,0,0,0
127,0,96,10,0,0,0,0,0,0,1,0,0,0,0,0,44,1,85,22,24,20,22,70,40,0,0,0,0,0,0,0,0,0,0,0,0,0,0,0,0,0,0,0,0,0,0,0,0,0,0,0
127,0,94,10,0,0,0,0,0,0,1,0,0,0,0,0,44,1,98,22,24,20,22,70,9,0,0,0,0,0,0,0,0,0,0,0,0,0,0,0,0,0,0,0,0,0,0,0,0,0,0,0
127,0,96,10,0,0,0,0,0,0,1,0,0,0,0,0,44,1,83,22,24,20,22,70,0,0,0,0,0,0,0,0,0,0,0,0,0,0,0,0,0,0,0,0,0,0,0,0,0,0,0,0
127,0,96,10,0,0,0,0,0,0,1,0,0,0,0,0,44,1,99,22,24,20,22,70,0,0,0,0,0,0,0,0,0,0,0,0,0,0,0,0,0,0,0,0,0,0,0,0,0,0,0,0
127,0,94,10,0,0,0,0,0,0,1,0,0,0,0,0,44,1,81,22,24,20,22,70,9,0,0,0,0,0,0,0,0,0,0,0,0,0,0,0,0,0,0,0,0,0,0,0,0,0,0,0
127,0,96,10,0,0,0,0,0,0,1,0,0,0,0,0,44,1,100,22,24,20,22,70,19,0,0,0,0,0,0,0,0,0,0,0,0,0,0,0,0,0,0,0,0,0,0,0,0,0,0,0
127,0,96,10,0,0,0,0,0,0,1,0,0,0,0,0,44,1,90,22,24,20,22,70,19,0,0,0,0,0,0,0,0,0,0,0,0,0,0,0,0,0,0,0,0,0,0,0,0,0,0,0
127,0,96,10,0,0,0,0,0,0,1,0,0,0,0,0,44,1,92,22,24,10,22,70,19,0,0,0,0,0,0,0,0,0,0,0,0,0,0,0,0,0,0,0,0,0,0,0,0,0,0,0
127,0,96,10,0,0,0,0,0,0,1,0,0,0,0,0,44,1,97,22,24,20,22,70,40,0,0,0,0,0,0,0,0,0,0,0,0,0,0,0,0,0,0,0,0,0,0,0,0,0,0,0
127,0,96,10,0,0,0,0,0,0,1,0,0,0,0,0,44,1,82,22,24,20,22,70,50,0,0,0,0,0,0,0,0,0,0,0,0,0,0,0,0,0,0,0,0,0,0,0,0,0,0,0
127,0,96,9,0,0,0,0,0,0,1,0,0,0,0,0,44,1,96,22,24,10,22,70,40,0,0,0,0,0,0,0,0,0,0,0,0,0,0,0,0,0,0,0,0,0,0,0,0,0,0,0
127,0,96,10,0,0,0,0,0,0,1,0,0,0,0,0,44,1,97,22,24,10,22,70,40,0,0,0,0,0,0,0,0,0,0,0,0,0,0,0,0,0,0,0,0,0,0,0,0,0,0,0
127,0,94,10,0,0,0,0,0,0,1,0,0,0,0,0,44,1,87,22,24,10,22,70,0,0,0,0,0,0,0,0,0,0,0,0,0,0,0,0,0,0,0,0,0,0,0,0,0,0,0,0
127,0,96,10,0,0,0,0,0,0,1,0,0,0,0,0,44,1,88,22,24,20,22,69,80,0,0,0,0,0,0,0,0,0,0,0,0,0,0,0,0,0,0,0,0,0,0,0,0,0,0,0
127,0,96,10,0,0,0,0,0,0,1,0,0,0,0,0,44,1,99,22,24,10,22,69,80,0,0,0,0,0,0,0,0,0,0,0,0,0,0,0,0,0,0,0,0,0,0,0,0,0,0,0
127,0,96,10,0,0,0,0,0,0,1,0,0,0,0,0,44,1,95,22,24,20,22,70,9,0,0,0,0,0,0,0,0,0,0,0,0,0,0,0,0,0,0,0,0,0,0,0,0,0,0,0
127,0,94,10,0,0,0,0,0,0,1,0,0,0,0,0,44,1,81,22,24,10,22,69,90,0,0,0,0,0,0,0,0,0,0,0,0,0,0,0,0,0,0,0,0,0,0,0,0,0,0,0
127,0,96,10,0,0,0,0,0,0,1,0,0,0,0,0,44,1,92,22,24,10,22,70,0,0,0,0,0,0,0,0,0,0,0,0,0,0,0,0,0,0,0,0,0,0,0,0,0,0,0,0
127,0,96,10,0,0,0,0,0,0,1,0,0,0,0,0,44,1,98,22,24,10,22,70,9,0,0,0,0,0,0,0,0,0,0,0,0,0,0,0,0,0,0,0,0,0,0,0,0,0,0,0
127,0,96,10,0,0,0,0,0,0,1,0,0,0,0,0,44,1,90,22,24,10,22,70,19,0,0,0,0,0,0,0,0,0,0,0,0,0,0,0,0,0,0,0,0,0,0,0,0,0,0,0
127,0,96,10,0,0,0,0,0,0,1,0,0,0,0,0,44,1,87,22,24,10,22,70,40,0,0,0,0,0,0,0,0,0,0,0,0,0,0,0,0,0,0,0,0,0,0,0,0,0,0,0
127,0,96,10,0,0,0,0,0,0,1,0,0,0,0,0,44,1,99,22,24,10,22,70,40,0,0,0,0,0,0,0,0,0,0,0,0,0,0,0,0,0,0,0,0,0,0,0,0,0,0,0
127,0,96,10,0,0,0,0,0,0,1,0,0,0,0,0,44,1,89,22,24,10,22,70,40,0,0,0,0,0,0,0,0,0,0,0,0,0,0,0,0,0,0,0,0,0,0,0,0,0,0,0
127,0,96,10,0,0,0,0,0,0,1,0,0,0,0,0,44,1,93,22,24,10,22,70,30,0,0,0,0,0,0,0,0,0,0,0,0,0,0,0,0,0,0,0,0,0,0,0,0,0,0,0
127,0,96,10,0,0,0,0,0,0,1,0,0,0,0,0,44,1,97,22,24,10,22,70,30,0,0,0,0,0,0,0,0,0,0,0,0,0,0,0,0,0,0,0,0,0,0,0,0,0,0,0
127,0,96,10,0,0,0,0,0,0,1,0,0,0,0,0,44,1,82,22,24,10,22,70,30,0,0,0,0,0,0,0,0,0,0,0,0,0,0,0,0,0,0,0,0,0,0,0,0,0,0,0
127,0,94,10,0,0,0,0,0,0,1,0,0,0,0,0,44,1,99,22,24,10,22,70,59,0,0,0,0,0,0,0,0,0,0,0,0,0,0,0,0,0,0,0,0,0,0,0,0,0,0,0
127,0,96,10,0,0,0,0,0,0,1,0,0,0,0,0,44,1,93,22,24,10,22,70,50,0,0,0,0,0,0,0,0,0,0,0,0,0,0,0,0,0,0,0,0,0,0,0,0,0,0,0
127,0,96,9,0,0,0,0,0,0,1,0,0,0,0,0,44,1,92,22,24,10,22,70,59,0,0,0,0,0,0,0,0,0,0,0,0,0,0,0,0,0,0,0,0,0,0,0,0,0,0,0
127,0,96,10,0,0,0,0,0,0,1,0,0,0,0,0,44,1,95,22,24,10,22,70,69,0,0,0,0,0,0,0,0,0,0,0,0,0,0,0,0,0,0,0,0,0,0,0,0,0,0,0
127,0,96,10,0,0,0,0,0,0,1,0,0,0,0,0,44,1,87,22,24,10,22,70,80,0,0,0,0,0,0,0,0,0,0,0,0,0,0,0,0,0,0,0,0,0,0,0,0,0,0,0
127,0,96,10,0,0,0,0,0,0,1,0,0,0,0,0,44,1,94,22,24,10,22,70,80,0,0,0,0,0,0,0,0,0,0,0,0,0,0,0,0,0,0,0,0,0,0,0,0,0,0,0
127,0,96,10,0,0,0,0,0,0,1,0,0,0,0,0,44,1,89,22,24,10,22,70,80,0,0,0,0,0,0,0,0,0,0,0,0,0,0,0,0,0,0,0,0,0,0,0,0,0,0,0
127,0,96,10,0,0,0,0,0,0,1,0,0,0,0,0,44,1,94,22,24,10,22,70,69,0,0,0,0,0,0,0,0,0,0,0,0,0,0,0,0,0,0,0,0,0,0,0,0,0,0,0
127,0,96,10,0,0,0,0,0,0,1,0,0,0,0,0,44,1,92,22,24,10,22,70,30,0,0,0,0,0,0,0,0,0,0,0,0,0,0,0,0,0,0,0,0,0,0,0,0,0,0,0
127,0,96,10,0,0,0,0,0,0,1,0,0,0,0,0,44,1,93,22,24,10,22,70,9,0,0,0,0,0,0,0,0,0,0,0,0,0,0,0,0,0,0,0,0,0,0,0,0,0,0,0
127,0,96,10,0,0,0,0,0,0,1,0,0,0,0,0,44,1,92,22,24,10,22,70,9,0,0,0,0,0,0,0,0,0,0,0,0,0,0,0,0,0,0,0,0,0,0,0,0,0,0,0
127,0,96,10,0,0,0,0,0,0,1,0,0,0,0,0,44,1,95,22,24,10,22,70,9,0,0,0,0,0,0,0,0,0,0,0,0,0,0,0,0,0,0,0,0,0,0,0,0,0,0,0
127,0,96,10,0,0,0,0,0,0,1,0,0,0,0,0,44,1,85,22,24,10,22,70,19,0,0,0,0,0,0,0,0,0,0,0,0,0,0,0,0,0,0,0,0,0,0,0,0,0,0,0
127,0,94,10,0,0,0,0,0,0,1,0,0,0,0,0,44,1,97,22,24,10,22,70,30,0,0,0,0,0,0,0,0,0,0,0,0,0,0,0,0,0,0,0,0,0,0,0,0,0,0,0
127,0,94,10,0,0,0,0,0,0,1,0,0,0,0,0,44,1,81,22,24,0,22,70,30,0,0,0,0,0,0,0,0,0,0,0,0,0,0,0,0,0,0,0,0,0,0,0,0,0,0,0
127,0,96,10,0,0,0,0,0,0,1,0,0,0,0,0,44,1,100,22,24,0,22,70,40,0,0,0,0,0,0,0,0,0,0,0,0,0,0,0,0,0,0,0,0,0,0,0,0,0,0,0
127,0,96,10,0,0,0,0,0,0,1,0,0,0,0,0,44,1,93,22,24,10,22,70,69,0,0,0,0,0,0,0,0,0,0,0,0,0,0,0,0,0,0,0,0,0,0,0,0,0,0,0
127,0,96,10,0,0,0,0,0,0,1,0,0,0,0,0,44,1,86,22,24,0,22,70,59,0,0,0,0,0,0,0,0,0,0,0,0,0,0,0,0,0,0,0,0,0,0,0,0,0,0,0
127,0,96,10,0,0,0,0,0,0,1,0,0,0,0,0,44,1,99,22,24,0,22,70,59,0,0,0,0,0,0,0,0,0,0,0,0,0,0,0,0,0,0,0,0,0,0,0,0,0,0,0
127,0,96,10,0,0,0,0,0,0,1,0,0,0,0,0,44,1,87,22,24,0,22,70,50,0,0,0,0,0,0,0,0,0,0,0,0,0,0,0,0,0,0,0,0,0,0,0,0,0,0,0
127,0,96,10,0,0,0,0,0,0,1,0,0,0,0,0,44,1,95,22,24,0,22,70,50,0,0,0,0,0,0,0,0,0,0,0,0,0,0,0,0,0,0,0,0,0,0,0,0,0,0,0
127,0,96,10,0,0,0,0,0,0,1,0,0,0,0,0,44,1,95,22,24,0,22,70,59,0,0,0,0,0,0,0,0,0,0,0,0,0,0,0,0,0,0,0,0,0,0,0,0,0,0,0
127,0,96,10,0,0,0,0,0,0,1,0,0,0,0,0,44,1,85,22,24,0,22,70,69,0,0,0,0,0,0,0,0,0,0,0,0,0,0,0,0,0,0,0,0,0,0,0,0,0,0,0
127,0,96,10,0,0,0,0,0,0,1,0,0,0,0,0,44,1,97,22,24,0,22,70,80,0,0,0,0,0,0,0,0,0,0,0,0,0,0,0,0,0,0,0,0,0,0,0,0,0,0,0
127,0,94,10,0,0,0,0,0,0,1,0,0,0,0,0,44,1,80,22,24,10,22,71,0,0,0,0,0,0,0,0,0,0,0,0,0,0,0,0,0,0,0,0,0,0,0,0,0,0,0,0
127,0,96,10,0,0,0,0,0,0,1,0,0,0,0,0,44,1,98,22,24,0,22,71,0,0,0,0,0,0,0,0,0,0,0,0,0,0,0,0,0,0,0,0,0,0,0,0,0,0,0,0
127,0,94,10,0,0,0,0,0,0,1,0,0,0,0,0,44,1,81,22,24,0,22,71,19,0,0,0,0,0,0,0,0,0,0,0,0,0,0,0,0,0,0,0,0,0,0,0,0,0,0,0
127,0,96,10,0,0,0,0,0,0,1,0,0,0,0,0,44,1,97,22,24,0,22,71,19,0,0,0,0,0,0,0,0,0,0,0,0,0,0,0,0,0,0,0,0,0,0,0,0,0,0,0
127,0,96,9,0,0,0,0,0,0,1,0,0,0,0,0,44,1,87,22,24,0,22,71,30,0,0,0,0,0,0,0,0,0,0,0,0,0,0,0,0,0,0,0,0,0,0,0,0,0,0,0
127,0,96,10,0,0,0,0,0,0,1,0,0,0,0,0,44,1,95,22,24,0,22,71,30,0,0,0,0,0,0,0,0,0,0,0,0,0,0,0,0,0,0,0,0,0,0,0,0,0,0,0
127,0,96,10,0,0,0,0,0,0,1,0,0,0,0,0,44,1,87,22,24,0,22,71,30,0,0,0,0,0,0,0,0,0,0,0,0,0,0,0,0,0,0,0,0,0,0,0,0,0,0,0
127,0,94,10,0,0,0,0,0,0,1,0,0,0,0,0,44,1,97,22,24,0,22,71,40,0,0,0,0,0,0,0,0,0,0,0,0,0,0,0,0,0,0,0,0,0,0,0,0,0,0,0
127,0,96,10,0,0,0,0,0,0,1,0,0,0,0,0,44,1,81,22,24,0,22,71,59,0,0,0,0,0,0,0,0,0,0,0,0,0,0,0,0,0,0,0,0,0,0,0,0,0,0,0
127,0,96,10,0,0,0,0,0,0,1,0,0,0,0,0,44,1,99,22,24,0,22,71,59,0,0,0,0,0,0,0,0,0,0,0,0,0,0,0,0,0,0,0,0,0,0,0,0,0,0,0
127,0,96,10,0,0,0,0,0,0,1,0,0,0,0,0,44,1,90,22,24,0,22,71,69,0,0,0,0,0,0,0,0,0,0,0,0,0,0,0,0,0,0,0,0,0,0,0,0,0,0,0
127,0,96,10,0,0,0,0,0,0,1,0,0,0,0,0,44,1,90,22,24,0,22,71,69,0,0,0,0,0,0,0,0,0,0,0,0,0,0,0,0,0,0,0,0,0,0,0,0,0,0,0
127,0,96,10,0,0,0,0,0,0,1,0,0,0,0,0,44,1,98,22,24,10,22,72,9,0,0,0,0,0,0,0,0,0,0,0,0,0,0,0,0,0,0,0,0,0,0,0,0,0,0,0
127,0,96,10,0,0,0,0,0,0,1,0,0,0,0,0,44,1,87,22,24,10,22,72,40,0,0,0,0,0,0,0,0,0,0,0,0,0,0,0,0,0,0,0,0,0,0,0,0,0,0,0
127,0,96,10,0,0,0,0,0,0,1,0,0,0,0,0,44,1,92,22,24,10,22,72,50,0,0,0,0,0,0,0,0,0,0,0,0,0,0,0,0,0,0,0,0,0,0,0,0,0,0,0
127,0,96,10,0,0,0,0,0,0,1,0,0,0,0,0,44,1,98,22,24,10,22,72,50,0,0,0,0,0,0,0,0,0,0,0,0,0,0,0,0,0,0,0,0,0,0,0,0,0,0,0
127,0,94,10,0,0,0,0,0,0,1,0,0,0,0,0,44,1,82,22,24,10,22,72,50,0,0,0,0,0,0,0,0,0,0,0,0,0,0,0,0,0,0,0,0,0,0,0,0,0,0,0
127,0,96,10,0,0,0,0,0,0,1,0,0,0,0,0,44,1,101,22,24,10,22,72,50,0,0,0,0,0,0,0,0,0,0,0,0,0,0,0,0,0,0,0,0,0,0,0,0,0,0,0
127,0,96,10,0,0,0,0,0,0,1,0,0,0,0,0,44,1,93,22,24,10,22,72,50,0,0,0,0,0,0,0,0,0,0,0,0,0,0,0,0,0,0,0,0,0,0,0,0,0,0,0
127,0,96,10,0,0,0,0,0,0,1,0,0,0,0,0,44,1,93,22,24,10,22,72,50,0,0,0,0,0,0,0,0,0,0,0,0,0,0,0,0,0,0,0,0,0,0,0,0,0,0,0
127,0,96,10,0,0,0,0,0,0,1,0,0,0,0,0,44,1,95,22,24,10,22,72,50,0,0,0,0,0,0,0,0,0,0,0,0,0,0,0,0,0,0,0,0,0,0,0,0,0,0,0
127,0,96,10,0,0,0,0,0,0,1,0,0,0,0,0,44,1,85,22,24,10,22,72,59,0,0,0,0,0,0,0,0,0,0,0,0,0,0,0,0,0,0,0,0,0,0,0,0,0,0,0
127,0,96,10,0,0,0,0,0,0,1,0,0,0,0,0,44,1,98,22,24,10,22,72,59,0,0,0,0,0,0,0,0,0,0,0,0,0,0,0,0,0,0,0,0,0,0,0,0,0,0,0
127,0,96,10,0,0,0,0,0,0,1,0,0,0,0,0,44,1,82,22,24,20,22,72,59,0,0,0,0,0,0,0,0,0,0,0,0,0,0,0,0,0,0,0,0,0,0,0,0,0,0,0
127,0,96,10,0,0,0,0,0,0,1,0,0,0,0,0,44,1,99,22,24,10,22,72,40,0,0,0,0,0,0,0,0,0,0,0,0,0,0,0,0,0,0,0,0,0,0,0,0,0,0,0
127,0,96,12,0,0,0,0,0,0,1,0,0,0,0,0,44,1,94,22,24,20,22,72,40,0,0,0,0,0,0,0,0,0,0,0,0,0,0,0,0,0,0,0,0,0,0,0,0,0,0,0
127,0,96,10,0,0,0,0,0,0,1,0,0,0,0,0,44,1,85,22,24,20,22,72,30,0,0,0,0,0,0,0,0,0,0,0,0,0,0,0,0,0,0,0,0,0,0,0,0,0,0,0
127,0,96,9,0,0,0,0,0,0,1,0,0,0,0,0,44,1,98,22,24,20,22,72,30,0,0,0,0,0,0,0,0,0,0,0,0,0,0,0,0,0,0,0,0,0,0,0,0,0,0,0
127,0,96,10,0,0,0,0,0,0,1,0,0,0,0,0,44,1,88,22,24,20,22,72,50,0,0,0,0,0,0,0,0,0,0,0,0,0,0,0,0,0,0,0,0,0,0,0,0,0,0,0
127,0,96,10,0,0,0,0,0,0,1,0,0,0,0,0,44,1,94,22,24,20,22,72,59,0,0,0,0,0,0,0,0,0,0,0,0,0,0,0,0,0,0,0,0,0,0,0,0,0,0,0
127,0,96,10,0,0,0,0,0,0,1,0,0,0,0,0,44,1,95,22,24,20,22,72,59,0,0,0,0,0,0,0,0,0,0,0,0,0,0,0,0,0,0,0,0,0,0,0,0,0,0,0
127,0,96,10,0,0,0,0,0,0,1,0,0,0,0,0,44,1,82,22,24,20,22,72,59,0,0,0,0,0,0,0,0,0,0,0,0,0,0,0,0,0,0,0,0,0,0,0,0,0,0,0
127,0,96,10,0,0,0,0,0,0,1,0,0,0,0,0,44,1,99,22,24,20,22,72,50,0,0,0,0,0,0,0,0,0,0,0,0,0,0,0,0,0,0,0,0,0,0,0,0,0,0,0
127,0,96,9,0,0,0,0,0,0,1,0,0,0,0,0,44,1,90,22,24,20,22,72,40,0,0,0,0,0,0,0,0,0,0,0,0,0,0,0,0,0,0,0,0,0,0,0,0,0,0,0
127,0,96,10,0,0,0,0,0,0,1,0,0,0,0,0,44,1,90,22,24,20,22,72,30,0,0,0,0,0,0,0,0,0,0,0,0,0,0,0,0,0,0,0,0,0,0,0,0,0,0,0
127,0,96,11,0,0,0,0,0,0,1,0,0,0,0,0,44,1,98,22,24,20,22,72,30,0,0,0,0,0,0,0,0,0,0,0,0,0,0,0,0,0,0,0,0,0,0,0,0,0,0,0
127,0,94,9,0,0,0,0,0,0,1,0,0,0,0,0,44,1,81,22,24,20,22,72,30,0,0,0,0,0,0,0,0,0,0,0,0,0,0,0,0,0,0,0,0,0,0,0,0,0,0,0
127,0,96,10,0,0,0,0,0,0,1,0,0,0,0,0,44,1,93,22,24,20,22,72,19,0,0,0,0,0,0,0,0,0,0,0,0,0,0,0,0,0,0,0,0,0,0,0,0,0,0,0
127,0,96,10,0,0,0,0,0,0,1,0,0,0,0,0,44,1,98,22,24,20,22,72,9,0,0,0,0,0,0,0,0,0,0,0,0,0,0,0,0,0,0,0,0,0,0,0,0,0,0,0
127,0,96,9,0,0,0,0,0,0,1,0,0,0,0,0,44,1,93,22,24,20,22,72,0,0,0,0,0,0,0,0,0,0,0,0,0,0,0,0,0,0,0,0,0,0,0,0,0,0,0,0
127,0,96,9,0,0,0,0,0,0,1,0,0,0,0,0,44,1,82,22,24,20,22,72,0,0,0,0,0,0,0,0,0,0,0,0,0,0,0,0,0,0,0,0,0,0,0,0,0,0,0,0
127,0,96,10,0,0,0,0,0,0,1,0,0,0,0,0,44,1,100,22,24,20,22,72,0,0,0,0,0,0,0,0,0,0,0,0,0,0,0,0,0,0,0,0,0,0,0,0,0,0,0,0
127,0,96,10,0,0,0,0,0,0,1,0,0,0,0,0,44,1,95,22,24,20,22,72,0,0,0,0,0,0,0,0,0,0,0,0,0,0,0,0,0,0,0,0,0,0,0,0,0,0,0,0
127,0,96,10,0,0,0,0,0,0,1,0,0,0,0,0,44,1,80,22,24,29,22,72,9,0,0,0,0,0,0,0,0,0,0,0,0,0,0,0,0,0,0,0,0,0,0,0,0,0,0,0
127,0,96,12,0,0,0,0,0,0,1,0,0,0,0,0,44,1,99,22,24,20,22,72,0,0,0,0,0,0,0,0,0,0,0,0,0,0,0,0,0,0,0,0,0,0,0,0,0,0,0,0
127,0,98,10,0,0,0,0,0,0,1,0,0,0,0,0,44,1,95,22,24,20,22,72,0,0,0,0,0,0,0,0,0,0,0,0,0,0,0,0,0,0,0,0,0,0,0,0,0,0,0,0
127,0,96,10,0,0,0,0,0,0,1,0,0,0,0,0,44,1,81,22,24,20,22,72,9,0,0,0,0,0,0,0,0,0,0,0,0,0,0,0,0,0,0,0,0,0,0,0,0,0,0,0
127,0,96,11,0,0,0,0,0,0,1,0,0,0,0,0,44,1,100,22,24,20,22,72,9,0,0,0,0,0,0,0,0,0,0,0,0,0,0,0,0,0,0,0,0,0,0,0,0,0,0,0
127,0,96,10,0,0,0,0,0,0,1,0,0,0,0,0,44,1,94,22,24,20,22,72,19,0,0,0,0,0,0,0,0,0,0,0,0,0,0,0,0,0,0,0,0,0,0,0,0,0,0,0
127,0,96,10,0,0,0,0,0,0,1,0,0,0,0,0,44,1,81,22,24,20,22,72,0,0,0,0,0,0,0,0,0,0,0,0,0,0,0,0,0,0,0,0,0,0,0,0,0,0,0,0
127,0,96,10,0,0,0,0,0,0,1,0,0,0,0,0,44,1,98,22,24,20,22,71,90,0,0,0,0,0,0,0,0,0,0,0,0,0,0,0,0,0,0,0,0,0,0,0,0,0,0,0
127,0,96,10,0,0,0,0,0,0,1,0,0,0,0,0,44,1,97,22,24,20,22,71,90,0,0,0,0,0,0,0,0,0,0,0,0,0,0,0,0,0,0,0,0,0,0,0,0,0,0,0
127,0,96,10,0,0,0,0,0,0,1,0,0,0,0,0,44,1,88,22,24,20,22,71,90,0,0,0,0,0,0,0,0,0,0,0,0,0,0,0,0,0,0,0,0,0,0,0,0,0,0,0
127,0,96,12,0,0,0,0,0,0,1,0,0,0,0,0,44,1,87,22,24,29,22,72,0,0,0,0,0,0,0,0,0,0,0,0,0,0,0,0,0,0,0,0,0,0,0,0,0,0,0,0
127,0,96,10,0,0,0,0,0,0,1,0,0,0,0,0,44,1,100,22,24,20,22,71,90,0,0,0,0,0,0,0,0,0,0,0,0,0,0,0,0,0,0,0,0,0,0,0,0,0,0,0
127,0,96,10,0,0,0,0,0,0,1,0,0,0,0,0,44,1,95,22,24,29,22,72,9,0,0,0,0,0,0,0,0,0,0,0,0,0,0,0,0,0,0,0,0,0,0,0,0,0,0,0
127,0,96,10,0,0,0,0,0,0,1,0,0,0,0,0,44,1,81,22,24,29,22,72,9,0,0,0,0,0,0,0,0,0,0,0,0,0,0,0,0,0,0,0,0,0,0,0,0,0,0,0
127,0,94,10,0,0,0,0,0,0,1,0,0,0,0,0,44,1,97,22,24,29,22,72,9,0,0,0,0,0,0,0,0,0,0,0,0,0,0,0,0,0,0,0,0,0,0,0,0,0,0,0
127,0,96,9,0,0,0,0,0,0,1,0,0,0,0,0,44,1,97,22,24,29,22,72,0,0,0,0,0,0,0,0,0,0,0,0,0,0,0,0,0,0,0,0,0,0,0,0,0,0,0,0
127,0,96,9,0,0,0,0,0,0,1,0,0,0,0,0,44,1,81,22,24,29,22,72,0,0,0,0,0,0,0,0,0,0,0,0,0,0,0,0,0,0,0,0,0,0,0,0,0,0,0,0
127,0,96,10,0,0,0,0,0,0,1,0,0,0,0,0,44,1,100,22,24,29,22,72,0,0,0,0,0,0,0,0,0,0,0,0,0,0,0,0,0,0,0,0,0,0,0,0,0,0,0,0
127,0,96,10,0,0,0,0,0,0,1,0,0,0,0,0,44,1,92,22,24,29,22,71,90,0,0,0,0,0,0,0,0,0,0,0,0,0,0,0,0,0,0,0,0,0,0,0,0,0,0,0
127,0,96,10,0,0,0,0,0,0,1,0,0,0,0,0,44,1,93,22,24,29,22,71,90,0,0,0,0,0,0,0,0,0,0,0,0,0,0,0,0,0,0,0,0,0,0,0,0,0,0,0
127,0,96,10,0,0,0,0,0,0,1,0,0,0,0,0,44,1,95,22,24,29,22,71,80,0,0,0,0,0,0,0,0,0,0,0,0,0,0,0,0,0,0,0,0,0,0,0,0,0,0,0
127,0,96,10,0,0,0,0,0,0,1,0,0,0,0,0,44,1,89,22,24,29,22,71,80,0,0,0,0,0,0,0,0,0,0,0,0,0,0,0,0,0,0,0,0,0,0,0,0,0,0,0
127,0,96,9,0,0,0,0,0,0,1,0,0,0,0,0,44,1,95,22,24,29,22,71,69,0,0,0,0,0,0,0,0,0,0,0,0,0,0,0,0,0,0,0,0,0,0,0,0,0,0,0
127,0,96,10,0,0,0,0,0,0,1,0,0,0,0,0,44,1,90,22,24,29,22,71,90,0,0,0,0,0,0,0,0,0,0,0,0,0,0,0,0,0,0,0,0,0,0,0,0,0,0,0
127,0,96,10,0,0,0,0,0,0,1,0,0,0,0,0,44,1,95,22,24,29,22,71,80,0,0,0,0,0,0,0,0,0,0,0,0,0,0,0,0,0,0,0,0,0,0,0,0,0,0,0
127,0,96,10,0,0,0,0,0,0,1,0,0,0,0,0,44,1,89,22,24,29,22,71,59,0,0,0,0,0,0,0,0,0,0,0,0,0,0,0,0,0,0,0,0,0,0,0,0,0,0,0
127,0,96,10,0,0,0,0,0,0,1,0,0,0,0,0,44,1,97,22,24,29,22,71,59,0,0,0,0,0,0,0,0,0,0,0,0,0,0,0,0,0,0,0,0,0,0,0,0,0,0,0
127,0,94,12,0,0,0,0,0,0,1,0,0,0,0,0,44,1,85,22,24,29,22,71,19,0,0,0,0,0,0,0,0,0,0,0,0,0,0,0,0,0,0,0,0,0,0,0,0,0,0,0
127,0,96,10,0,0,0,0,0,0,1,0,0,0,0,0,44,1,99,22,24,29,22,71,19,0,0,0,0,0,0,0,0,0,0,0,0,0,0,0,0,0,0,0,0,0,0,0,0,0,0,0
127,0,96,10,0,0,0,0,0,0,1,0,0,0,0,0,44,1,84,22,24,29,22,71,9,0,0,0,0,0,0,0,0,0,0,0,0,0,0,0,0,0,0,0,0,0,0,0,0,0,0,0
127,0,96,9,0,0,0,0,0,0,1,0,0,0,0,0,44,1,100,22,24,29,22,71,19,0,0,0,0,0,0,0,0,0,0,0,0,0,0,0,0,0,0,0,0,0,0,0,0,0,0,0
127,0,96,10,0,0,0,0,0,0,1,0,0,0,0,0,44,1,94,22,24,29,22,71,30,0,0,0,0,0,0,0,0,0,0,0,0,0,0,0,0,0,0,0,0,0,0,0,0,0,0,0
127,0,96,10,0,0,0,0,0,0,1,0,0,0,0,0,44,1,87,22,24,29,22,71,30,0,0,0,0,0,0,0,0,0,0,0,0,0,0,0,0,0,0,0,0,0,0,0,0,0,0,0
127,0,96,10,0,0,0,0,0,0,1,0,0,0,0,0,44,1,98,22,24,29,22,71,40,0,0,0,0,0,0,0,0,0,0,0,0,0,0,0,0,0,0,0,0,0,0,0,0,0,0,0
127,0,96,10,0,0,0,0,0,0,1,0,0,0,0,0,44,1,81,22,24,29,22,71,59,0,0,0,0,0,0,0,0,0,0,0,0,0,0,0,0,0,0,0,0,0,0,0,0,0,0,0
127,0,96,10,0,0,0,0,0,0,1,0,0,0,0,0,44,1,100,22,24,29,22,71,59,0,0,0,0,0,0,0,0,0,0,0,0,0,0,0,0,0,0,0,0,0,0,0,0,0,0,0
127,0,98,10,0,0,0,0,0,0,1,0,0,0,0,0,44,1,87,22,24,29,22,71,59,0,0,0,0,0,0,0,0,0,0,0,0,0,0,0,0,0,0,0,0,0,0,0,0,0,0,0
127,0,96,10,0,0,0,0,0,0,1,0,0,0,0,0,44,1,100,22,24,29,22,71,50,0,0,0,0,0,0,0,0,0,0,0,0,0,0,0,0,0,0,0,0,0,0,0,0,0,0,0
127,0,96,10,0,0,0,0,0,0,1,0,0,0,0,0,44,1,94,22,24,29,22,71,50,0,0,0,0,0,0,0,0,0,0,0,0,0,0,0,0,0,0,0,0,0,0,0,0,0,0,0
127,0,96,10,0,0,0,0,0,0,1,0,0,0,0,0,44,1,84,22,24,29,22,71,19,0,0,0,0,0,0,0,0,0,0,0,0,0,0,0,0,0,0,0,0,0,0,0,0,0,0,0
127,0,96,10,0,0,0,0,0,0,1,0,0,0,0,0,44,1,99,22,24,29,22,71,19,0,0,0,0,0,0,0,0,0,0,0,0,0,0,0,0,0,0,0,0,0,0,0,0,0,0,0
127,0,96,10,0,0,0,0,0,0,1,0,0,0,0,0,44,1,92,22,24,29,22,71,19,0,0,0,0,0,0,0,0,0,0,0,0,0,0,0,0,0,0,0,0,0,0,0,0,0,0,0
127,0,96,10,0,0,0,0,0,0,1,0,0,0,0,0,44,1,90,22,24,29,22,71,19,0,0,0,0,0,0,0,0,0,0,0,0,0,0,0,0,0,0,0,0,0,0,0,0,0,0,0
127,0,96,10,0,0,0,0,0,0,1,0,0,0,0,0,44,1,98,22,24,29,22,71,9,0,0,0,0,0,0,0,0,0,0,0,0,0,0,0,0,0,0,0,0,0,0,0,0,0,0,0
127,0,96,10,0,0,0,0,0,0,1,0,0,0,0,0,44,1,87,22,24,29,22,71,19,0,0,0,0,0,0,0,0,0,0,0,0,0,0,0,0,0,0,0,0,0,0,0,0,0,0,0
127,0,96,10,0,0,0,0,0,0,1,0,0,0,0,0,44,1,93,22,24,29,22,71,30,0,0,0,0,0,0,0,0,0,0,0,0,0,0,0,0,0,0,0,0,0,0,0,0,0,0,0
127,0,96,9,0,0,0,0,0,0,1,0,0,0,0,0,44,1,98,22,24,20,22,71,40,0,0,0,0,0,0,0,0,0,0,0,0,0,0,0,0,0,0,0,0,0,0,0,0,0,0,0
127,0,96,10,0,0,0,0,0,0,1,0,0,0,0,0,44,1,88,22,24,29,22,71,50,0,0,0,0,0,0,0,0,0,0,0,0,0,0,0,0,0,0,0,0,0,0,0,0,0,0,0
127,0,96,10,0,0,0,0,0,0,1,0,0,0,0,0,44,1,93,22,24,29,22,71,50,0,0,0,0,0,0,0,0,0,0,0,0,0,0,0,0,0,0,0,0,0,0,0,0,0,0,0
127,0,96,10,0,0,0,0,0,0,1,0,0,0,0,0,44,1,98,22,24,29,22,71,40,0,0,0,0,0,0,0,0,0,0,0,0,0,0,0,0,0,0,0,0,0,0,0,0,0,0,0
127,0,96,10,0,0,0,0,0,0,1,0,0,0,0,0,44,1,87,22,24,29,22,71,40,0,0,0,0,0,0,0,0,0,0,0,0,0,0,0,0,0,0,0,0,0,0,0,0,0,0,0
127,0,94,10,0,0,0,0,0,0,1,0,0,0,0,0,44,1,88,22,24,29,22,71,30,0,0,0,0,0,0,0,0,0,0,0,0,0,0,0,0,0,0,0,0,0,0,0,0,0,0,0
127,0,96,10,0,0,0,0,0,0,1,0,0,0,0,0,44,1,100,22,24,29,22,71,30,0,0,0,0,0,0,0,0,0,0,0,0,0,0,0,0,0,0,0,0,0,0,0,0,0,0,0
127,0,96,10,0,0,0,0,0,0,1,0,0,0,0,0,44,1,99,22,24,29,22,71,40,0,0,0,0,0,0,0,0,0,0,0,0,0,0,0,0,0,0,0,0,0,0,0,0,0,0,0
127,0,96,10,0,0,0,0,0,0,1,0,0,0,0,0,44,1,98,22,24,29,22,71,50,0,0,0,0,0,0,0,0,0,0,0,0,0,0,0,0,0,0,0,0,0,0,0,0,0,0,0
127,0,96,10,0,0,0,0,0,0,1,0,0,0,0,0,44,1,94,22,24,29,22,71,59,0,0,0,0,0,0,0,0,0,0,0,0,0,0,0,0,0,0,0,0,0,0,0,0,0,0,0
127,0,96,10,0,0,0,0,0,0,1,0,0,0,0,0,44,1,90,22,24,29,22,71,59,0,0,0,0,0,0,0,0,0,0,0,0,0,0,0,0,0,0,0,0,0,0,0,0,0,0,0
127,0,96,10,0,0,0,0,0,0,1,0,0,0,0,0,44,1,83,22,24,29,22,71,69,0,0,0,0,0,0,0,0,0,0,0,0,0,0,0,0,0,0,0,0,0,0,0,0,0,0,0
127,0,96,10,0,0,0,0,0,0,1,0,0,0,0,0,44,1,83,22,24,29,22,71,69,0,0,0,0,0,0,0,0,0,0,0,0,0,0,0,0,0,0,0,0,0,0,0,0,0,0,0
127,0,96,10,0,0,0,0,0,0,1,0,0,0,0,0,44,1,90,22,24,29,22,71,59,0,0,0,0,0,0,0,0,0,0,0,0,0,0,0,0,0,0,0,0,0,0,0,0,0,0,0
127,0,96,10,0,0,0,0,0,0,1,0,0,0,0,0,44,1,100,22,24,29,22,71,50,0,0,0,0,0,0,0,0,0,0,0,0,0,0,0,0,0,0,0,0,0,0,0,0,0,0,0
127,0,96,10,0,0,0,0,0,0,1,0,0,0,0,0,44,1,98,22,24,29,22,71,30,0,0,0,0,0,0,0,0,0,0,0,0,0,0,0,0,0,0,0,0,0,0,0,0,0,0,0
127,0,96,10,0,0,0,0,0,0,1,0,0,0,0,0,44,1,93,22,24,29,22,71,40,0,0,0,0,0,0,0,0,0,0,0,0,0,0,0,0,0,0,0,0,0,0,0,0,0,0,0
127,0,96,9,0,0,0,0,0,0,1,0,0,0,0,0,44,1,82,22,24,29,22,71,30,0,0,0,0,0,0,0,0,0,0,0,0,0,0,0,0,0,0,0,0,0,0,0,0,0,0,0
127,0,96,10,0,0,0,0,0,0,1,0,0,0,0,0,44,1,95,22,24,29,22,71,40,0,0,0,0,0,0,0,0,0,0,0,0,0,0,0,0,0,0,0,0,0,0,0,0,0,0,0
127,0,96,10,0,0,0,0,0,0,1,0,0,0,0,0,44,1,99,22,24,29,22,71,59,0,0,0,0,0,0,0,0,0,0,0,0,0,0,0,0,0,0,0,0,0,0,0,0,0,0,0
127,0,96,10,0,0,0,0,0,0,1,0,0,0,0,0,44,1,97,22,24,29,22,71,80,0,0,0,0,0,0,0,0,0,0,0,0,0,0,0,0,0,0,0,0,0,0,0,0,0,0,0
127,0,96,10,0,0,0,0,0,0,1,0,0,0,0,0,44,1,92,22,24,29,22,71,90,0,0,0,0,0,0,0,0,0,0,0,0,0,0,0,0,0,0,0,0,0,0,0,0,0,0,0
127,0,96,10,0,0,0,0,0,0,1,0,0,0,0,0,44,1,81,22,24,29,22,71,80,0,0,0,0,0,0,0,0,0,0,0,0,0,0,0,0,0,0,0,0,0,0,0,0,0,0,0
127,0,96,10,0,0,0,0,0,0,1,0,0,0,0,0,44,1,101,22,24,29,22,71,80,0,0,0,0,0,0,0,0,0,0,0,0,0,0,0,0,0,0,0,0,0,0,0,0,0,0,0
127,0,96,10,0,0,0,0,0,0,1,0,0,0,0,0,44,1,98,22,24,29,22,71,80,0,0,0,0,0,0,0,0,0,0,0,0,0,0,0,0,0,0,0,0,0,0,0,0,0,0,0
127,0,96,10,0,0,0,0,0,0,1,0,0,0,0,0,44,1,92,22,24,29,22,71,69,0,0,0,0,0,0,0,0,0,0,0,0,0,0,0,0,0,0,0,0,0,0,0,0,0,0,0
127,0,96,10,0,0,0,0,0,0,1,0,0,0,0,0,44,1,86,22,24,29,22,71,19,0,0,0,0,0,0,0,0,0,0,0,0,0,0,0,0,0,0,0,0,0,0,0,0,0,0,0
127,0,96,10,0,0,0,0,0,0,1,0,0,0,0,0,44,1,100,22,24,29,22,71,19,0,0,0,0,0,0,0,0,0,0,0,0,0,0,0,0,0,0,0,0,0,0,0,0,0,0,0
127,0,94,10,0,0,0,0,0,0,1,0,0,0,0,0,44,1,95,22,24,29,22,71,19,0,0,0,0,0,0,0,0,0,0,0,0,0,0,0,0,0,0,0,0,0,0,0,0,0,0,0
127,0,96,10,0,0,0,0,0,0,1,0,0,0,0,0,44,1,82,22,24,29,22,71,30,0,0,0,0,0,0,0,0,0,0,0,0,0,0,0,0,0,0,0,0,0,0,0,0,0,0,0
127,0,96,10,0,0,0,0,0,0,1,0,0,0,0,0,44,1,99,22,24,29,22,71,30,0,0,0,0,0,0,0,0,0,0,0,0,0,0,0,0,0,0,0,0,0,0,0,0,0,0,0
127,0,96,10,0,0,0,0,0,0,1,0,0,0,0,0,44,1,98,22,24,29,22,71,40,0,0,0,0,0,0,0,0,0,0,0,0,0,0,0,0,0,0,0,0,0,0,0,0,0,0,0
127,0,96,10,0,0,0,0,0,0,1,0,0,0,0,0,44,1,85,22,24,29,22,71,40,0,0,0,0,0,0,0,0,0,0,0,0,0,0,0,0,0,0,0,0,0,0,0,0,0,0,0
127,0,96,10,0,0,0,0,0,0,1,0,0,0,0,0,44,1,95,22,24,29,22,71,50,0,0,0,0,0,0,0,0,0,0,0,0,0,0,0,0,0,0,0,0,0,0,0,0,0,0,0
127,0,96,10,0,0,0,0,0,0,1,0,0,0,0,0,44,1,98,22,24,29,22,71,50,0,0,0,0,0,0,0,0,0,0,0,0,0,0,0,0,0,0,0,0,0,0,0,0,0,0,0
127,0,96,10,0,0,0,0,0,0,1,0,0,0,0,0,44,1,82,22,24,29,22,71,50,0,0,0,0,0,0,0,0,0,0,0,0,0,0,0,0,0,0,0,0,0,0,0,0,0,0,0
127,0,96,10,0,0,0,0,0,0,1,0,0,0,0,0,44,1,100,22,24,29,22,71,19,0,0,0,0,0,0,0,0,0,0,0,0,0,0,0,0,0,0,0,0,0,0,0,0,0,0,0
127,0,96,10,0,0,0,0,0,0,1,0,0,0,0,0,44,1,97,22,24,29,22,71,0,0,0,0,0,0,0,0,0,0,0,0,0,0,0,0,0,0,0,0,0,0,0,0,0,0,0,0
127,0,96,10,0,0,0,0,0,0,1,0,0,0,0,0,44,1,82,22,24,29,22,70,90,0,0,0,0,0,0,0,0,0,0,0,0,0,0,0,0,0,0,0,0,0,0,0,0,0,0,0
127,0,96,10,0,0,0,0,0,0,1,0,0,0,0,0,44,1,101,22,24,29,22,71,0,0,0,0,0,0,0,0,0,0,0,0,0,0,0,0,0,0,0,0,0,0,0,0,0,0,0,0
127,0,96,10,0,0,0,0,0,0,1,0,0,0,0,0,44,1,98,22,24,29,22,71,9,0,0,0,0,0,0,0,0,0,0,0,0,0,0,0,0,0,0,0,0,0,0,0,0,0,0,0
127,0,94,10,0,0,0,0,0,0,1,0,0,0,0,0,44,1,88,22,24,29,22,71,0,0,0,0,0,0,0,0,0,0,0,0,0,0,0,0,0,0,0,0,0,0,0,0,0,0,0,0
127,0,96,9,0,0,0,0,0,0,1,0,0,0,0,0,44,1,88,22,24,29,22,71,9,0,0,0,0,0,0,0,0,0,0,0,0,0,0,0,0,0,0,0,0,0,0,0,0,0,0,0
127,0,96,10,0,0,0,0,0,0,1,0,0,0,0,0,44,1,101,22,24,29,22,71,19,0,0,0,0,0,0,0,0,0,0,0,0,0,0,0,0,0,0,0,0,0,0,0,0,0,0,0
127,0,94,10,0,0,0,0,0,0,1,0,0,0,0,0,44,1,98,22,24,29,22,71,30,0,0,0,0,0,0,0,0,0,0,0,0,0,0,0,0,0,0,0,0,0,0,0,0,0,0,0
127,0,96,10,0,0,0,0,0,0,1,0,0,0,0,0,44,1,88,22,24,29,22,71,50,0,0,0,0,0,0,0,0,0,0,0,0,0,0,0,0,0,0,0,0,0,0,0,0,0,0,0
127,0,96,9,0,0,0,0,0,0,1,0,0,0,0,0,44,1,92,22,24,29,22,71,40,0,0,0,0,0,0,0,0,0,0,0,0,0,0,0,0,0,0,0,0,0,0,0,0,0,0,0
127,0,96,10,0,0,0,0,0,0,1,0,0,0,0,0,44,1,100,22,24,29,22,71,19,0,0,0,0,0,0,0,0,0,0,0,0,0,0,0,0,0,0,0,0,0,0,0,0,0,0,0
127,0,96,11,0,0,0,0,0,0,1,0,0,0,0,0,44,1,93,22,24,29,22,71,9,0,0,0,0,0,0,0,0,0,0,0,0,0,0,0,0,0,0,0,0,0,0,0,0,0,0,0
127,0,96,10,0,0,0,0,0,0,1,0,0,0,0,0,44,1,90,22,24,29,22,71,0,0,0,0,0,0,0,0,0,0,0,0,0,0,0,0,0,0,0,0,0,0,0,0,0,0,0,0
127,0,96,10,0,0,0,0,0,0,1,0,0,0,0,0,44,1,99,22,24,29,22,71,19,0,0,0,0,0,0,0,0,0,0,0,0,0,0,0,0,0,0,0,0,0,0,0,0,0,0,0
127,0,94,9,0,0,0,0,0,0,1,0,0,0,0,0,44,1,84,22,24,29,22,71,19,0,0,0,0,0,0,0,0,0,0,0,0,0,0,0,0,0,0,0,0,0,0,0,0,0,0,0
127,0,96,10,0,0,0,0,0,0,1,0,0,0,0,0,44,1,101,22,24,29,22,71,30,0,0,0,0,0,0,0,0,0,0,0,0,0,0,0,0,0,0,0,0,0,0,0,0,0,0,0
127,0,96,10,0,0,0,0,0,0,1,0,0,0,0,0,44,1,94,22,24,29,22,71,30,0,0,0,0,0,0,0,0,0,0,0,0,0,0,0,0,0,0,0,0,0,0,0,0,0,0,0
127,0,96,10,0,0,0,0,0,0,1,0,0,0,0,0,44,1,92,22,24,29,22,71,40,0,0,0,0,0,0,0,0,0,0,0,0,0,0,0,0,0,0,0,0,0,0,0,0,0,0,0
127,0,96,10,0,0,0,0,0,0,1,0,0,0,0,0,44,1,98,22,24,29,22,71,40,0,0,0,0,0,0,0,0,0,0,0,0,0,0,0,0,0,0,0,0,0,0,0,0,0,0,0
127,0,96,10,0,0,0,0,0,0,1,0,0,0,0,0,44,1,82,22,24,29,22,71,40,0,0,0,0,0,0,0,0,0,0,0,0,0,0,0,0,0,0,0,0,0,0,0,0,0,0,0
127,0,96,10,0,0,0,0,0,0,1,0,0,0,0,0,44,1,97,22,24,29,22,71,0,0,0,0,0,0,0,0,0,0,0,0,0,0,0,0,0,0,0,0,0,0,0,0,0,0,0,0
127,0,96,10,0,0,0,0,0,0,1,0,0,0,0,0,44,1,84,22,24,29,22,70,90,0,0,0,0,0,0,0,0,0,0,0,0,0,0,0,0,0,0,0,0,0,0,0,0,0,0,0
127,0,96,9,0,0,0,0,0,0,1,0,0,0,0,0,44,1,101,22,24,29,22,70,69,0,0,0,0,0,0,0,0,0,0,0,0,0,0,0,0,0,0,0,0,0,0,0,0,0,0,0
127,0,96,10,0,0,0,0,0,0,1,0,0,0,0,0,44,1,95,22,24,29,22,70,80,0,0,0,0,0,0,0,0,0,0,0,0,0,0,0,0,0,0,0,0,0,0,0,0,0,0,0
127,0,96,10,0,0,0,0,0,0,1,0,0,0,0,0,44,1,85,22,24,29,22,70,90,0,0,0,0,0,0,0,0,0,0,0,0,0,0,0,0,0,0,0,0,0,0,0,0,0,0,0
127,0,96,10,0,0,0,0,0,0,1,0,0,0,0,0,44,1,101,22,24,29,22,71,0,0,0,0,0,0,0,0,0,0,0,0,0,0,0,0,0,0,0,0,0,0,0,0,0,0,0,0
127,0,96,10,0,0,0,0,0,0,1,0,0,0,0,0,44,1,94,22,24,29,22,71,0,0,0,0,0,0,0,0,0,0,0,0,0,0,0,0,0,0,0,0,0,0,0,0,0,0,0,0
127,0,96,10,0,0,0,0,0,0,1,0,0,0,0,0,44,1,89,22,24,29,22,71,0,0,0,0,0,0,0,0,0,0,0,0,0,0,0,0,0,0,0,0,0,0,0,0,0,0,0,0
127,0,96,10,0,0,0,0,0,0,1,0,0,0,0,0,44,1,99,22,24,29,22,70,90,0,0,0,0,0,0,0,0,0,0,0,0,0,0,0,0,0,0,0,0,0,0,0,0,0,0,0
127,0,96,10,0,0,0,0,0,0,1,0,0,0,0,0,44,1,86,22,24,29,22,70,90,0,0,0,0,0,0,0,0,0,0,0,0,0,0,0,0,0,0,0,0,0,0,0,0,0,0,0
127,0,96,10,0,0,0,0,0,0,1,0,0,0,0,0,44,1,97,22,24,29,22,70,80,0,0,0,0,0,0,0,0,0,0,0,0,0,0,0,0,0,0,0,0,0,0,0,0,0,0,0
127,0,96,10,0,0,0,0,0,0,1,0,0,0,0,0,44,1,98,22,24,29,22,70,69,0,0,0,0,0,0,0,0,0,0,0,0,0,0,0,0,0,0,0,0,0,0,0,0,0,0,0
127,0,96,9,0,0,0,0,0,0,1,0,0,0,0,0,44,1,81,22,24,29,22,70,59,0,0,0,0,0,0,0,0,0,0,0,0,0,0,0,0,0,0,0,0,0,0,0,0,0,0,0
127,0,96,10,0,0,0,0,0,0,1,0,0,0,0,0,44,1,98,22,24,29,22,70,59,0,0,0,0,0,0,0,0,0,0,0,0,0,0,0,0,0,0,0,0,0,0,0,0,0,0,0
127,0,96,10,0,0,0,0,0,0,1,0,0,0,0,0,44,1,99,22,24,29,22,70,50,0,0,0,0,0,0,0,0,0,0,0,0,0,0,0,0,0,0,0,0,0,0,0,0,0,0,0
127,0,96,10,0,0,0,0,0,0,1,0,0,0,0,0,44,1,92,22,24,29,22,70,50,0,0,0,0,0,0,0,0,0,0,0,0,0,0,0,0,0,0,0,0,0,0,0,0,0,0,0
127,0,96,10,0,0,0,0,0,0,1,0,0,0,0,0,44,1,86,22,24,29,22,70,50,0,0,0,0,0,0,0,0,0,0,0,0,0,0,0,0,0,0,0,0,0,0,0,0,0,0,0
127,0,96,10,0,0,0,0,0,0,1,0,0,0,0,0,44,1,101,22,24,29,22,70,50,0,0,0,0,0,0,0,0,0,0,0,0,0,0,0,0,0,0,0,0,0,0,0,0,0,0,0
127,0,96,10,0,0,0,0,0,0,1,0,0,0,0,0,44,1,97,22,24,29,22,70,50,0,0,0,0,0,0,0,0,0,0,0,0,0,0,0,0,0,0,0,0,0,0,0,0,0,0,0
127,0,96,10,0,0,0,0,0,0,1,0,0,0,0,0,44,1,85,22,24,29,22,70,50,0,0,0,0,0,0,0,0,0,0,0,0,0,0,0,0,0,0,0,0,0,0,0,0,0,0,0
127,0,94,10,0,0,0,0,0,0,1,0,0,0,0,0,44,1,94,22,24,29,22,70,50,0,0,0,0,0,0,0,0,0,0,0,0,0,0,0,0,0,0,0,0,0,0,0,0,0,0,0
127,0,96,10,0,0,0,0,0,0,1,0,0,0,0,0,44,1,98,22,24,29,22,70,40,0,0,0,0,0,0,0,0,0,0,0,0,0,0,0,0,0,0,0,0,0,0,0,0,0,0,0
127,0,96,10,0,0,0,0,0,0,1,0,0,0,0,0,44,1,83,22,24,20,22,70,9,0,0,0,0,0,0,0,0,0,0,0,0,0,0,0,0,0,0,0,0,0,0,0,0,0,0,0
127,0,96,10,0,0,0,0,0,0,1,0,0,0,0,0,44,1,100,22,24,29,22,70,9,0,0,0,0,0,0,0,0,0,0,0,0,0,0,0,0,0,0,0,0,0,0,0,0,0,0,0
127,0,96,10,0,0,0,0,0,0,1,0,0,0,0,0,44,1,94,22,24,20,22,70,9,0,0,0,0,0,0,0,0,0,0,0,0,0,0,0,0,0,0,0,0,0,0,0,0,0,0,0
127,0,96,10,0,0,0,0,0,0,1,0,0,0,0,0,44,1,92,22,24,29,22,70,50,0,0,0,0,0,0,0,0,0,0,0,0,0,0,0,0,0,0,0,0,0,0,0,0,0,0,0
127,0,96,10,0,0,0,0,0,0,1,0,0,0,0,0,44,1,96,22,24,29,22,70,59,0,0,0,0,0,0,0,0,0,0,0,0,0,0,0,0,0,0,0,0,0,0,0,0,0,0,0
127,0,96,10,0,0,0,0,0,0,1,0,0,0,0,0,44,1,88,22,24,29,22,70,59,0,0,0,0,0,0,0,0,0,0,0,0,0,0,0,0,0,0,0,0,0,0,0,0,0,0,0
127,0,96,10,0,0,0,0,0,0,1,0,0,0,0,0,44,1,98,22,24,29,22,70,69,0,0,0,0,0,0,0,0,0,0,0,0,0,0,0,0,0,0,0,0,0,0,0,0,0,0,0
127,0,96,10,0,0,0,0,0,0,1,0,0,0,0,0,44,1,84,22,24,29,22,70,90,0,0,0,0,0,0,0,0,0,0,0,0,0,0,0,0,0,0,0,0,0,0,0,0,0,0,0
127,0,96,10,0,0,0,0,0,0,1,0,0,0,0,0,44,1,99,22,24,20,22,70,90,0,0,0,0,0,0,0,0,0,0,0,0,0,0,0,0,0,0,0,0,0,0,0,0,0,0,0
127,0,96,10,0,0,0,0,0,0,1,0,0,0,0,0,44,1,85,22,24,29,22,71,0,0,0,0,0,0,0,0,0,0,0,0,0,0,0,0,0,0,0,0,0,0,0,0,0,0,0,0
127,0,96,10,0,0,0,0,0,0,1,0,0,0,0,0,44,1,100,22,24,29,22,71,0,0,0,0,0,0,0,0,0,0,0,0,0,0,0,0,0,0,0,0,0,0,0,0,0,0,0,0
127,0,96,10,0,0,0,0,0,0,1,0,0,0,0,0,44,1,95,22,24,29,22,70,69,0,0,0,0,0,0,0,0,0,0,0,0,0,0,0,0,0,0,0,0,0,0,0,0,0,0,0
127,0,96,9,0,0,0,0,0,0,1,0,0,0,0,0,44,1,84,22,24,29,22,70,69,0,0,0,0,0,0,0,0,0,0,0,0,0,0,0,0,0,0,0,0,0,0,0,0,0,0,0
127,0,96,10,0,0,0,0,0,0,1,0,0,0,0,0,44,1,101,22,24,29,22,70,69,0,0,0,0,0,0,0,0,0,0,0,0,0,0,0,0,0,0,0,0,0,0,0,0,0,0,0
127,0,96,10,0,0,0,0,0,0,1,0,0,0,0,0,44,1,97,22,24,29,22,70,69,0,0,0,0,0,0,0,0,0,0,0,0,0,0,0,0,0,0,0,0,0,0,0,0,0,0,0
127,0,96,10,0,0,0,0,0,0,1,0,0,0,0,0,44,1,81,22,24,29,22,70,90,0,0,0,0,0,0,0,0,0,0,0,0,0,0,0,0,0,0,0,0,0,0,0,0,0,0,0
127,0,96,10,0,0,0,0,0,0,1,0,0,0,0,0,44,1,99,22,24,29,22,71,0,0,0,0,0,0,0,0,0,0,0,0,0,0,0,0,0,0,0,0,0,0,0,0,0,0,0,0
127,0,96,10,0,0,0,0,0,0,1,0,0,0,0,0,44,1,97,22,24,29,22,71,0,0,0,0,0,0,0,0,0,0,0,0,0,0,0,0,0,0,0,0,0,0,0,0,0,0,0,0
127,0,94,10,0,0,0,0,0,0,1,0,0,0,0,0,44,1,81,22,24,29,22,71,0,0,0,0,0,0,0,0,0,0,0,0,0,0,0,0,0,0,0,0,0,0,0,0,0,0,0,0
127,0,96,10,0,0,0,0,0,0,1,0,0,0,0,0,44,1,100,22,24,29,22,71,0,0,0,0,0,0,0,0,0,0,0,0,0,0,0,0,0,0,0,0,0,0,0,0,0,0,0,0
127,0,96,10,0,0,0,0,0,0,1,0,0,0,0,0,44,1,95,22,24,29,22,71,0,0,0,0,0,0,0,0,0,0,0,0,0,0,0,0,0,0,0,0,0,0,0,0,0,0,0,0
127,0,96,10,0,0,0,0,0,0,1,0,0,0,0,0,44,1,98,22,24,29,22,70,59,0,0,0,0,0,0,0,0,0,0,0,0,0,0,0,0,0,0,0,0,0,0,0,0,0,0,0
127,0,96,10,0,0,0,0,0,0,1,0,0,0,0,0,44,1,83,22,24,29,22,70,69,0,0,0,0,0,0,0,0,0,0,0,0,0,0,0,0,0,0,0,0,0,0,0,0,0,0,0
127,0,96,10,0,0,0,0,0,0,1,0,0,0,0,0,44,1,100,22,24,29,22,70,59,0,0,0,0,0,0,0,0,0,0,0,0,0,0,0,0,0,0,0,0,0,0,0,0,0,0,0
127,0,96,10,0,0,0,0,0,0,1,0,0,0,0,0,44,1,92,22,24,29,22,70,59,0,0,0,0,0,0,0,0,0,0,0,0,0,0,0,0,0,0,0,0,0,0,0,0,0,0,0
127,0,96,10,0,0,0,0,0,0,1,0,0,0,0,0,44,1,94,22,24,20,22,70,69,0,0,0,0,0,0,0,0,0,0,0,0,0,0,0,0,0,0,0,0,0,0,0,0,0,0,0
127,0,96,10,0,0,0,0,0,0,1,0,0,0,0,0,44,1,95,22,24,20,22,70,80,0,0,0,0,0,0,0,0,0,0,0,0,0,0,0,0,0,0,0,0,0,0,0,0,0,0,0
127,0,96,10,0,0,0,0,0,0,1,0,0,0,0,0,44,1,85,22,24,20,22,70,90,0,0,0,0,0,0,0,0,0,0,0,0,0,0,0,0,0,0,0,0,0,0,0,0,0,0,0
127,0,94,10,0,0,0,0,0,0,1,0,0,0,0,0,44,1,96,22,24,20,22,71,0,0,0,0,0,0,0,0,0,0,0,0,0,0,0,0,0,0,0,0,0,0,0,0,0,0,0,0
127,0,96,10,0,0,0,0,0,0,1,0,0,0,0,0,44,1,80,22,24,29,22,71,9,0,0,0,0,0,0,0,0,0,0,0,0,0,0,0,0,0,0,0,0,0,0,0,0,0,0,0
127,0,96,9,0,0,0,0,0,0,1,0,0,0,0,0,44,1,99,22,24,20,22,71,0,0,0,0,0,0,0,0,0,0,0,0,0,0,0,0,0,0,0,0,0,0,0,0,0,0,0,0
127,0,96,10,0,0,0,0,0,0,1,0,0,0,0,0,44,1,88,22,24,29,22,71,0,0,0,0,0,0,0,0,0,0,0,0,0,0,0,0,0,0,0,0,0,0,0,0,0,0,0,0
127,0,96,10,0,0,0,0,0,0,1,0,0,0,0,0,44,1,96,22,24,29,22,70,69,0,0,0,0,0,0,0,0,0,0,0,0,0,0,0,0,0,0,0,0,0,0,0,0,0,0,0
127,0,96,10,0,0,0,0,0,0,1,0,0,0,0,0,44,1,93,22,24,29,22,70,69,0,0,0,0,0,0,0,0,0,0,0,0,0,0,0,0,0,0,0,0,0,0,0,0,0,0,0
127,0,96,10,0,0,0,0,0,0,1,0,0,0,0,0,44,1,89,22,24,29,22,70,90,0,0,0,0,0,0,0,0,0,0,0,0,0,0,0,0,0,0,0,0,0,0,0,0,0,0,0
127,0,96,10,0,0,0,0,0,0,1,0,0,0,0,0,44,1,95,22,24,20,22,70,90,0,0,0,0,0,0,0,0,0,0,0,0,0,0,0,0,0,0,0,0,0,0,0,0,0,0,0
127,0,96,10,0,0,0,0,0,0,1,0,0,0,0,0,44,1,85,22,24,29,22,71,9,0,0,0,0,0,0,0,0,0,0,0,0,0,0,0,0,0,0,0,0,0,0,0,0,0,0,0
127,0,96,10,0,0,0,0,0,0,1,0,0,0,0,0,44,1,96,22,24,29,22,71,9,0,0,0,0,0,0,0,0,0,0,0,0,0,0,0,0,0,0,0,0,0,0,0,0,0,0,0
127,0,96,11,0,0,0,0,0,0,1,0,0,0,0,0,44,1,83,22,24,20,22,71,9,0,0,0,0,0,0,0,0,0,0,0,0,0,0,0,0,0,0,0,0,0,0,0,0,0,0,0
127,0,96,10,0,0,0,0,0,0,1,0,0,0,0,0,44,1,98,22,24,29,22,71,19,0,0,0,0,0,0,0,0,0,0,0,0,0,0,0,0,0,0,0,0,0,0,0,0,0,0,0
127,0,96,10,0,0,0,0,0,0,1,0,0,0,0,0,44,1,83,22,24,29,22,71,19,0,0,0,0,0,0,0,0,0,0,0,0,0,0,0,0,0,0,0,0,0,0,0,0,0,0,0
127,0,96,10,0,0,0,0,0,0,1,0,0,0,0,0,44,1,99,22,24,29,22,70,69,0,0,0,0,0,0,0,0,0,0,0,0,0,0,0,0,0,0,0,0,0,0,0,0,0,0,0
127,0,96,10,0,0,0,0,0,0,1,0,0,0,0,0,44,1,84,22,24,20,22,70,59,0,0,0,0,0,0,0,0,0,0,0,0,0,0,0,0,0,0,0,0,0,0,0,0,0,0,0
127,0,96,10,0,0,0,0,0,0,1,0,0,0,0,0,44,1,99,22,24,29,22,70,69,0,0,0,0,0,0,0,0,0,0,0,0,0,0,0,0,0,0,0,0,0,0,0,0,0,0,0
127,0,96,10,0,0,0,0,0,0,1,0,0,0,0,0,44,1,85,22,24,29,22,70,90,0,0,0,0,0,0,0,0,0,0,0,0,0,0,0,0,0,0,0,0,0,0,0,0,0,0,0
127,0,96,10,0,0,0,0,0,0,1,0,0,0,0,0,44,1,99,22,24,20,22,70,90,0,0,0,0,0,0,0,0,0,0,0,0,0,0,0,0,0,0,0,0,0,0,0,0,0,0,0
127,0,96,10,0,0,0,0,0,0,1,0,0,0,0,0,44,1,87,22,24,29,22,71,9,0,0,0,0,0,0,0,0,0,0,0,0,0,0,0,0,0,0,0,0,0,0,0,0,0,0,0
127,0,96,9,0,0,0,0,0,0,1,0,0,0,0,0,44,1,94,22,24,20,22,71,0,0,0,0,0,0,0,0,0,0,0,0,0,0,0,0,0,0,0,0,0,0,0,0,0,0,0,0
127,0,96,9,0,0,0,0,0,0,1,0,0,0,0,0,44,1,100,22,24,29,22,71,9,0,0,0,0,0,0,0,0,0,0,0,0,0,0,0,0,0,0,0,0,0,0,0,0,0,0,0
127,0,96,10,0,0,0,0,0,0,1,0,0,0,0,0,44,1,94,22,24,29,22,71,9,0,0,0,0,0,0,0,0,0,0,0,0,0,0,0,0,0,0,0,0,0,0,0,0,0,0,0
127,0,96,10,0,0,0,0,0,0,1,0,0,0,0,0,44,1,84,22,24,20,22,70,90,0,0,0,0,0,0,0,0,0,0,0,0,0,0,0,0,0,0,0,0,0,0,0,0,0,0,0
127,0,96,10,0,0,0,0,0,0,1,0,0,0,0,0,44,1,101,22,24,20,22,70,90,0,0,0,0,0,0,0,0,0,0,0,0,0,0,0,0,0,0,0,0,0,0,0,0,0,0,0
127,0,96,10,0,0,0,0,0,0,1,0,0,0,0,0,44,1,98,22,24,20,22,70,69,0,0,0,0,0,0,0,0,0,0,0,0,0,0,0,0,0,0,0,0,0,0,0,0,0,0,0
127,0,96,10,0,0,0,0,0,0,1,0,0,0,0,0,44,1,92,22,24,20,22,70,59,0,0,0,0,0,0,0,0,0,0,0,0,0,0,0,0,0,0,0,0,0,0,0,0,0,0,0
127,0,96,10,0,0,0,0,0,0,1,0,0,0,0,0,44,1,82,22,24,20,22,70,50,0,0,0,0,0,0,0,0,0,0,0,0,0,0,0,0,0,0,0,0,0,0,0,0,0,0,0
127,0,96,10,0,0,0,0,0,0,1,0,0,0,0,0,44,1,88,22,24,29,22,70,59,0,0,0,0,0,0,0,0,0,0,0,0,0,0,0,0,0,0,0,0,0,0,0,0,0,0,0
127,0,94,10,0,0,0,0,0,0,1,0,0,0,0,0,44,1,95,22,24,20,22,70,59,0,0,0,0,0,0,0,0,0,0,0,0,0,0,0,0,0,0,0,0,0,0,0,0,0,0,0
127,0,96,10,0,0,0,0,0,0,1,0,0,0,0,0,44,1,100,22,24,20,22,70,59,0,0,0,0,0,0,0,0,0,0,0,0,0,0,0,0,0,0,0,0,0,0,0,0,0,0,0
127,0,94,10,0,0,0,0,0,0,1,0,0,0,0,0,44,1,100,22,24,20,22,70,69,0,0,0,0,0,0,0,0,0,0,0,0,0,0,0,0,0,0,0,0,0,0,0,0,0,0,0
127,0,96,10,0,0,0,0,0,0,1,0,0,0,0,0,44,1,96,22,24,20,22,70,80,0,0,0,0,0,0,0,0,0,0,0,0,0,0,0,0,0,0,0,0,0,0,0,0,0,0,0
127,0,96,10,0,0,0,0,0,0,1,0,0,0,0,0,44,1,86,22,24,20,22,70,90,0,0,0,0,0,0,0,0,0,0,0,0,0,0,0,0,0,0,0,0,0,0,0,0,0,0,0
127,0,96,10,0,0,0,0,0,0,1,0,0,0,0,0,44,1,101,22,24,29,22,71,9,0,0,0,0,0,0,0,0,0,0,0,0,0,0,0,0,0,0,0,0,0,0,0,0,0,0,0
127,0,96,10,0,0,0,0,0,0,1,0,0,0,0,0,44,1,88,22,24,20,22,70,80,0,0,0,0,0,0,0,0,0,0,0,0,0,0,0,0,0,0,0,0,0,0,0,0,0,0,0
127,0,96,10,0,0,0,0,0,0,1,0,0,0,0,0,44,1,101,22,24,20,22,70,59,0,0,0,0,0,0,0,0,0,0,0,0,0,0,0,0,0,0,0,0,0,0,0,0,0,0,0
127,0,96,10,0,0,0,0,0,0,1,0,0,0,0,0,44,1,87,22,24,20,22,70,30,0,0,0,0,0,0,0,0,0,0,0,0,0,0,0,0,0,0,0,0,0,0,0,0,0,0,0
127,0,96,10,0,0,0,0,0,0,1,0,0,0,0,0,44,1,98,22,24,20,22,70,30,0,0,0,0,0,0,0,0,0,0,0,0,0,0,0,0,0,0,0,0,0,0,0,0,0,0,0
127,0,94,10,0,0,0,0,0,0,1,0,0,0,0,0,44,1,93,22,24,20,22,70,30,0,0,0,0,0,0,0,0,0,0,0,0,0,0,0,0,0,0,0,0,0,0,0,0,0,0,0
127,0,96,9,0,0,0,0,0,0,1,0,0,0,0,0,44,1,98,22,24,20,22,70,40,0,0,0,0,0,0,0,0,0,0,0,0,0,0,0,0,0,0,0,0,0,0,0,0,0,0,0
127,0,94,10,0,0,0,0,0,0,1,0,0,0,0,0,44,1,87,22,24,20,22,70,50,0,0,0,0,0,0,0,0,0,0,0,0,0,0,0,0,0,0,0,0,0,0,0,0,0,0,0
127,0,96,9,0,0,0,0,0,0,1,0,0,0,0,0,44,1,100,22,24,20,22,70,50,0,0,0,0,0,0,0,0,0,0,0,0,0,0,0,0,0,0,0,0,0,0,0,0,0,0,0
127,0,96,10,0,0,0,0,0,0,1,0,0,0,0,0,44,1,84,22,24,20,22,70,59,0,0,0,0,0,0,0,0,0,0,0,0,0,0,0,0,0,0,0,0,0,0,0,0,0,0,0
127,0,96,10,0,0,0,0,0,0,1,0,0,0,0,0,44,1,104,22,24,20,22,70,80,0,0,0,0,0,0,0,0,0,0,0,0,0,0,0,0,0,0,0,0,0,0,0,0,0,0,0
127,0,96,10,0,0,0,0,0,0,1,0,0,0,0,0,44,1,95,22,24,20,22,70,80,0,0,0,0,0,0,0,0,0,0,0,0,0,0,0,0,0,0,0,0,0,0,0,0,0,0,0
127,0,96,9,0,0,0,0,0,0,1,0,0,0,0,0,44,1,89,22,24,20,22,70,90,0,0,0,0,0,0,0,0,0,0,0,0,0,0,0,0,0,0,0,0,0,0,0,0,0,0,0
127,0,96,10,0,0,0,0,0,0,1,0,0,0,0,0,44,1,101,22,24,20,22,70,90,0,0,0,0,0,0,0,0,0,0,0,0,0,0,0,0,0,0,0,0,0,0,0,0,0,0,0
127,0,96,9,0,0,0,0,0,0,1,0,0,0,0,0,44,1,97,22,24,20,22,70,80,0,0,0,0,0,0,0,0,0,0,0,0,0,0,0,0,0,0,0,0,0,0,0,0,0,0,0
127,0,96,10,0,0,0,0,0,0,1,0,0,0,0,0,44,1,84,22,24,20,22,70,80,0,0,0,0,0,0,0,0,0,0,0,0,0,0,0,0,0,0,0,0,0,0,0,0,0,0,0
127,0,96,9,0,0,0,0,0,0,1,0,0,0,0,0,44,1,98,22,24,20,22,70,90,0,0,0,0,0,0,0,0,0,0,0,0,0,0,0,0,0,0,0,0,0,0,0,0,0,0,0
127,0,96,10,0,0,0,0,0,0,1,0,0,0,0,0,44,1,100,22,24,20,22,71,0,0,0,0,0,0,0,0,0,0,0,0,0,0,0,0,0,0,0,0,0,0,0,0,0,0,0,0
127,0,96,10,0,0,0,0,0,0,1,0,0,0,0,0,44,1,95,22,24,20,22,71,9,0,0,0,0,0,0,0,0,0,0,0,0,0,0,0,0,0,0,0,0,0,0,0,0,0,0,0
127,0,94,10,0,0,0,0,0,0,1,0,0,0,0,0,44,1,83,22,24,20,22,71,30,0,0,0,0,0,0,0,0,0,0,0,0,0,0,0,0,0,0,0,0,0,0,0,0,0,0,0
127,0,96,10,0,0,0,0,0,0,1,0,0,0,0,0,44,1,99,22,24,20,22,71,40,0,0,0,0,0,0,0,0,0,0,0,0,0,0,0,0,0,0,0,0,0,0,0,0,0,0,0
127,0,96,10,0,0,0,0,0,0,1,0,0,0,0,0,44,1,99,22,24,20,22,71,50,0,0,0,0,0,0,0,0,0,0,0,0,0,0,0,0,0,0,0,0,0,0,0,0,0,0,0
127,0,96,9,0,0,0,0,0,0,1,0,0,0,0,0,44,1,90,22,24,20,22,71,50,0,0,0,0,0,0,0,0,0,0,0,0,0,0,0,0,0,0,0,0,0,0,0,0,0,0,0
127,0,96,10,0,0,0,0,0,0,1,0,0,0,0,0,44,1,94,22,24,20,22,71,50,0,0,0,0,0,0,0,0,0,0,0,0,0,0,0,0,0,0,0,0,0,0,0,0,0,0,0
127,0,96,10,0,0,0,0,0,0,1,0,0,0,0,0,44,1,100,22,24,20,22,71,30,0,0,0,0,0,0,0,0,0,0,0,0,0,0,0,0,0,0,0,0,0,0,0,0,0,0,0
127,0,94,9,0,0,0,0,0,0,1,0,0,0,0,0,44,1,88,22,24,20,22,71,30,0,0,0,0,0,0,0,0,0,0,0,0,0,0,0,0,0,0,0,0,0,0,0,0,0,0,0
127,0,96,10,0,0,0,0,0,0,1,0,0,0,0,0,44,1,98,22,24,20,22,71,30,0,0,0,0,0,0,0,0,0,0,0,0,0,0,0,0,0,0,0,0,0,0,0,0,0,0,0
127,0,96,10,0,0,0,0,0,0,1,0,0,0,0,0,44,1,99,22,24,20,22,71,19,0,0,0,0,0,0,0,0,0,0,0,0,0,0,0,0,0,0,0,0,0,0,0,0,0,0,0
127,0,96,9,0,0,0,0,0,0,1,0,0,0,0,0,44,1,83,22,24,20,22,71,30,0,0,0,0,0,0,0,0,0,0,0,0,0,0,0,0,0,0,0,0,0,0,0,0,0,0,0
127,0,96,10,0,0,0,0,0,0,1,0,0,0,0,0,44,1,102,22,24,20,22,71,30,0,0,0,0,0,0,0,0,0,0,0,0,0,0,0,0,0,0,0,0,0,0,0,0,0,0,0
127,0,96,9,0,0,0,0,0,0,1,0,0,0,0,0,44,1,98,22,24,20,22,71,30,0,0,0,0,0,0,0,0,0,0,0,0,0,0,0,0,0,0,0,0,0,0,0,0,0,0,0
127,0,96,10,0,0,0,0,0,0,1,0,0,0,0,0,44,1,83,22,24,20,22,71,30,0,0,0,0,0,0,0,0,0,0,0,0,0,0,0,0,0,0,0,0,0,0,0,0,0,0,0
127,0,96,10,0,0,0,0,0,0,1,0,0,0,0,0,44,1,100,22,24,20,22,71,30,0,0,0,0,0,0,0,0,0,0,0,0,0,0,0,0,0,0,0,0,0,0,0,0,0,0,0
127,0,96,10,0,0,0,0,0,0,1,0,0,0,0,0,44,1,99,22,24,20,22,71,30,0,0,0,0,0,0,0,0,0,0,0,0,0,0,0,0,0,0,0,0,0,0,0,0,0,0,0
127,0,94,10,0,0,0,0,0,0,1,0,0,0,0,0,44,1,83,22,24,20,22,71,9,0,0,0,0,0,0,0,0,0,0,0,0,0,0,0,0,0,0,0,0,0,0,0,0,0,0,0
127,0,96,10,0,0,0,0,0,0,1,0,0,0,0,0,44,1,104,22,24,20,22,71,0,0,0,0,0,0,0,0,0,0,0,0,0,0,0,0,0,0,0,0,0,0,0,0,0,0,0,0
127,0,94,10,0,0,0,0,0,0,1,0,0,0,0,0,44,1,95,22,24,20,22,71,0,0,0,0,0,0,0,0,0,0,0,0,0,0,0,0,0,0,0,0,0,0,0,0,0,0,0,0
127,0,96,9,0,0,0,0,0,0,1,0,0,0,0,0,44,1,93,22,24,20,22,71,9,0,0,0,0,0,0,0,0,0,0,0,0,0,0,0,0,0,0,0,0,0,0,0,0,0,0,0
127,0,96,9,0,0,0,0,0,0,1,0,0,0,0,0,44,1,100,22,24,20,22,71,9,0,0,0,0,0,0,0,0,0,0,0,0,0,0,0,0,0,0,0,0,0,0,0,0,0,0,0
127,0,96,9,0,0,0,0,0,0,1,0,0,0,0,0,44,1,86,22,24,20,22,71,19,0,0,0,0,0,0,0,0,0,0,0,0,0,0,0,0,0,0,0,0,0,0,0,0,0,0,0
127,0,96,10,0,0,0,0,0,0,1,0,0,0,0,0,44,1,101,22,24,20,22,71,19,0,0,0,0,0,0,0,0,0,0,0,0,0,0,0,0,0,0,0,0,0,0,0,0,0,0,0
127,0,96,10,0,0,0,0,0,0,1,0,0,0,0,0,44,1,98,22,24,20,22,71,19,0,0,0,0,0,0,0,0,0,0,0,0,0,0,0,0,0,0,0,0,0,0,0,0,0,0,0
127,0,96,10,0,0,0,0,0,0,1,0,0,0,0,0,44,1,87,22,24,20,22,71,9,0,0,0,0,0,0,0,0,0,0,0,0,0,0,0,0,0,0,0,0,0,0,0,0,0,0,0
127,0,94,10,0,0,0,0,0,0,1,0,0,0,0,0,44,1,104,22,24,20,22,71,0,0,0,0,0,0,0,0,0,0,0,0,0,0,0,0,0,0,0,0,0,0,0,0,0,0,0,0
127,0,94,10,0,0,0,0,0,0,1,0,0,0,0,0,44,1,98,22,24,29,22,71,9,0,0,0,0,0,0,0,0,0,0,0,0,0,0,0,0,0,0,0,0,0,0,0,0,0,0,0
127,0,96,10,0,0,0,0,0,0,1,0,0,0,0,0,44,1,90,22,24,29,22,71,0,0,0,0,0,0,0,0,0,0,0,0,0,0,0,0,0,0,0,0,0,0,0,0,0,0,0,0
127,0,96,10,0,0,0,0,0,0,1,0,0,0,0,0,44,1,88,22,24,29,22,70,90,0,0,0,0,0,0,0,0,0,0,0,0,0,0,0,0,0,0,0,0,0,0,0,0,0,0,0
127,0,96,9,0,0,0,0,0,0,1,0,0,0,0,0,44,1,99,22,24,29,22,70,80,0,0,0,0,0,0,0,0,0,0,0,0,0,0,0,0,0,0,0,0,0,0,0,0,0,0,0
127,0,96,10,0,0,0,0,0,0,1,0,0,0,0,0,44,1,101,22,24,29,22,70,80,0,0,0,0,0,0,0,0,0,0,0,0,0,0,0,0,0,0,0,0,0,0,0,0,0,0,0
127,0,96,10,0,0,0,0,0,0,1,0,0,0,0,0,44,1,97,22,24,20,22,70,69,0,0,0,0,0,0,0,0,0,0,0,0,0,0,0,0,0,0,0,0,0,0,0,0,0,0,0
127,0,96,10,0,0,0,0,0,0,1,0,0,0,0,0,44,1,85,22,24,29,22,70,90,0,0,0,0,0,0,0,0,0,0,0,0,0,0,0,0,0,0,0,0,0,0,0,0,0,0,0
127,0,96,10,0,0,0,0,0,0,1,0,0,0,0,0,44,1,104,22,24,20,22,70,80,0,0,0,0,0,0,0,0,0,0,0,0,0,0,0,0,0,0,0,0,0,0,0,0,0,0,0
127,0,96,10,0,0,0,0,0,0,1,0,0,0,0,0,44,1,97,22,24,20,22,70,80,0,0,0,0,0,0,0,0,0,0,0,0,0,0,0,0,0,0,0,0,0,0,0,0,0,0,0
127,0,96,10,0,0,0,0,0,0,1,0,0,0,0,0,44,1,90,22,24,20,22,70,80,0,0,0,0,0,0,0,0,0,0,0,0,0,0,0,0,0,0,0,0,0,0,0,0,0,0,0
127,0,96,10,0,0,0,0,0,0,1,0,0,0,0,0,44,1,100,22,24,29,22,70,90,0,0,0,0,0,0,0,0,0,0,0,0,0,0,0,0,0,0,0,0,0,0,0,0,0,0,0
127,0,96,10,0,0,0,0,0,0,1,0,0,0,0,0,44,1,84,22,24,29,22,71,0,0,0,0,0,0,0,0,0,0,0,0,0,0,0,0,0,0,0,0,0,0,0,0,0,0,0,0
127,0,96,10,0,0,0,0,0,0,1,0,0,0,0,0,44,1,101,22,24,29,22,70,90,0,0,0,0,0,0,0,0,0,0,0,0,0,0,0,0,0,0,0,0,0,0,0,0,0,0,0
127,0,96,10,0,0,0,0,0,0,1,0,0,0,0,0,44,1,87,22,24,29,22,70,69,0,0,0,0,0,0,0,0,0,0,0,0,0,0,0,0,0,0,0,0,0,0,0,0,0,0,0
127,0,96,10,0,0,0,0,0,0,1,0,0,0,0,0,44,1,99,22,24,29,22,70,69,0,0,0,0,0,0,0,0,0,0,0,0,0,0,0,0,0,0,0,0,0,0,0,0,0,0,0
127,0,96,10,0,0,0,0,0,0,1,0,0,0,0,0,44,1,92,22,24,29,22,70,69,0,0,0,0,0,0,0,0,0,0,0,0,0,0,0,0,0,0,0,0,0,0,0,0,0,0,0
127,0,96,10,0,0,0,0,0,0,1,0,0,0,0,0,44,1,99,22,24,29,22,70,90,0,0,0,0,0,0,0,0,0,0,0,0,0,0,0,0,0,0,0,0,0,0,0,0,0,0,0
127,0,96,10,0,0,0,0,0,0,1,0,0,0,0,0,44,1,98,22,24,20,22,70,90,0,0,0,0,0,0,0,0,0,0,0,0,0,0,0,0,0,0,0,0,0,0,0,0,0,0,0
127,0,96,10,0,0,0,0,0,0,1,0,0,0,0,0,44,1,99,22,24,20,22,71,0,0,0,0,0,0,0,0,0,0,0,0,0,0,0,0,0,0,0,0,0,0,0,0,0,0,0,0
127,0,96,10,0,0,0,0,0,0,1,0,0,0,0,0,44,1,87,22,24,20,22,71,19,0,0,0,0,0,0,0,0,0,0,0,0,0,0,0,0,0,0,0,0,0,0,0,0,0,0,0
127,0,96,10,0,0,0,0,0,0,1,0,0,0,0,0,44,1,105,22,24,29,22,71,40,0,0,0,0,0,0,0,0,0,0,0,0,0,0,0,0,0,0,0,0,0,0,0,0,0,0,0
127,0,96,9,0,0,0,0,0,0,1,0,0,0,0,0,44,1,100,22,24,20,22,71,40,0,0,0,0,0,0,0,0,0,0,0,0,0,0,0,0,0,0,0,0,0,0,0,0,0,0,0
127,0,96,10,0,0,0,0,0,0,1,0,0,0,0,0,44,1,97,22,24,29,22,71,50,0,0,0,0,0,0,0,0,0,0,0,0,0,0,0,0,0,0,0,0,0,0,0,0,0,0,0
127,0,96,10,0,0,0,0,0,0,1,0,0,0,0,0,44,1,88,22,24,20,22,71,40,0,0,0,0,0,0,0,0,0,0,0,0,0,0,0,0,0,0,0,0,0,0,0,0,0,0,0
127,0,94,9,0,0,0,0,0,0,1,0,0,0,0,0,44,1,87,22,24,20,22,71,40,0,0,0,0,0,0,0,0,0,0,0,0,0,0,0,0,0,0,0,0,0,0,0,0,0,0,0
127,0,96,10,0,0,0,0,0,0,1,0,0,0,0,0,44,1,96,22,24,29,22,71,50,0,0,0,0,0,0,0,0,0,0,0,0,0,0,0,0,0,0,0,0,0,0,0,0,0,0,0
127,0,96,10,0,0,0,0,0,0,1,0,0,0,0,0,44,1,105,22,24,29,22,71,40,0,0,0,0,0,0,0,0,0,0,0,0,0,0,0,0,0,0,0,0,0,0,0,0,0,0,0
127,0,96,10,0,0,0,0,0,0,1,0,0,0,0,0,44,1,101,22,24,29,22,71,50,0,0,0,0,0,0,0,0,0,0,0,0,0,0,0,0,0,0,0,0,0,0,0,0,0,0,0
127,0,96,10,0,0,0,0,0,0,1,0,0,0,0,0,44,1,98,22,24,29,22,71,50,0,0,0,0,0,0,0,0,0,0,0,0,0,0,0,0,0,0,0,0,0,0,0,0,0,0,0
127,0,94,10,0,0,0,0,0,0,1,0,0,0,0,0,44,1,86,22,24,29,22,71,59,0,0,0,0,0,0,0,0,0,0,0,0,0,0,0,0,0,0,0,0,0,0,0,0,0,0,0
127,0,96,10,0,0,0,0,0,0,1,0,0,0,0,0,44,1,104,22,24,29,22,71,59,0,0,0,0,0,0,0,0,0,0,0,0,0,0,0,0,0,0,0,0,0,0,0,0,0,0,0
127,0,96,10,0,0,0,0,0,0,1,0,0,0,0,0,44,1,93,22,24,29,22,71,69,0,0,0,0,0,0,0,0,0,0,0,0,0,0,0,0,0,0,0,0,0,0,0,0,0,0,0
127,0,94,10,0,0,0,0,0,0,1,0,0,0,0,0,44,1,104,22,24,29,22,71,69,0,0,0,0,0,0,0,0,0,0,0,0,0,0,0,0,0,0,0,0,0,0,0,0,0,0,0
127,0,94,10,0,0,0,0,0,0,1,0,0,0,0,0,44,1,94,22,24,29,22,71,69,0,0,0,0,0,0,0,0,0,0,0,0,0,0,0,0,0,0,0,0,0,0,0,0,0,0,0
127,0,96,10,0,0,0,0,0,0,1,0,0,0,0,0,44,1,105,22,24,29,22,71,59,0,0,0,0,0,0,0,0,0,0,0,0,0,0,0,0,0,0,0,0,0,0,0,0,0,0,0
127,0,96,10,0,0,0,0,0,0,1,0,0,0,0,0,44,1,92,22,24,29,22,71,19,0,0,0,0,0,0,0,0,0,0,0,0,0,0,0,0,0,0,0,0,0,0,0,0,0,0,0
127,0,96,10,0,0,0,0,0,0,1,0,0,0,0,0,44,1,104,22,24,29,22,71,19,0,0,0,0,0,0,0,0,0,0,0,0,0,0,0,0,0,0,0,0,0,0,0,0,0,0,0
127,0,96,10,0,0,0,0,0,0,1,0,0,0,0,0,44,1,85,22,24,29,22,71,19,0,0,0,0,0,0,0,0,0,0,0,0,0,0,0,0,0,0,0,0,0,0,0,0,0,0,0
127,0,96,10,0,0,0,0,0,0,1,0,0,0,0,0,44,1,104,22,24,29,22,71,30,0,0,0,0,0,0,0,0,0,0,0,0,0,0,0,0,0,0,0,0,0,0,0,0,0,0,0
127,0,96,10,0,0,0,0,0,0,1,0,0,0,0,0,44,1,85,22,24,29,22,71,40,0,0,0,0,0,0,0,0,0,0,0,0,0,0,0,0,0,0,0,0,0,0,0,0,0,0,0
127,0,96,10,0,0,0,0,0,0,1,0,0,0,0,0,44,1,105,22,24,29,22,71,50,0,0,0,0,0,0,0,0,0,0,0,0,0,0,0,0,0,0,0,0,0,0,0,0,0,0,0
127,0,96,10,0,0,0,0,0,0,1,0,0,0,0,0,44,1,95,22,24,29,22,71,59,0,0,0,0,0,0,0,0,0,0,0,0,0,0,0,0,0,0,0,0,0,0,0,0,0,0,0
127,0,96,10,0,0,0,0,0,0,1,0,0,0,0,0,44,1,99,22,24,29,22,71,50,0,0,0,0,0,0,0,0,0,0,0,0,0,0,0,0,0,0,0,0,0,0,0,0,0,0,0
127,0,96,10,0,0,0,0,0,0,1,0,0,0,0,0,44,1,99,22,24,29,22,71,59,0,0,0,0,0,0,0,0,0,0,0,0,0,0,0,0,0,0,0,0,0,0,0,0,0,0,0
127,0,94,10,0,0,0,0,0,0,1,0,0,0,0,0,44,1,92,22,24,29,22,71,59,0,0,0,0,0,0,0,0,0,0,0,0,0,0,0,0,0,0,0,0,0,0,0,0,0,0,0
127,0,96,10,0,0,0,0,0,0,1,0,0,0,0,0,44,1,101,22,24,29,22,71,50,0,0,0,0,0,0,0,0,0,0,0,0,0,0,0,0,0,0,0,0,0,0,0,0,0,0,0
127,0,96,10,0,0,0,0,0,0,1,0,0,0,0,0,44,1,87,22,24,29,22,71,50,0,0,0,0,0,0,0,0,0,0,0,0,0,0,0,0,0,0,0,0,0,0,0,0,0,0,0
127,0,96,10,0,0,0,0,0,0,1,0,0,0,0,0,44,1,101,22,24,29,22,71,69,0,0,0,0,0,0,0,0,0,0,0,0,0,0,0,0,0,0,0,0,0,0,0,0,0,0,0
127,0,96,10,0,0,0,0,0,0,1,0,0,0,0,0,44,1,101,22,24,29,22,71,80,0,0,0,0,0,0,0,0,0,0,0,0,0,0,0,0,0,0,0,0,0,0,0,0,0,0,0
127,0,96,10,0,0,0,0,0,0,1,0,0,0,0,0,44,1,93,22,24,29,22,72,0,0,0,0,0,0,0,0,0,0,0,0,0,0,0,0,0,0,0,0,0,0,0,0,0,0,0,0
127,0,94,10,0,0,0,0,0,0,1,0,0,0,0,0,44,1,93,22,24,29,22,72,19,0,0,0,0,0,0,0,0,0,0,0,0,0,0,0,0,0,0,0,0,0,0,0,0,0,0,0
127,0,96,10,0,0,0,0,0,0,1,0,0,0,0,0,44,1,105,22,24,29,22,72,30,0,0,0,0,0,0,0,0,0,0,0,0,0,0,0,0,0,0,0,0,0,0,0,0,0,0,0
127,0,96,10,0,0,0,0,0,0,1,0,0,0,0,0,44,1,105,22,24,29,22,72,69,0,0,0,0,0,0,0,0,0,0,0,0,0,0,0,0,0,0,0,0,0,0,0,0,0,0,0
127,0,96,9,0,0,0,0,0,0,1,0,0,0,0,0,44,1,102,22,24,29,22,72,80,0,0,0,0,0,0,0,0,0,0,0,0,0,0,0,0,0,0,0,0,0,0,0,0,0,0,0
127,0,94,10,0,0,0,0,0,0,1,0,0,0,0,0,44,1,99,22,24,29,22,72,59,0,0,0,0,0,0,0,0,0,0,0,0,0,0,0,0,0,0,0,0,0,0,0,0,0,0,0
127,0,96,10,0,0,0,0,0,0,1,0,0,0,0,0,44,1,93,22,24,29,22,72,40,0,0,0,0,0,0,0,0,0,0,0,0,0,0,0,0,0,0,0,0,0,0,0,0,0,0,0
127,0,96,10,0,0,0,0,0,0,1,0,0,0,0,0,44,1,92,22,24,29,22,72,40,0,0,0,0,0,0,0,0,0,0,0,0,0,0,0,0,0,0,0,0,0,0,0,0,0,0,0
127,0,96,10,0,0,0,0,0,0,1,0,0,0,0,0,44,1,105,22,24,39,22,72,30,0,0,0,0,0,0,0,0,0,0,0,0,0,0,0,0,0,0,0,0,0,0,0,0,0,0,0
127,0,96,10,0,0,0,0,0,0,1,0,0,0,0,0,44,1,105,22,24,29,22,72,19,0,0,0,0,0,0,0,0,0,0,0,0,0,0,0,0,0,0,0,0,0,0,0,0,0,0,0
127,0,94,10,0,0,0,0,0,0,1,0,0,0,0,0,44,1,100,22,24,29,22,72,30,0,0,0,0,0,0,0,0,0,0,0,0,0,0,0,0,0,0,0,0,0,0,0,0,0,0,0
127,0,94,10,0,0,0,0,0,0,1,0,0,0,0,0,44,1,88,22,24,29,22,72,30,0,0,0,0,0,0,0,0,0,0,0,0,0,0,0,0,0,0,0,0,0,0,0,0,0,0,0
127,0,96,10,0,0,0,0,0,0,1,0,0,0,0,0,44,1,100,22,24,39,22,72,40,0,0,0,0,0,0,0,0,0,0,0,0,0,0,0,0,0,0,0,0,0,0,0,0,0,0,0
127,0,94,10,0,0,0,0,0,0,1,0,0,0,0,0,44,1,105,22,24,29,22,72,30,0,0,0,0,0,0,0,0,0,0,0,0,0,0,0,0,0,0,0,0,0,0,0,0,0,0,0
127,0,96,10,0,0,0,0,0,0,1,0,0,0,0,0,44,1,95,22,24,39,22,72,40,0,0,0,0,0,0,0,0,0,0,0,0,0,0,0,0,0,0,0,0,0,0,0,0,0,0,0
127,0,96,10,0,0,0,0,0,0,1,0,0,0,0,0,44,1,99,22,24,29,22,72,19,0,0,0,0,0,0,0,0,0,0,0,0,0,0,0,0,0,0,0,0,0,0,0,0,0,0,0
127,0,94,10,0,0,0,0,0,0,1,0,0,0,0,0,44,1,105,22,24,39,22,72,30,0,0,0,0,0,0,0,0,0,0,0,0,0,0,0,0,0,0,0,0,0,0,0,0,0,0,0
127,0,96,10,0,0,0,0,0,0,1,0,0,0,0,0,44,1,98,22,24,39,22,72,19,0,0,0,0,0,0,0,0,0,0,0,0,0,0,0,0,0,0,0,0,0,0,0,0,0,0,0
127,0,96,10,0,0,0,0,0,0,1,0,0,0,0,0,44,1,95,22,24,39,22,72,19,0,0,0,0,0,0,0,0,0,0,0,0,0,0,0,0,0,0,0,0,0,0,0,0,0,0,0
127,0,96,10,0,0,0,0,0,0,1,0,0,0,0,0,44,1,107,22,24,29,22,72,9,0,0,0,0,0,0,0,0,0,0,0,0,0,0,0,0,0,0,0,0,0,0,0,0,0,0,0
127,0,96,10,0,0,0,0,0,0,1,0,0,0,0,0,44,1,101,22,24,39,22,72,9,0,0,0,0,0,0,0,0,0,0,0,0,0,0,0,0,0,0,0,0,0,0,0,0,0,0,0
127,0,96,10,0,0,0,0,0,0,1,0,0,0,0,0,44,1,88,22,24,39,22,72,9,0,0,0,0,0,0,0,0,0,0,0,0,0,0,0,0,0,0,0,0,0,0,0,0,0,0,0
127,0,94,10,0,0,0,0,0,0,1,0,0,0,0,0,44,1,101,22,24,39,22,72,9,0,0,0,0,0,0,0,0,0,0,0,0,0,0,0,0,0,0,0,0,0,0,0,0,0,0,0
127,0,96,10,0,0,0,0,0,0,1,0,0,0,0,0,44,1,105,22,24,39,22,72,19,0,0,0,0,0,0,0,0,0,0,0,0,0,0,0,0,0,0,0,0,0,0,0,0,0,0,0
127,0,96,10,0,0,0,0,0,0,1,0,0,0,0,0,44,1,96,22,24,39,22,72,40,0,0,0,0,0,0,0,0,0,0,0,0,0,0,0,0,0,0,0,0,0,0,0,0,0,0,0
127,0,96,10,0,0,0,0,0,0,1,0,0,0,0,0,44,1,93,22,24,39,22,72,30,0,0,0,0,0,0,0,0,0,0,0,0,0,0,0,0,0,0,0,0,0,0,0,0,0,0,0
127,0,96,10,0,0,0,0,0,0,1,0,0,0,0,0,44,1,107,22,24,39,22,72,30,0,0,0,0,0,0,0,0,0,0,0,0,0,0,0,0,0,0,0,0,0,0,0,0,0,0,0
127,0,96,10,0,0,0,0,0,0,1,0,0,0,0,0,44,1,101,22,24,39,22,72,30,0,0,0,0,0,0,0,0,0,0,0,0,0,0,0,0,0,0,0,0,0,0,0,0,0,0,0
127,0,94,10,0,0,0,0,0,0,1,0,0,0,0,0,44,1,93,22,24,39,22,72,9,0,0,0,0,0,0,0,0,0,0,0,0,0,0,0,0,0,0,0,0,0,0,0,0,0,0,0
127,0,94,10,0,0,0,0,0,0,1,0,0,0,0,0,44,1,92,22,24,39,22,71,90,0,0,0,0,0,0,0,0,0,0,0,0,0,0,0,0,0,0,0,0,0,0,0,0,0,0,0
127,0,94,10,0,0,0,0,0,0,1,0,0,0,0,0,44,1,106,22,24,39,22,71,80,0,0,0,0,0,0,0,0,0,0,0,0,0,0,0,0,0,0,0,0,0,0,0,0,0,0,0
127,0,96,10,0,0,0,0,0,0,1,0,0,0,0,0,44,1,101,22,24,39,22,72,9,0,0,0,0,0,0,0,0,0,0,0,0,0,0,0,0,0,0,0,0,0,0,0,0,0,0,0
127,0,98,10,0,0,0,0,0,0,1,0,0,0,0,0,44,1,95,22,24,39,22,72,0,0,0,0,0,0,0,0,0,0,0,0,0,0,0,0,0,0,0,0,0,0,0,0,0,0,0,0
127,0,94,10,0,0,0,0,0,0,1,0,0,0,0,0,44,1,88,22,24,39,22,72,9,0,0,0,0,0,0,0,0,0,0,0,0,0,0,0,0,0,0,0,0,0,0,0,0,0,0,0
127,0,96,10,0,0,0,0,0,0,1,0,0,0,0,0,44,1,104,22,24,39,22,72,19,0,0,0,0,0,0,0,0,0,0,0,0,0,0,0,0,0,0,0,0,0,0,0,0,0,0,0
127,0,96,9,0,0,0,0,0,0,1,0,0,0,0,0,44,1,97,22,24,39,22,72,19,0,0,0,0,0,0,0,0,0,0,0,0,0,0,0,0,0,0,0,0,0,0,0,0,0,0,0
127,0,96,10,0,0,0,0,0,0,1,0,0,0,0,0,44,1,83,22,24,39,22,72,30,0,0,0,0,0,0,0,0,0,0,0,0,0,0,0,0,0,0,0,0,0,0,0,0,0,0,0
127,0,96,10,0,0,0,0,0,0,1,0,0,0,0,0,44,1,99,22,24,39,22,72,30,0,0,0,0,0,0,0,0,0,0,0,0,0,0,0,0,0,0,0,0,0,0,0,0,0,0,0
127,0,96,10,0,0,0,0,0,0,1,0,0,0,0,0,44,1,92,22,24,39,22,72,40,0,0,0,0,0,0,0,0,0,0,0,0,0,0,0,0,0,0,0,0,0,0,0,0,0,0,0
127,0,94,10,0,0,0,0,0,0,1,0,0,0,0,0,44,1,80,22,24,39,22,72,19,0,0,0,0,0,0,0,0,0,0,0,0,0,0,0,0,0,0,0,0,0,0,0,0,0,0,0
127,0,96,10,0,0,0,0,0,0,1,0,0,0,0,0,44,1,92,22,24,39,22,72,0,0,0,0,0,0,0,0,0,0,0,0,0,0,0,0,0,0,0,0,0,0,0,0,0,0,0,0
127,0,94,10,0,0,0,0,0,0,1,0,0,0,0,0,44,1,78,22,24,39,22,71,90,0,0,0,0,0,0,0,0,0,0,0,0,0,0,0,0,0,0,0,0,0,0,0,0,0,0,0
127,0,96,9,0,0,0,0,0,0,1,0,0,0,0,0,44,1,83,22,24,39,22,71,80,0,0,0,0,0,0,0,0,0,0,0,0,0,0,0,0,0,0,0,0,0,0,0,0,0,0,0
127,0,96,10,0,0,0,0,0,0,1,0,0,0,0,0,44,1,80,22,24,39,22,72,0,0,0,0,0,0,0,0,0,0,0,0,0,0,0,0,0,0,0,0,0,0,0,0,0,0,0,0
127,0,96,10,0,0,0,0,0,0,1,0,0,0,0,0,44,1,73,22,24,39,22,72,0,0,0,0,0,0,0,0,0,0,0,0,0,0,0,0,0,0,0,0,0,0,0,0,0,0,0,0
127,0,96,10,0,0,0,0,0,0,1,0,0,0,0,0,44,1,66,22,24,39,22,72,0,0,0,0,0,0,0,0,0,0,0,0,0,0,0,0,0,0,0,0,0,0,0,0,0,0,0,0
127,0,96,10,0,0,0,0,0,0,1,0,0,0,0,0,44,1,62,22,24,39,22,71,90,0,0,0,0,0,0,0,0,0,0,0,0,0,0,0,0,0,0,0,0,0,0,0,0,0,0,0
127,0,96,10,0,0,0,0,0,0,1,0,0,0,0,0,44,1,80,22,24,39,22,71,90,0,0,0,0,0,0,0,0,0,0,0,0,0,0,0,0,0,0,0,0,0,0,0,0,0,0,0
127,0,96,10,0,0,0,0,0,0,1,0,0,0,0,0,44,1,64,22,24,39,22,71,90,0,0,0,0,0,0,0,0,0,0,0,0,0,0,0,0,0,0,0,0,0,0,0,0,0,0,0
127,0,96,10,0,0,0,0,0,0,1,0,0,0,0,0,44,1,45,22,24,39,22,71,90,0,0,0,0,0,0,0,0,0,0,0,0,0,0,0,0,0,0,0,0,0,0,0,0,0,0,0
127,0,96,10,0,0,0,0,0,0,1,0,0,0,0,0,44,1,40,22,24,39,22,71,90,0,0,0,0,0,0,0,0,0,0,0,0,0,0,0,0,0,0,0,0,0,0,0,0,0,0,0
127,0,96,10,0,0,0,0,0,0,1,0,0,0,0,0,44,1,46,22,24,39,22,71,90,0,0,0,0,0,0,0,0,0,0,0,0,0,0,0,0,0,0,0,0,0,0,0,0,0,0,0
127,0,96,10,0,0,0,0,0,0,1,0,0,0,0,0,44,1,45,22,24,39,22,72,19,0,0,0,0,0,0,0,0,0,0,0,0,0,0,0,0,0,0,0,0,0,0,0,0,0,0,0
127,0,96,10,0,0,0,0,0,0,1,0,0,0,0,0,44,1,38,22,24,39,22,72,19,0,0,0,0,0,0,0,0,0,0,0,0,0,0,0,0,0,0,0,0,0,0,0,0,0,0,0
127,0,96,9,0,0,0,0,0,0,1,0,0,0,0,0,44,1,35,22,24,39,22,72,19,0,0,0,0,0,0,0,0,0,0,0,0,0,0,0,0,0,0,0,0,0,0,0,0,0,0,0
127,0,96,9,0,0,0,0,0,0,1,0,0,0,0,0,44,1,32,22,24,39,22,72,19,0,0,0,0,0,0,0,0,0,0,0,0,0,0,0,0,0,0,0,0,0,0,0,0,0,0,0
127,0,96,10,0,0,0,0,0,0,1,0,0,0,0,0,44,1,29,22,24,50,22,72,30,0,0,0,0,0,0,0,0,0,0,0,0,0,0,0,0,0,0,0,0,0,0,0,0,0,0,0
127,0,96,10,0,0,0,0,0,0,1,0,0,0,0,0,44,1,32,22,24,39,22,72,19,0,0,0,0,0,0,0,0,0,0,0,0,0,0,0,0,0,0,0,0,0,0,0,0,0,0,0
127,0,96,10,0,0,0,0,0,0,1,0,0,0,0,0,44,1,32,22,24,39,22,72,19,0,0,0,0,0,0,0,0,0,0,0,0,0,0,0,0,0,0,0,0,0,0,0,0,0,0,0
127,0,96,9,0,0,0,0,0,0,1,0,0,0,0,0,44,1,26,22,24,50,22,72,30,0,0,0,0,0,0,0,0,0,0,0,0,0,0,0,0,0,0,0,0,0,0,0,0,0,0,0
127,0,96,10,0,0,0,0,0,0,1,0,0,0,0,0,44,1,28,22,24,39,22,71,80,0,0,0,0,0,0,0,0,0,0,0,0,0,0,0,0,0,0,0,0,0,0,0,0,0,0,0
127,0,96,10,0,0,0,0,0,0,1,0,0,0,0,0,44,1,37,22,24,39,22,71,40,0,0,0,0,0,0,0,0,0,0,0,0,0,0,0,0,0,0,0,0,0,0,0,0,0,0,0
127,0,96,10,0,0,0,0,0,0,1,0,0,0,0,0,44,1,50,22,24,39,22,71,19,0,0,0,0,0,0,0,0,0,0,0,0,0,0,0,0,0,0,0,0,0,0,0,0,0,0,0
127,0,96,10,0,0,0,0,0,0,1,0,0,0,0,0,44,1,47,22,24,39,22,71,9,0,0,0,0,0,0,0,0,0,0,0,0,0,0,0,0,0,0,0,0,0,0,0,0,0,0,0
127,0,96,10,0,0,0,0,0,0,1,0,0,0,0,0,44,1,45,22,24,39,22,71,19,0,0,0,0,0,0,0,0,0,0,0,0,0,0,0,0,0,0,0,0,0,0,0,0,0,0,0
127,0,96,10,0,0,0,0,0,0,1,0,0,0,0,0,44,1,40,22,24,39,22,71,40,0,0,0,0,0,0,0,0,0,0,0,0,0,0,0,0,0,0,0,0,0,0,0,0,0,0,0
127,0,96,10,0,0,0,0,0,0,1,0,0,0,0,0,44,1,32,22,24,39,22,71,59,0,0,0,0,0,0,0,0,0,0,0,0,0,0,0,0,0,0,0,0,0,0,0,0,0,0,0
127,0,96,9,0,0,0,0,0,0,1,0,0,0,0,0,44,1,42,22,24,39,22,71,59,0,0,0,0,0,0,0,0,0,0,0,0,0,0,0,0,0,0,0,0,0,0,0,0,0,0,0
127,0,96,10,0,0,0,0,0,0,1,0,0,0,0,0,44,1,50,22,24,39,22,71,69,0,0,0,0,0,0,0,0,0,0,0,0,0,0,0,0,0,0,0,0,0,0,0,0,0,0,0
127,0,96,10,0,0,0,0,0,0,1,0,0,0,0,0,44,1,42,22,24,29,22,71,59,0,0,0,0,0,0,0,0,0,0,0,0,0,0,0,0,0,0,0,0,0,0,0,0,0,0,0
127,0,96,10,0,0,0,0,0,0,1,0,0,0,0,0,44,1,34,22,24,39,22,71,80,0,0,0,0,0,0,0,0,0,0,0,0,0,0,0,0,0,0,0,0,0,0,0,0,0,0,0
127,0,96,10,0,0,0,0,0,0,1,0,0,0,0,0,44,1,51,22,24,29,22,71,19,0,0,0,0,0,0,0,0,0,0,0,0,0,0,0,0,0,0,0,0,0,0,0,0,0,0,0
127,0,96,10,0,0,0,0,0,0,1,0,0,0,0,0,44,1,41,22,24,39,22,71,9,0,0,0,0,0,0,0,0,0,0,0,0,0,0,0,0,0,0,0,0,0,0,0,0,0,0,0
127,0,96,9,0,0,0,0,0,0,1,0,0,0,0,0,44,1,41,22,24,29,22,70,69,0,0,0,0,0,0,0,0,0,0,0,0,0,0,0,0,0,0,0,0,0,0,0,0,0,0,0
127,0,96,10,0,0,0,0,0,0,1,0,0,0,0,0,44,1,48,22,24,29,22,70,59,0,0,0,0,0,0,0,0,0,0,0,0,0,0,0,0,0,0,0,0,0,0,0,0,0,0,0
127,0,96,10,0,0,0,0,0,0,1,0,0,0,0,0,44,1,30,22,24,29,22,70,69,0,0,0,0,0,0,0,0,0,0,0,0,0,0,0,0,0,0,0,0,0,0,0,0,0,0,0
127,0,96,10,0,0,0,0,0,0,1,0,0,0,0,0,44,1,52,22,24,29,22,70,80,0,0,0,0,0,0,0,0,0,0,0,0,0,0,0,0,0,0,0,0,0,0,0,0,0,0,0
127,0,96,10,0,0,0,0,0,0,1,0,0,0,0,0,44,1,29,22,24,29,22,70,90,0,0,0,0,0,0,0,0,0,0,0,0,0,0,0,0,0,0,0,0,0,0,0,0,0,0,0
127,0,96,10,0,0,0,0,0,0,1,0,0,0,0,0,44,1,51,22,24,29,22,71,0,0,0,0,0,0,0,0,0,0,0,0,0,0,0,0,0,0,0,0,0,0,0,0,0,0,0,0
127,0,96,10,0,0,0,0,0,0,1,0,0,0,0,0,44,1,39,22,24,29,22,71,19,0,0,0,0,0,0,0,0,0,0,0,0,0,0,0,0,0,0,0,0,0,0,0,0,0,0,0
127,0,94,10,0,0,0,0,0,0,1,0,0,0,0,0,44,1,45,22,24,29,22,71,30,0,0,0,0,0,0,0,0,0,0,0,0,0,0,0,0,0,0,0,0,0,0,0,0,0,0,0
127,0,96,10,0,0,0,0,0,0,1,0,0,0,0,0,44,1,50,22,24,29,22,71,30,0,0,0,0,0,0,0,0,0,0,0,0,0,0,0,0,0,0,0,0,0,0,0,0,0,0,0
127,0,96,10,0,0,0,0,0,0,1,0,0,0,0,0,44,1,42,22,24,29,22,70,90,0,0,0,0,0,0,0,0,0,0,0,0,0,0,0,0,0,0,0,0,0,0,0,0,0,0,0
127,0,96,10,0,0,0,0,0,0,1,0,0,0,0,0,44,1,30,22,24,29,22,70,50,0,0,0,0,0,0,0,0,0,0,0,0,0,0,0,0,0,0,0,0,0,0,0,0,0,0,0
127,0,96,10,0,0,0,0,0,0,1,0,0,0,0,0,44,1,38,22,24,29,22,70,59,0,0,0,0,0,0,0,0,0,0,0,0,0,0,0,0,0,0,0,0,0,0,0,0,0,0,0
127,0,96,9,0,0,0,0,0,0,1,0,0,0,0,0,44,1,46,22,24,29,22,70,50,0,0,0,0,0,0,0,0,0,0,0,0,0,0,0,0,0,0,0,0,0,0,0,0,0,0,0
127,0,96,10,0,0,0,0,0,0,1,0,0,0,0,0,44,1,50,22,24,20,22,70,59,0,0,0,0,0,0,0,0,0,0,0,0,0,0,0,0,0,0,0,0,0,0,0,0,0,0,0
127,0,96,10,0,0,0,0,0,0,1,0,0,0,0,0,44,1,52,22,24,20,22,70,80,0,0,0,0,0,0,0,0,0,0,0,0,0,0,0,0,0,0,0,0,0,0,0,0,0,0,0
127,0,96,10,0,0,0,0,0,0,1,0,0,0,0,0,44,1,53,22,24,20,22,71,0,0,0,0,0,0,0,0,0,0,0,0,0,0,0,0,0,0,0,0,0,0,0,0,0,0,0,0
127,0,96,10,0,0,0,0,0,0,1,0,0,0,0,0,44,1,52,22,24,20,22,71,0,0,0,0,0,0,0,0,0,0,0,0,0,0,0,0,0,0,0,0,0,0,0,0,0,0,0,0
127,0,96,10,0,0,0,0,0,0,1,0,0,0,0,0,44,1,51,22,24,20,22,71,19,0,0,0,0,0,0,0,0,0,0,0,0,0,0,0,0,0,0,0,0,0,0,0,0,0,0,0
127,0,96,10,0,0,0,0,0,0,1,0,0,0,0,0,44,1,48,22,24,20,22,71,40,0,0,0,0,0,0,0,0,0,0,0,0,0,0,0,0,0,0,0,0,0,0,0,0,0,0,0
127,0,96,10,0,0,0,0,0,0,1,0,0,0,0,0,44,1,46,22,24,20,22,71,50,0,0,0,0,0,0,0,0,0,0,0,0,0,0,0,0,0,0,0,0,0,0,0,0,0,0,0
127,0,96,9,0,0,0,0,0,0,1,0,0,0,0,0,44,1,41,22,24,20,22,71,0,0,0,0,0,0,0,0,0,0,0,0,0,0,0,0,0,0,0,0,0,0,0,0,0,0,0,0
127,0,96,10,0,0,0,0,0,0,1,0,0,0,0,0,44,1,33,22,24,20,22,70,80,0,0,0,0,0,0,0,0,0,0,0,0,0,0,0,0,0,0,0,0,0,0,0,0,0,0,0
127,0,96,10,0,0,0,0,0,0,1,0,0,0,0,0,44,1,33,22,24,20,22,70,59,0,0,0,0,0,0,0,0,0,0,0,0,0,0,0,0,0,0,0,0,0,0,0,0,0,0,0
127,0,96,10,0,0,0,0,0,0,1,0,0,0,0,0,44,1,42,22,24,20,22,70,80,0,0,0,0,0,0,0,0,0,0,0,0,0,0,0,0,0,0,0,0,0,0,0,0,0,0,0
127,0,96,10,0,0,0,0,0,0,1,0,0,0,0,0,44,1,51,22,24,20,22,71,0,0,0,0,0,0,0,0,0,0,0,0,0,0,0,0,0,0,0,0,0,0,0,0,0,0,0,0
127,0,96,10,0,0,0,0,0,0,1,0,0,0,0,0,44,1,47,22,24,20,22,71,19,0,0,0,0,0,0,0,0,0,0,0,0,0,0,0,0,0,0,0,0,0,0,0,0,0,0,0
127,0,96,10,0,0,0,0,0,0,1,0,0,0,0,0,44,1,42,22,24,10,22,71,19,0,0,0,0,0,0,0,0,0,0,0,0,0,0,0,0,0,0,0,0,0,0,0,0,0,0,0
127,0,96,10,0,0,0,0,0,0,1,0,0,0,0,0,44,1,34,22,24,20,22,71,30,0,0,0,0,0,0,0,0,0,0,0,0,0,0,0,0,0,0,0,0,0,0,0,0,0,0,0
127,0,96,10,0,0,0,0,0,0,1,0,0,0,0,0,44,1,33,22,24,20,22,71,40,0,0,0,0,0,0,0,0,0,0,0,0,0,0,0,0,0,0,0,0,0,0,0,0,0,0,0
127,0,96,10,0,0,0,0,0,0,1,0,0,0,0,0,44,1,47,22,24,20,22,71,40,0,0,0,0,0,0,0,0,0,0,0,0,0,0,0,0,0,0,0,0,0,0,0,0,0,0,0
127,0,96,10,0,0,0,0,0,0,1,0,0,0,0,0,44,1,48,22,24,10,22,71,30,0,0,0,0,0,0,0,0,0,0,0,0,0,0,0,0,0,0,0,0,0,0,0,0,0,0,0
127,0,96,10,0,0,0,0,0,0,1,0,0,0,0,0,44,1,44,22,24,10,22,70,90,0,0,0,0,0,0,0,0,0,0,0,0,0,0,0,0,0,0,0,0,0,0,0,0,0,0,0
127,0,96,10,0,0,0,0,0,0,1,0,0,0,0,0,44,1,27,22,24,20,22,70,59,0,0,0,0,0,0,0,0,0,0,0,0,0,0,0,0,0,0,0,0,0,0,0,0,0,0,0
127,0,96,10,0,0,0,0,0,0,1,0,0,0,0,0,44,1,44,22,24,10,22,70,30,0,0,0,0,0,0,0,0,0,0,0,0,0,0,0,0,0,0,0,0,0,0,0,0,0,0,0
127,0,96,10,0,0,0,0,0,0,1,0,0,0,0,0,44,1,48,22,24,10,22,70,30,0,0,0,0,0,0,0,0,0,0,0,0,0,0,0,0,0,0,0,0,0,0,0,0,0,0,0
127,0,96,10,0,0,0,0,0,0,1,0,0,0,0,0,44,1,41,22,24,10,22,70,50,0,0,0,0,0,0,0,0,0,0,0,0,0,0,0,0,0,0,0,0,0,0,0,0,0,0,0
127,0,96,10,0,0,0,0,0,0,1,0,0,0,0,0,44,1,29,22,24,10,22,70,69,0,0,0,0,0,0,0,0,0,0,0,0,0,0,0,0,0,0,0,0,0,0,0,0,0,0,0
127,0,96,10,0,0,0,0,0,0,1,0,0,0,0,0,44,1,47,22,24,10,22,70,80,0,0,0,0,0,0,0,0,0,0,0,0,0,0,0,0,0,0,0,0,0,0,0,0,0,0,0
127,0,96,10,0,0,0,0,0,0,1,0,0,0,0,0,44,1,45,22,24,10,22,71,0,0,0,0,0,0,0,0,0,0,0,0,0,0,0,0,0,0,0,0,0,0,0,0,0,0,0,0
127,0,96,10,0,0,0,0,0,0,1,0,0,0,0,0,44,1,35,22,24,10,22,71,0,0,0,0,0,0,0,0,0,0,0,0,0,0,0,0,0,0,0,0,0,0,0,0,0,0,0,0
127,0,96,10,0,0,0,0,0,0,1,0,0,0,0,0,44,1,36,22,24,10,22,71,0,0,0,0,0,0,0,0,0,0,0,0,0,0,0,0,0,0,0,0,0,0,0,0,0,0,0,0
127,0,96,10,0,0,0,0,0,0,1,0,0,0,0,0,44,1,48,22,24,10,22,71,0,0,0,0,0,0,0,0,0,0,0,0,0,0,0,0,0,0,0,0,0,0,0,0,0,0,0,0
127,0,96,10,0,0,0,0,0,0,1,0,0,0,0,0,44,1,41,22,24,10,22,70,40,0,0,0,0,0,0,0,0,0,0,0,0,0,0,0,0,0,0,0,0,0,0,0,0,0,0,0
127,0,96,10,0,0,0,0,0,0,1,0,0,0,0,0,44,1,33,22,24,10,22,70,9,0,0,0,0,0,0,0,0,0,0,0,0,0,0,0,0,0,0,0,0,0,0,0,0,0,0,0
127,0,96,10,0,0,0,0,0,0,1,0,0,0,0,0,44,1,50,22,24,0,22,70,0,0,0,0,0,0,0,0,0,0,0,0,0,0,0,0,0,0,0,0,0,0,0,0,0,0,0,0
127,0,96,10,0,0,0,0,0,0,1,0,0,0,0,0,44,1,41,22,24,10,22,70,19,0,0,0,0,0,0,0,0,0,0,0,0,0,0,0,0,0,0,0,0,0,0,0,0,0,0,0
127,0,96,10,0,0,0,0,0,0,1,0,0,0,0,0,44,1,32,22,24,0,22,70,19,0,0,0,0,0,0,0,0,0,0,0,0,0,0,0,0,0,0,0,0,0,0,0,0,0,0,0
127,0,96,10,0,0,0,0,0,0,1,0,0,0,0,0,44,1,48,22,24,0,22,70,30,0,0,0,0,0,0,0,0,0,0,0,0,0,0,0,0,0,0,0,0,0,0,0,0,0,0,0
127,0,94,9,0,0,0,0,0,0,1,0,0,0,0,0,44,1,37,22,24,0,22,70,40,0,0,0,0,0,0,0,0,0,0,0,0,0,0,0,0,0,0,0,0,0,0,0,0,0,0,0
127,0,96,9,0,0,0,0,0,0,1,0,0,0,0,0,44,1,36,22,24,0,22,70,59,0,0,0,0,0,0,0,0,0,0,0,0,0,0,0,0,0,0,0,0,0,0,0,0,0,0,0
127,0,96,10,0,0,0,0,0,0,1,0,0,0,0,0,44,1,45,22,24,0,22,70,69,0,0,0,0,0,0,0,0,0,0,0,0,0,0,0,0,0,0,0,0,0,0,0,0,0,0,0
127,0,96,9,0,0,0,0,0,0,1,0,0,0,0,0,44,1,33,22,24,0,22,70,69,0,0,0,0,0,0,0,0,0,0,0,0,0,0,0,0,0,0,0,0,0,0,0,0,0,0,0
127,0,96,10,0,0,0,0,0,0,1,0,0,0,0,0,44,1,41,22,24,0,22,70,30,0,0,0,0,0,0,0,0,0,0,0,0,0,0,0,0,0,0,0,0,0,0,0,0,0,0,0
127,0,96,10,0,0,0,0,0,0,1,0,0,0,0,0,44,1,45,22,24,0,22,70,9,0,0,0,0,0,0,0,0,0,0,0,0,0,0,0,0,0,0,0,0,0,0,0,0,0,0,0
127,0,96,10,0,0,0,0,0,0,1,0,0,0,0,0,44,1,33,22,24,0,22,70,9,0,0,0,0,0,0,0,0,0,0,0,0,0,0,0,0,0,0,0,0,0,0,0,0,0,0,0
127,0,96,11,0,0,0,0,0,0,1,0,0,0,0,0,44,1,36,22,24,0,22,70,19,0,0,0,0,0,0,0,0,0,0,0,0,0,0,0,0,0,0,0,0,0,0,0,0,0,0,0
127,0,96,10,0,0,0,0,0,0,1,0,0,0,0,0,44,1,45,22,24,0,22,70,30,0,0,0,0,0,0,0,0,0,0,0,0,0,0,0,0,0,0,0,0,0,0,0,0,0,0,0
127,0,96,10,0,0,0,0,0,0,1,0,0,0,0,0,44,1,34,22,24,0,22,70,30,0,0,0,0,0,0,0,0,0,0,0,0,0,0,0,0,0,0,0,0,0,0,0,0,0,0,0
127,0,96,10,0,0,0,0,0,0,1,0,0,0,0,0,44,1,35,22,24,0,22,70,40,0,0,0,0,0,0,0,0,0,0,0,0,0,0,0,0,0,0,0,0,0,0,0,0,0,0,0
127,0,96,10,0,0,0,0,0,0,1,0,0,0,0,0,44,1,45,22,24,0,22,70,69,0,0,0,0,0,0,0,0,0,0,0,0,0,0,0,0,0,0,0,0,0,0,0,0,0,0,0
127,0,96,9,0,0,0,0,0,0,1,0,0,0,0,0,44,1,36,22,24,0,22,70,59,0,0,0,0,0,0,0,0,0,0,0,0,0,0,0,0,0,0,0,0,0,0,0,0,0,0,0
127,0,96,10,0,0,0,0,0,0,1,0,0,0,0,0,44,1,34,22,23,89,22,70,59,0,0,0,0,0,0,0,0,0,0,0,0,0,0,0,0,0,0,0,0,0,0,0,0,0,0,0
127,0,96,10,0,0,0,0,0,0,1,0,0,0,0,0,44,1,46,22,23,89,22,70,59,0,0,0,0,0,0,0,0,0,0,0,0,0,0,0,0,0,0,0,0,0,0,0,0,0,0,0
127,0,96,10,0,0,0,0,0,0,1,0,0,0,0,0,44,1,36,22,24,0,22,70,9,0,0,0,0,0,0,0,0,0,0,0,0,0,0,0,0,0,0,0,0,0,0,0,0,0,0,0
127,0,96,10,0,0,0,0,0,0,1,0,0,0,0,0,44,1,32,22,23,89,22,69,80,0,0,0,0,0,0,0,0,0,0,0,0,0,0,0,0,0,0,0,0,0,0,0,0,0,0,0
127,0,96,10,0,0,0,0,0,0,1,0,0,0,0,0,44,1,46,22,23,89,22,69,80,0,0,0,0,0,0,0,0,0,0,0,0,0,0,0,0,0,0,0,0,0,0,0,0,0,0,0
127,0,96,10,0,0,0,0,0,0,1,0,0,0,0,0,44,1,36,22,23,89,22,69,80,0,0,0,0,0,0,0,0,0,0,0,0,0,0,0,0,0,0,0,0,0,0,0,0,0,0,0
127,0,96,10,0,0,0,0,0,0,1,0,0,0,0,0,44,1,34,22,23,89,22,70,0,0,0,0,0,0,0,0,0,0,0,0,0,0,0,0,0,0,0,0,0,0,0,0,0,0,0,0
127,0,96,9,0,0,0,0,0,0,1,0,0,0,0,0,44,1,45,22,23,89,22,70,9,0,0,0,0,0,0,0,0,0,0,0,0,0,0,0,0,0,0,0,0,0,0,0,0,0,0,0
127,0,96,10,0,0,0,0,0,0,1,0,0,0,0,0,44,1,32,22,23,89,22,70,19,0,0,0,0,0,0,0,0,0,0,0,0,0,0,0,0,0,0,0,0,0,0,0,0,0,0,0
127,0,96,9,0,0,0,0,0,0,1,0,0,0,0,0,44,1,41,22,23,89,22,70,30,0,0,0,0,0,0,0,0,0,0,0,0,0,0,0,0,0,0,0,0,0,0,0,0,0,0,0
127,0,96,10,0,0,0,0,0,0,1,0,0,0,0,0,44,1,42,22,23,89,22,70,40,0,0,0,0,0,0,0,0,0,0,0,0,0,0,0,0,0,0,0,0,0,0,0,0,0,0,0
127,0,98,10,0,0,0,0,0,0,1,0,0,0,0,0,44,1,27,22,23,89,22,70,50,0,0,0,0,0,0,0,0,0,0,0,0,0,0,0,0,0,0,0,0,0,0,0,0,0,0,0
127,0,96,10,0,0,0,0,0,0,1,0,0,0,0,0,44,1,37,22,23,89,22,70,30,0,0,0,0,0,0,0,0,0,0,0,0,0,0,0,0,0,0,0,0,0,0,0,0,0,0,0
127,0,96,10,0,0,0,0,0,0,1,0,0,0,0,0,44,1,47,22,23,89,22,70,0,0,0,0,0,0,0,0,0,0,0,0,0,0,0,0,0,0,0,0,0,0,0,0,0,0,0,0
127,0,96,10,0,0,0,0,0,0,1,0,0,0,0,0,44,1,42,22,23,89,22,69,80,0,0,0,0,0,0,0,0,0,0,0,0,0,0,0,0,0,0,0,0,0,0,0,0,0,0,0
127,0,96,10,0,0,0,0,0,0,1,0,0,0,0,0,44,1,38,22,23,89,22,69,90,0,0,0,0,0,0,0,0,0,0,0,0,0,0,0,0,0,0,0,0,0,0,0,0,0,0,0
127,0,96,10,0,0,0,0,0,0,1,0,0,0,0,0,44,1,34,22,23,89,22,70,0,0,0,0,0,0,0,0,0,0,0,0,0,0,0,0,0,0,0,0,0,0,0,0,0,0,0,0
127,0,96,10,0,0,0,0,0,0,1,0,0,0,0,0,44,1,26,22,23,89,22,70,19,0,0,0,0,0,0,0,0,0,0,0,0,0,0,0,0,0,0,0,0,0,0,0,0,0,0,0
127,0,96,12,0,0,0,0,0,0,1,0,0,0,0,0,44,1,25,22,23,89,22,70,30,0,0,0,0,0,0,0,0,0,0,0,0,0,0,0,0,0,0,0,0,0,0,0,0,0,0,0
127,0,96,10,0,0,0,0,0,0,1,0,0,0,0,0,44,1,26,22,23,79,22,70,30,0,0,0,0,0,0,0,0,0,0,0,0,0,0,0,0,0,0,0,0,0,0,0,0,0,0,0
127,0,96,10,0,0,0,0,0,0,1,0,0,0,0,0,44,1,26,22,23,79,22,70,40,0,0,0,0,0,0,0,0,0,0,0,0,0,0,0,0,0,0,0,0,0,0,0,0,0,0,0
127,0,96,10,0,0,0,0,0,0,1,0,0,0,0,0,44,1,32,22,23,79,22,70,40,0,0,0,0,0,0,0,0,0,0,0,0,0,0,0,0,0,0,0,0,0,0,0,0,0,0,0
127,0,96,10,0,0,0,0,0,0,1,0,0,0,0,0,44,1,39,22,23,79,22,70,50,0,0,0,0,0,0,0,0,0,0,0,0,0,0,0,0,0,0,0,0,0,0,0,0,0,0,0
127,0,96,10,0,0,0,0,0,0,1,0,0,0,0,0,44,1,48,22,23,79,22,70,59,0,0,0,0,0,0,0,0,0,0,0,0,0,0,0,0,0,0,0,0,0,0,0,0,0,0,0
127,0,96,10,0,0,0,0,0,0,1,0,0,0,0,0,44,1,45,22,23,79,22,70,9,0,0,0,0,0,0,0,0,0,0,0,0,0,0,0,0,0,0,0,0,0,0,0,0,0,0,0
127,0,96,10,0,0,0,0,0,0,1,0,0,0,0,0,44,1,41,22,23,79,22,69,90,0,0,0,0,0,0,0,0,0,0,0,0,0,0,0,0,0,0,0,0,0,0,0,0,0,0,0
127,0,96,10,0,0,0,0,0,0,1,0,0,0,0,0,44,1,36,22,23,79,22,69,69,0,0,0,0,0,0,0,0,0,0,0,0,0,0,0,0,0,0,0,0,0,0,0,0,0,0,0
127,0,96,10,0,0,0,0,0,0,1,0,0,0,0,0,44,1,25,22,23,79,22,69,80,0,0,0,0,0,0,0,0,0,0,0,0,0,0,0,0,0,0,0,0,0,0,0,0,0,0,0
127,0,96,10,0,0,0,0,0,0,1,0,0,0,0,0,44,1,41,22,23,70,22,69,80,0,0,0,0,0,0,0,0,0,0,0,0,0,0,0,0,0,0,0,0,0,0,0,0,0,0,0
127,0,96,11,0,0,0,0,0,0,1,0,0,0,0,0,44,1,45,22,23,79,22,70,0,0,0,0,0,0,0,0,0,0,0,0,0,0,0,0,0,0,0,0,0,0,0,0,0,0,0,0
127,0,96,10,0,0,0,0,0,0,1,0,0,0,0,0,44,1,35,22,23,79,22,70,9,0,0,0,0,0,0,0,0,0,0,0,0,0,0,0,0,0,0,0,0,0,0,0,0,0,0,0
127,0,96,10,0,0,0,0,0,0,1,0,0,0,0,0,44,1,34,22,23,70,22,70,0,0,0,0,0,0,0,0,0,0,0,0,0,0,0,0,0,0,0,0,0,0,0,0,0,0,0,0
127,0,96,10,0,0,0,0,0,0,1,0,0,0,0,0,44,1,44,22,23,70,22,70,9,0,0,0,0,0,0,0,0,0,0,0,0,0,0,0,0,0,0,0,0,0,0,0,0,0,0,0
127,0,96,10,0,0,0,0,0,0,1,0,0,0,0,0,44,1,27,22,23,70,22,70,30,0,0,0,0,0,0,0,0,0,0,0,0,0,0,0,0,0,0,0,0,0,0,0,0,0,0,0
127,0,96,10,0,0,0,0,0,0,1,0,0,0,0,0,44,1,46,22,23,70,22,70,30,0,0,0,0,0,0,0,0,0,0,0,0,0,0,0,0,0,0,0,0,0,0,0,0,0,0,0
127,0,96,9,0,0,0,0,0,0,1,0,0,0,0,0,44,1,40,22,23,70,22,69,90,0,0,0,0,0,0,0,0,0,0,0,0,0,0,0,0,0,0,0,0,0,0,0,0,0,0,0
127,0,96,10,0,0,0,0,0,0,1,0,0,0,0,0,44,1,32,22,23,70,22,69,59,0,0,0,0,0,0,0,0,0,0,0,0,0,0,0,0,0,0,0,0,0,0,0,0,0,0,0
127,0,96,10,0,0,0,0,0,0,1,0,0,0,0,0,44,1,45,22,23,70,22,69,50,0,0,0,0,0,0,0,0,0,0,0,0,0,0,0,0,0,0,0,0,0,0,0,0,0,0,0
127,0,96,10,0,0,0,0,0,0,1,0,0,0,0,0,44,1,24,22,23,70,22,69,59,0,0,0,0,0,0,0,0,0,0,0,0,0,0,0,0,0,0,0,0,0,0,0,0,0,0,0
127,0,96,10,0,0,0,0,0,0,1,0,0,0,0,0,44,1,46,22,23,70,22,69,69,0,0,0,0,0,0,0,0,0,0,0,0,0,0,0,0,0,0,0,0,0,0,0,0,0,0,0
127,0,96,10,0,0,0,0,0,0,1,0,0,0,0,0,44,1,28,22,23,70,22,69,90,0,0,0,0,0,0,0,0,0,0,0,0,0,0,0,0,0,0,0,0,0,0,0,0,0,0,0
127,0,96,10,0,0,0,0,0,0,1,0,0,0,0,0,44,1,47,22,23,60,22,69,90,0,0,0,0,0,0,0,0,0,0,0,0,0,0,0,0,0,0,0,0,0,0,0,0,0,0,0
127,0,96,10,0,0,0,0,0,0,1,0,0,0,0,0,44,1,36,22,23,70,22,70,30,0,0,0,0,0,0,0,0,0,0,0,0,0,0,0,0,0,0,0,0,0,0,0,0,0,0,0
127,0,96,10,0,0,0,0,0,0,1,0,0,0,0,0,44,1,38,22,23,60,22,70,40,0,0,0,0,0,0,0,0,0,0,0,0,0,0,0,0,0,0,0,0,0,0,0,0,0,0,0
127,0,96,10,0,0,0,0,0,0,1,0,0,0,0,0,44,1,44,22,23,70,22,70,59,0,0,0,0,0,0,0,0,0,0,0,0,0,0,0,0,0,0,0,0,0,0,0,0,0,0,0
127,0,96,10,0,0,0,0,0,0,1,0,0,0,0,0,44,1,26,22,23,60,22,70,50,0,0,0,0,0,0,0,0,0,0,0,0,0,0,0,0,0,0,0,0,0,0,0,0,0,0,0
127,0,96,10,0,0,0,0,0,0,1,0,0,0,0,0,44,1,42,22,23,60,22,70,19,0,0,0,0,0,0,0,0,0,0,0,0,0,0,0,0,0,0,0,0,0,0,0,0,0,0,0
127,0,96,10,0,0,0,0,0,0,1,0,0,0,0,0,44,1,45,22,23,60,22,69,90,0,0,0,0,0,0,0,0,0,0,0,0,0,0,0,0,0,0,0,0,0,0,0,0,0,0,0
127,0,96,10,0,0,0,0,0,0,1,0,0,0,0,0,44,1,34,22,23,60,22,69,80,0,0,0,0,0,0,0,0,0,0,0,0,0,0,0,0,0,0,0,0,0,0,0,0,0,0,0
127,0,96,10,0,0,0,0,0,0,1,0,0,0,0,0,44,1,38,22,23,60,22,69,80,0,0,0,0,0,0,0,0,0,0,0,0,0,0,0,0,0,0,0,0,0,0,0,0,0,0,0
127,0,96,10,0,0,0,0,0,0,1,0,0,0,0,0,44,1,47,22,23,60,22,69,80,0,0,0,0,0,0,0,0,0,0,0,0,0,0,0,0,0,0,0,0,0,0,0,0,0,0,0
127,0,96,10,0,0,0,0,0,0,1,0,0,0,0,0,44,1,38,22,23,60,22,70,0,0,0,0,0,0,0,0,0,0,0,0,0,0,0,0,0,0,0,0,0,0,0,0,0,0,0,0
127,0,94,10,0,0,0,0,0,0,1,0,0,0,0,0,44,1,32,22,23,60,22,70,19,0,0,0,0,0,0,0,0,0,0,0,0,0,0,0,0,0,0,0,0,0,0,0,0,0,0,0
127,0,96,10,0,0,0,0,0,0,1,0,0,0,0,0,44,1,50,22,23,60,22,70,40,0,0,0,0,0,0,0,0,0,0,0,0,0,0,0,0,0,0,0,0,0,0,0,0,0,0,0
127,0,96,10,0,0,0,0,0,0,1,0,0,0,0,0,44,1,45,22,23,60,22,70,50,0,0,0,0,0,0,0,0,0,0,0,0,0,0,0,0,0,0,0,0,0,0,0,0,0,0,0
127,0,96,10,0,0,0,0,0,0,1,0,0,0,0,0,44,1,38,22,23,60,22,70,80,0,0,0,0,0,0,0,0,0,0,0,0,0,0,0,0,0,0,0,0,0,0,0,0,0,0,0
127,0,96,10,0,0,0,0,0,0,1,0,0,0,0,0,44,1,26,22,23,60,22,70,90,0,0,0,0,0,0,0,0,0,0,0,0,0,0,0,0,0,0,0,0,0,0,0,0,0,0,0
127,0,96,10,0,0,0,0,0,0,1,0,0,0,0,0,44,1,33,22,23,60,22,70,59,0,0,0,0,0,0,0,0,0,0,0,0,0,0,0,0,0,0,0,0,0,0,0,0,0,0,0
127,0,96,10,0,0,0,0,0,0,1,0,0,0,0,0,44,1,38,22,23,60,22,70,30,0,0,0,0,0,0,0,0,0,0,0,0,0,0,0,0,0,0,0,0,0,0,0,0,0,0,0
127,0,96,9,0,0,0,0,0,0,1,0,0,0,0,0,44,1,42,22,23,60,22,70,19,0,0,0,0,0,0,0,0,0,0,0,0,0,0,0,0,0,0,0,0,0,0,0,0,0,0,0
127,0,96,10,0,0,0,0,0,0,1,0,0,0,0,0,44,1,48,22,23,60,22,70,19,0,0,0,0,0,0,0,0,0,0,0,0,0,0,0,0,0,0,0,0,0,0,0,0,0,0,0
127,0,96,10,0,0,0,0,0,0,1,0,0,0,0,0,44,1,50,22,23,50,22,70,30,0,0,0,0,0,0,0,0,0,0,0,0,0,0,0,0,0,0,0,0,0,0,0,0,0,0,0
127,0,96,10,0,0,0,0,0,0,1,0,0,0,0,0,44,1,45,22,23,60,22,70,59,0,0,0,0,0,0,0,0,0,0,0,0,0,0,0,0,0,0,0,0,0,0,0,0,0,0,0
127,0,96,10,0,0,0,0,0,0,1,0,0,0,0,0,44,1,35,22,23,50,22,70,59,0,0,0,0,0,0,0,0,0,0,0,0,0,0,0,0,0,0,0,0,0,0,0,0,0,0,0
127,0,96,10,0,0,0,0,0,0,1,0,0,0,0,0,44,1,34,22,23,50,22,70,69,0,0,0,0,0,0,0,0,0,0,0,0,0,0,0,0,0,0,0,0,0,0,0,0,0,0,0
127,0,96,10,0,0,0,0,0,0,1,0,0,0,0,0,44,1,49,22,23,60,22,70,80,0,0,0,0,0,0,0,0,0,0,0,0,0,0,0,0,0,0,0,0,0,0,0,0,0,0,0
127,0,96,9,0,0,0,0,0,0,1,0,0,0,0,0,44,1,40,22,23,50,22,70,40,0,0,0,0,0,0,0,0,0,0,0,0,0,0,0,0,0,0,0,0,0,0,0,0,0,0,0
127,0,96,10,0,0,0,0,0,0,1,0,0,0,0,0,44,1,38,22,23,50,22,70,30,0,0,0,0,0,0,0,0,0,0,0,0,0,0,0,0,0,0,0,0,0,0,0,0,0,0,0
127,0,96,9,0,0,0,0,0,0,1,0,0,0,0,0,44,1,47,22,23,60,22,70,19,0,0,0,0,0,0,0,0,0,0,0,0,0,0,0,0,0,0,0,0,0,0,0,0,0,0,0
127,0,96,10,0,0,0,0,0,0,1,0,0,0,0,0,44,1,27,22,23,50,22,70,19,0,0,0,0,0,0,0,0,0,0,0,0,0,0,0,0,0,0,0,0,0,0,0,0,0,0,0
127,0,96,10,0,0,0,0,0,0,1,0,0,0,0,0,44,1,50,22,23,50,22,70,19,0,0,0,0,0,0,0,0,0,0,0,0,0,0,0,0,0,0,0,0,0,0,0,0,0,0,0
127,0,96,10,0,0,0,0,0,0,1,0,0,0,0,0,44,1,35,22,23,60,22,70,50,0,0,0,0,0,0,0,0,0,0,0,0,0,0,0,0,0,0,0,0,0,0,0,0,0,0,0
127,0,96,10,0,0,0,0,0,0,1,0,0,0,0,0,44,1,48,22,23,50,22,70,59,0,0,0,0,0,0,0,0,0,0,0,0,0,0,0,0,0,0,0,0,0,0,0,0,0,0,0
127,0,96,10,0,0,0,0,0,0,1,0,0,0,0,0,44,1,42,22,23,50,22,70,80,0,0,0,0,0,0,0,0,0,0,0,0,0,0,0,0,0,0,0,0,0,0,0,0,0,0,0
127,0,96,10,0,0,0,0,0,0,1,0,0,0,0,0,44,1,36,22,23,50,22,70,90,0,0,0,0,0,0,0,0,0,0,0,0,0,0,0,0,0,0,0,0,0,0,0,0,0,0,0
127,0,96,10,0,0,0,0,0,0,1,0,0,0,0,0,44,1,48,22,23,50,22,71,0,0,0,0,0,0,0,0,0,0,0,0,0,0,0,0,0,0,0,0,0,0,0,0,0,0,0,0
127,0,96,10,0,0,0,0,0,0,1,0,0,0,0,0,44,1,36,22,23,50,22,71,19,0,0,0,0,0,0,0,0,0,0,0,0,0,0,0,0,0,0,0,0,0,0,0,0,0,0,0
127,0,96,10,0,0,0,0,0,0,1,0,0,0,0,0,44,1,40,22,23,50,22,71,0,0,0,0,0,0,0,0,0,0,0,0,0,0,0,0,0,0,0,0,0,0,0,0,0,0,0,0
127,0,96,10,0,0,0,0,0,0,1,0,0,0,0,0,44,1,47,22,23,50,22,70,69,0,0,0,0,0,0,0,0,0,0,0,0,0,0,0,0,0,0,0,0,0,0,0,0,0,0,0
127,0,96,11,0,0,0,0,0,0,1,0,0,0,0,0,44,1,39,22,23,50,22,70,80,0,0,0,0,0,0,0,0,0,0,0,0,0,0,0,0,0,0,0,0,0,0,0,0,0,0,0
127,0,96,10,0,0,0,0,0,0,1,0,0,0,0,0,44,1,33,22,23,50,22,70,69,0,0,0,0,0,0,0,0,0,0,0,0,0,0,0,0,0,0,0,0,0,0,0,0,0,0,0
127,0,96,10,0,0,0,0,0,0,1,0,0,0,0,0,44,1,51,22,23,50,22,70,69,0,0,0,0,0,0,0,0,0,0,0,0,0,0,0,0,0,0,0,0,0,0,0,0,0,0,0
127,0,96,10,0,0,0,0,0,0,1,0,0,0,0,0,44,1,47,22,23,50,22,70,80,0,0,0,0,0,0,0,0,0,0,0,0,0,0,0,0,0,0,0,0,0,0,0,0,0,0,0
127,0,96,10,0,0,0,0,0,0,1,0,0,0,0,0,44,1,40,22,23,50,22,70,80,0,0,0,0,0,0,0,0,0,0,0,0,0,0,0,0,0,0,0,0,0,0,0,0,0,0,0
127,0,96,10,0,0,0,0,0,0,1,0,0,0,0,0,44,1,29,22,23,50,22,70,90,0,0,0,0,0,0,0,0,0,0,0,0,0,0,0,0,0,0,0,0,0,0,0,0,0,0,0
127,0,96,10,0,0,0,0,0,0,1,0,0,0,0,0,44,1,47,22,23,50,22,71,0,0,0,0,0,0,0,0,0,0,0,0,0,0,0,0,0,0,0,0,0,0,0,0,0,0,0,0
127,0,96,10,0,0,0,0,0,0,1,0,0,0,0,0,44,1,48,22,23,50,22,71,9,0,0,0,0,0,0,0,0,0,0,0,0,0,0,0,0,0,0,0,0,0,0,0,0,0,0,0
127,0,96,10,0,0,0,0,0,0,1,0,0,0,0,0,44,1,41,22,23,50,22,71,0,0,0,0,0,0,0,0,0,0,0,0,0,0,0,0,0,0,0,0,0,0,0,0,0,0,0,0
127,0,96,10,0,0,0,0,0,0,1,0,0,0,0,0,44,1,33,22,23,50,22,70,69,0,0,0,0,0,0,0,0,0,0,0,0,0,0,0,0,0,0,0,0,0,0,0,0,0,0,0
127,0,96,10,0,0,0,0,0,0,1,0,0,0,0,0,44,1,51,22,23,50,22,70,30,0,0,0,0,0,0,0,0,0,0,0,0,0,0,0,0,0,0,0,0,0,0,0,0,0,0,0
127,0,96,10,0,0,0,0,0,0,1,0,0,0,0,0,44,1,41,22,23,50,22,70,19,0,0,0,0,0,0,0,0,0,0,0,0,0,0,0,0,0,0,0,0,0,0,0,0,0,0,0
127,0,96,10,0,0,0,0,0,0,1,0,0,0,0,0,44,1,39,22,23,50,22,70,30,0,0,0,0,0,0,0,0,0,0,0,0,0,0,0,0,0,0,0,0,0,0,0,0,0,0,0
127,0,96,10,0,0,0,0,0,0,1,0,0,0,0,0,44,1,47,22,23,50,22,70,40,0,0,0,0,0,0,0,0,0,0,0,0,0,0,0,0,0,0,0,0,0,0,0,0,0,0,0
127,0,96,10,0,0,0,0,0,0,1,0,0,0,0,0,44,1,33,22,23,50,22,70,50,0,0,0,0,0,0,0,0,0,0,0,0,0,0,0,0,0,0,0,0,0,0,0,0,0,0,0
127,0,96,10,0,0,0,0,0,0,1,0,0,0,0,0,44,1,49,22,23,50,22,70,59,0,0,0,0,0,0,0,0,0,0,0,0,0,0,0,0,0,0,0,0,0,0,0,0,0,0,0
127,0,96,10,0,0,0,0,0,0,1,0,0,0,0,0,44,1,27,22,23,50,22,70,69,0,0,0,0,0,0,0,0,0,0,0,0,0,0,0,0,0,0,0,0,0,0,0,0,0,0,0
127,0,96,10,0,0,0,0,0,0,1,0,0,0,0,0,44,1,50,22,23,50,22,70,69,0,0,0,0,0,0,0,0,0,0,0,0,0,0,0,0,0,0,0,0,0,0,0,0,0,0,0
127,0,96,10,0,0,0,0,0,0,1,0,0,0,0,0,44,1,35,22,23,50,22,70,80,0,0,0,0,0,0,0,0,0,0,0,0,0,0,0,0,0,0,0,0,0,0,0,0,0,0,0
127,0,96,10,0,0,0,0,0,0,1,0,0,0,0,0,44,1,51,22,23,50,22,70,59,0,0,0,0,0,0,0,0,0,0,0,0,0,0,0,0,0,0,0,0,0,0,0,0,0,0,0
127,0,96,10,0,0,0,0,0,0,1,0,0,0,0,0,44,1,38,22,23,50,22,70,30,0,0,0,0,0,0,0,0,0,0,0,0,0,0,0,0,0,0,0,0,0,0,0,0,0,0,0
127,0,96,10,0,0,0,0,0,0,1,0,0,0,0,0,44,1,50,22,23,50,22,70,0,0,0,0,0,0,0,0,0,0,0,0,0,0,0,0,0,0,0,0,0,0,0,0,0,0,0,0
127,0,96,10,0,0,0,0,0,0,1,0,0,0,0,0,44,1,42,22,23,50,22,70,0,0,0,0,0,0,0,0,0,0,0,0,0,0,0,0,0,0,0,0,0,0,0,0,0,0,0,0
127,0,96,10,0,0,0,0,0,0,1,0,0,0,0,0,44,1,45,22,23,50,22,70,0,0,0,0,0,0,0,0,0,0,0,0,0,0,0,0,0,0,0,0,0,0,0,0,0,0,0,0
127,0,94,10,0,0,0,0,0,0,1,0,0,0,0,0,44,1,45,22,23,50,22,70,9,0,0,0,0,0,0,0,0,0,0,0,0,0,0,0,0,0,0,0,0,0,0,0,0,0,0,0
127,0,96,10,0,0,0,0,0,0,1,0,0,0,0,0,44,1,36,22,23,50,22,70,19,0,0,0,0,0,0,0,0,0,0,0,0,0,0,0,0,0,0,0,0,0,0,0,0,0,0,0
127,0,96,10,0,0,0,0,0,0,1,0,0,0,0,0,44,1,48,22,23,50,22,70,40,0,0,0,0,0,0,0,0,0,0,0,0,0,0,0,0,0,0,0,0,0,0,0,0,0,0,0
127,0,96,10,0,0,0,0,0,0,1,0,0,0,0,0,44,1,28,22,23,50,22,70,40,0,0,0,0,0,0,0,0,0,0,0,0,0,0,0,0,0,0,0,0,0,0,0,0,0,0,0
127,0,96,10,0,0,0,0,0,0,1,0,0,0,0,0,44,1,51,22,23,50,22,70,80,0,0,0,0,0,0,0,0,0,0,0,0,0,0,0,0,0,0,0,0,0,0,0,0,0,0,0
127,0,96,10,0,0,0,0,0,0,1,0,0,0,0,0,44,1,41,22,23,50,22,70,90,0,0,0,0,0,0,0,0,0,0,0,0,0,0,0,0,0,0,0,0,0,0,0,0,0,0,0
127,0,96,10,0,0,0,0,0,0,1,0,0,0,0,0,44,1,38,22,23,50,22,70,69,0,0,0,0,0,0,0,0,0,0,0,0,0,0,0,0,0,0,0,0,0,0,0,0,0,0,0
127,0,96,10,0,0,0,0,0,0,1,0,0,0,0,0,44,1,47,22,23,50,22,70,30,0,0,0,0,0,0,0,0,0,0,0,0,0,0,0,0,0,0,0,0,0,0,0,0,0,0,0
127,0,96,10,0,0,0,0,0,0,1,0,0,0,0,0,44,1,32,22,23,50,22,70,0,0,0,0,0,0,0,0,0,0,0,0,0,0,0,0,0,0,0,0,0,0,0,0,0,0,0,0
127,0,96,10,0,0,0,0,0,0,1,0,0,0,0,0,44,1,48,22,23,50,22,69,90,0,0,0,0,0,0,0,0,0,0,0,0,0,0,0,0,0,0,0,0,0,0,0,0,0,0,0
127,0,96,10,0,0,0,0,0,0,1,0,0,0,0,0,44,1,45,22,23,50,22,69,90,0,0,0,0,0,0,0,0,0,0,0,0,0,0,0,0,0,0,0,0,0,0,0,0,0,0,0
127,0,96,10,0,0,0,0,0,0,1,0,0,0,0,0,44,1,32,22,23,50,22,70,0,0,0,0,0,0,0,0,0,0,0,0,0,0,0,0,0,0,0,0,0,0,0,0,0,0,0,0
127,0,96,9,0,0,0,0,0,0,1,0,0,0,0,0,44,1,50,22,23,39,22,70,9,0,0,0,0,0,0,0,0,0,0,0,0,0,0,0,0,0,0,0,0,0,0,0,0,0,0,0
127,0,96,10,0,0,0,0,0,0,1,0,0,0,0,0,44,1,37,22,23,39,22,70,19,0,0,0,0,0,0,0,0,0,0,0,0,0,0,0,0,0,0,0,0,0,0,0,0,0,0,0
127,0,96,10,0,0,0,0,0,0,1,0,0,0,0,0,44,1,46,22,23,39,22,70,30,0,0,0,0,0,0,0,0,0,0,0,0,0,0,0,0,0,0,0,0,0,0,0,0,0,0,0
127,0,96,10,0,0,0,0,0,0,1,0,0,0,0,0,44,1,46,22,23,39,22,70,30,0,0,0,0,0,0,0,0,0,0,0,0,0,0,0,0,0,0,0,0,0,0,0,0,0,0,0
127,0,96,10,0,0,0,0,0,0,1,0,0,0,0,0,44,1,32,22,23,39,22,70,40,0,0,0,0,0,0,0,0,0,0,0,0,0,0,0,0,0,0,0,0,0,0,0,0,0,0,0
127,0,96,10,0,0,0,0,0,0,1,0,0,0,0,0,44,1,51,22,23,50,22,70,50,0,0,0,0,0,0,0,0,0,0,0,0,0,0,0,0,0,0,0,0,0,0,0,0,0,0,0
127,0,96,10,0,0,0,0,0,0,1,0,0,0,0,0,44,1,39,22,23,39,22,70,0,0,0,0,0,0,0,0,0,0,0,0,0,0,0,0,0,0,0,0,0,0,0,0,0,0,0,0
127,0,96,10,0,0,0,0,0,0,1,0,0,0,0,0,44,1,46,22,23,39,22,69,59,0,0,0,0,0,0,0,0,0,0,0,0,0,0,0,0,0,0,0,0,0,0,0,0,0,0,0
127,0,96,10,0,0,0,0,0,0,1,0,0,0,0,0,44,1,46,22,23,39,22,69,59,0,0,0,0,0,0,0,0,0,0,0,0,0,0,0,0,0,0,0,0,0,0,0,0,0,0,0
127,0,96,10,0,0,0,0,0,0,1,0,0,0,0,0,44,1,38,22,23,50,22,69,80,0,0,0,0,0,0,0,0,0,0,0,0,0,0,0,0,0,0,0,0,0,0,0,0,0,0,0
127,0,96,10,0,0,0,0,0,0,1,0,0,0,0,0,44,1,48,22,23,39,22,69,69,0,0,0,0,0,0,0,0,0,0,0,0,0,0,0,0,0,0,0,0,0,0,0,0,0,0,0
127,0,96,10,0,0,0,0,0,0,1,0,0,0,0,0,44,1,32,22,23,39,22,69,80,0,0,0,0,0,0,0,0,0,0,0,0,0,0,0,0,0,0,0,0,0,0,0,0,0,0,0
127,0,96,10,0,0,0,0,0,0,1,0,0,0,0,0,44,1,50,22,23,39,22,70,0,0,0,0,0,0,0,0,0,0,0,0,0,0,0,0,0,0,0,0,0,0,0,0,0,0,0,0
127,0,96,10,0,0,0,0,0,0,1,0,0,0,0,0,44,1,30,22,23,39,22,70,9,0,0,0,0,0,0,0,0,0,0,0,0,0,0,0,0,0,0,0,0,0,0,0,0,0,0,0
127,0,96,10,0,0,0,0,0,0,1,0,0,0,0,0,44,1,50,22,23,39,22,70,19,0,0,0,0,0,0,0,0,0,0,0,0,0,0,0,0,0,0,0,0,0,0,0,0,0,0,0
127,0,96,10,0,0,0,0,0,0,1,0,0,0,0,0,44,1,28,22,23,39,22,70,19,0,0,0,0,0,0,0,0,0,0,0,0,0,0,0,0,0,0,0,0,0,0,0,0,0,0,0
127,0,96,10,0,0,0,0,0,0,1,0,0,0,0,0,44,1,51,22,23,39,22,69,69,0,0,0,0,0,0,0,0,0,0,0,0,0,0,0,0,0,0,0,0,0,0,0,0,0,0,0
127,0,96,10,0,0,0,0,0,0,1,0,0,0,0,0,44,1,40,22,23,39,22,69,40,0,0,0,0,0,0,0,0,0,0,0,0,0,0,0,0,0,0,0,0,0,0,0,0,0,0,0
127,0,96,10,0,0,0,0,0,0,1,0,0,0,0,0,44,1,37,22,23,39,22,69,30,0,0,0,0,0,0,0,0,0,0,0,0,0,0,0,0,0,0,0,0,0,0,0,0,0,0,0
127,0,96,10,0,0,0,0,0,0,1,0,0,0,0,0,44,1,50,22,23,39,22,69,40,0,0,0,0,0,0,0,0,0,0,0,0,0,0,0,0,0,0,0,0,0,0,0,0,0,0,0
127,0,96,10,0,0,0,0,0,0,1,0,0,0,0,0,44,1,42,22,23,39,22,69,50,0,0,0,0,0,0,0,0,0,0,0,0,0,0,0,0,0,0,0,0,0,0,0,0,0,0,0
127,0,96,10,0,0,0,0,0,0,1,0,0,0,0,0,44,1,26,22,23,39,22,69,59,0,0,0,0,0,0,0,0,0,0,0,0,0,0,0,0,0,0,0,0,0,0,0,0,0,0,0
127,0,96,10,0,0,0,0,0,0,1,0,0,0,0,0,44,1,41,22,23,39,22,69,69,0,0,0,0,0,0,0,0,0,0,0,0,0,0,0,0,0,0,0,0,0,0,0,0,0,0,0
127,0,96,10,0,0,0,0,0,0,1,0,0,0,0,0,44,1,47,22,23,39,22,69,90,0,0,0,0,0,0,0,0,0,0,0,0,0,0,0,0,0,0,0,0,0,0,0,0,0,0,0
127,0,94,10,0,0,0,0,0,0,1,0,0,0,0,0,44,1,42,22,23,39,22,70,0,0,0,0,0,0,0,0,0,0,0,0,0,0,0,0,0,0,0,0,0,0,0,0,0,0,0,0
127,0,96,10,0,0,0,0,0,0,1,0,0,0,0,0,44,1,26,22,23,39,22,70,9,0,0,0,0,0,0,0,0,0,0,0,0,0,0,0,0,0,0,0,0,0,0,0,0,0,0,0
127,0,96,9,0,0,0,0,0,0,1,0,0,0,0,0,44,1,40,22,23,39,22,70,0,0,0,0,0,0,0,0,0,0,0,0,0,0,0,0,0,0,0,0,0,0,0,0,0,0,0,0
127,0,96,10,0,0,0,0,0,0,1,0,0,0,0,0,44,1,50,22,23,39,22,69,69,0,0,0,0,0,0,0,0,0,0,0,0,0,0,0,0,0,0,0,0,0,0,0,0,0,0,0
127,0,96,10,0,0,0,0,0,0,1,0,0,0,0,0,44,1,45,22,23,39,22,69,30,0,0,0,0,0,0,0,0,0,0,0,0,0,0,0,0,0,0,0,0,0,0,0,0,0,0,0
127,0,96,10,0,0,0,0,0,0,1,0,0,0,0,0,44,1,33,22,23,39,22,69,19,0,0,0,0,0,0,0,0,0,0,0,0,0,0,0,0,0,0,0,0,0,0,0,0,0,0,0
127,0,96,10,0,0,0,0,0,0,1,0,0,0,0,0,44,1,40,22,23,39,22,69,19,0,0,0,0,0,0,0,0,0,0,0,0,0,0,0,0,0,0,0,0,0,0,0,0,0,0,0
127,0,96,10,0,0,0,0,0,0,1,0,0,0,0,0,44,1,45,22,23,39,22,69,30,0,0,0,0,0,0,0,0,0,0,0,0,0,0,0,0,0,0,0,0,0,0,0,0,0,0,0
127,0,96,10,0,0,0,0,0,0,1,0,0,0,0,0,44,1,27,22,23,39,22,69,40,0,0,0,0,0,0,0,0,0,0,0,0,0,0,0,0,0,0,0,0,0,0,0,0,0,0,0
127,0,96,10,0,0,0,0,0,0,1,0,0,0,0,0,44,1,46,22,23,39,22,69,50,0,0,0,0,0,0,0,0,0,0,0,0,0,0,0,0,0,0,0,0,0,0,0,0,0,0,0
127,0,96,10,0,0,0,0,0,0,1,0,0,0,0,0,44,1,26,22,23,39,22,69,50,0,0,0,0,0,0,0,0,0,0,0,0,0,0,0,0,0,0,0,0,0,0,0,0,0,0,0
127,0,96,10,0,0,0,0,0,0,1,0,0,0,0,0,44,1,46,22,23,39,22,69,80,0,0,0,0,0,0,0,0,0,0,0,0,0,0,0,0,0,0,0,0,0,0,0,0,0,0,0
127,0,96,10,0,0,0,0,0,0,1,0,0,0,0,0,44,1,30,22,23,39,22,69,80,0,0,0,0,0,0,0,0,0,0,0,0,0,0,0,0,0,0,0,0,0,0,0,0,0,0,0
127,0,96,10,0,0,0,0,0,0,1,0,0,0,0,0,44,1,46,22,23,39,22,69,80,0,0,0,0,0,0,0,0,0,0,0,0,0,0,0,0,0,0,0,0,0,0,0,0,0,0,0
127,0,96,10,0,0,0,0,0,0,1,0,0,0,0,0,44,1,36,22,23,39,22,69,50,0,0,0,0,0,0,0,0,0,0,0,0,0,0,0,0,0,0,0,0,0,0,0,0,0,0,0
127,0,96,9,0,0,0,0,0,0,1,0,0,0,0,0,44,1,47,22,23,29,22,69,9,0,0,0,0,0,0,0,0,0,0,0,0,0,0,0,0,0,0,0,0,0,0,0,0,0,0,0
127,0,96,10,0,0,0,0,0,0,1,0,0,0,0,0,44,1,37,22,23,39,22,69,19,0,0,0,0,0,0,0,0,0,0,0,0,0,0,0,0,0,0,0,0,0,0,0,0,0,0,0
127,0,96,10,0,0,0,0,0,0,1,0,0,0,0,0,44,1,48,22,23,39,22,69,19,0,0,0,0,0,0,0,0,0,0,0,0,0,0,0,0,0,0,0,0,0,0,0,0,0,0,0
127,0,96,10,0,0,0,0,0,0,1,0,0,0,0,0,44,1,40,22,23,29,22,69,30,0,0,0,0,0,0,0,0,0,0,0,0,0,0,0,0,0,0,0,0,0,0,0,0,0,0,0
127,0,96,10,0,0,0,0,0,0,1,0,0,0,0,0,44,1,48,22,23,29,22,69,30,0,0,0,0,0,0,0,0,0,0,0,0,0,0,0,0,0,0,0,0,0,0,0,0,0,0,0
127,0,96,10,0,0,0,0,0,0,1,0,0,0,0,0,44,1,36,22,23,29,22,69,50,0,0,0,0,0,0,0,0,0,0,0,0,0,0,0,0,0,0,0,0,0,0,0,0,0,0,0
127,0,96,10,0,0,0,0,0,0,1,0,0,0,0,0,44,1,51,22,23,29,22,69,50,0,0,0,0,0,0,0,0,0,0,0,0,0,0,0,0,0,0,0,0,0,0,0,0,0,0,0
127,0,94,10,0,0,0,0,0,0,1,0,0,0,0,0,44,1,38,22,23,29,22,69,50,0,0,0,0,0,0,0,0,0,0,0,0,0,0,0,0,0,0,0,0,0,0,0,0,0,0,0
127,0,96,10,0,0,0,0,0,0,1,0,0,0,0,0,44,1,42,22,23,29,22,69,59,0,0,0,0,0,0,0,0,0,0,0,0,0,0,0,0,0,0,0,0,0,0,0,0,0,0,0
127,0,96,11,0,0,0,0,0,0,1,0,0,0,0,0,44,1,50,22,23,29,22,69,59,0,0,0,0,0,0,0,0,0,0,0,0,0,0,0,0,0,0,0,0,0,0,0,0,0,0,0
127,0,96,10,0,0,0,0,0,0,1,0,0,0,0,0,44,1,41,22,23,29,22,69,9,0,0,0,0,0,0,0,0,0,0,0,0,0,0,0,0,0,0,0,0,0,0,0,0,0,0,0
127,0,96,10,0,0,0,0,0,0,1,0,0,0,0,0,44,1,33,22,23,29,22,68,69,0,0,0,0,0,0,0,0,0,0,0,0,0,0,0,0,0,0,0,0,0,0,0,0,0,0,0
127,0,96,10,0,0,0,0,0,0,1,0,0,0,0,0,44,1,51,22,23,29,22,68,69,0,0,0,0,0,0,0,0,0,0,0,0,0,0,0,0,0,0,0,0,0,0,0,0,0,0,0
127,0,96,10,0,0,0,0,0,0,1,0,0,0,0,0,44,1,46,22,23,29,22,68,90,0,0,0,0,0,0,0,0,0,0,0,0,0,0,0,0,0,0,0,0,0,0,0,0,0,0,0
127,0,96,10,0,0,0,0,0,0,1,0,0,0,0,0,44,1,37,22,23,29,22,69,9,0,0,0,0,0,0,0,0,0,0,0,0,0,0,0,0,0,0,0,0,0,0,0,0,0,0,0
127,0,96,10,0,0,0,0,0,0,1,0,0,0,0,0,44,1,33,22,23,29,22,69,9,0,0,0,0,0,0,0,0,0,0,0,0,0,0,0,0,0,0,0,0,0,0,0,0,0,0,0
127,0,96,10,0,0,0,0,0,0,1,0,0,0,0,0,44,1,47,22,23,29,22,69,19,0,0,0,0,0,0,0,0,0,0,0,0,0,0,0,0,0,0,0,0,0,0,0,0,0,0,0
127,0,94,10,0,0,0,0,0,0,1,0,0,0,0,0,44,1,48,22,23,29,22,69,30,0,0,0,0,0,0,0,0,0,0,0,0,0,0,0,0,0,0,0,0,0,0,0,0,0,0,0
127,0,96,10,0,0,0,0,0,0,1,0,0,0,0,0,44,1,40,22,23,29,22,69,30,0,0,0,0,0,0,0,0,0,0,0,0,0,0,0,0,0,0,0,0,0,0,0,0,0,0,0
127,0,96,10,0,0,0,0,0,0,1,0,0,0,0,0,44,1,38,22,23,29,22,69,50,0,0,0,0,0,0,0,0,0,0,0,0,0,0,0,0,0,0,0,0,0,0,0,0,0,0,0
127,0,96,10,0,0,0,0,0,0,1,0,0,0,0,0,44,1,48,22,23,29,22,69,19,0,0,0,0,0,0,0,0,0,0,0,0,0,0,0,0,0,0,0,0,0,0,0,0,0,0,0
127,0,96,10,0,0,0,0,0,0,1,0,0,0,0,0,44,1,34,22,23,29,22,69,0,0,0,0,0,0,0,0,0,0,0,0,0,0,0,0,0,0,0,0,0,0,0,0,0,0,0,0
127,0,96,12,0,0,0,0,0,0,1,0,0,0,0,0,44,1,49,22,23,29,22,68,90,0,0,0,0,0,0,0,0,0,0,0,0,0,0,0,0,0,0,0,0,0,0,0,0,0,0,0
127,0,96,10,0,0,0,0,0,0,1,0,0,0,0,0,44,1,42,22,23,29,22,68,90,0,0,0,0,0,0,0,0,0,0,0,0,0,0,0,0,0,0,0,0,0,0,0,0,0,0,0
127,0,96,10,0,0,0,0,0,0,1,0,0,0,0,0,44,1,40,22,23,29,22,69,0,0,0,0,0,0,0,0,0,0,0,0,0,0,0,0,0,0,0,0,0,0,0,0,0,0,0,0
127,0,96,10,0,0,0,0,0,0,1,0,0,0,0,0,44,1,41,22,23,29,22,69,19,0,0,0,0,0,0,0,0,0,0,0,0,0,0,0,0,0,0,0,0,0,0,0,0,0,0,0
127,0,96,12,0,0,0,0,0,0,1,0,0,0,0,0,44,1,47,22,23,29,22,69,40,0,0,0,0,0,0,0,0,0,0,0,0,0,0,0,0,0,0,0,0,0,0,0,0,0,0,0
127,0,96,10,0,0,0,0,0,0,1,0,0,0,0,0,44,1,33,22,23,29,22,69,50,0,0,0,0,0,0,0,0,0,0,0,0,0,0,0,0,0,0,0,0,0,0,0,0,0,0,0
127,0,96,9,0,0,0,0,0,0,1,0,0,0,0,0,44,1,46,22,23,29,22,69,59,0,0,0,0,0,0,0,0,0,0,0,0,0,0,0,0,0,0,0,0,0,0,0,0,0,0,0
127,0,96,10,0,0,0,0,0,0,1,0,0,0,0,0,44,1,25,22,23,29,22,69,69,0,0,0,0,0,0,0,0,0,0,0,0,0,0,0,0,0,0,0,0,0,0,0,0,0,0,0
127,0,96,10,0,0,0,0,0,0,1,0,0,0,0,0,44,1,41,22,23,29,22,69,80,0,0,0,0,0,0,0,0,0,0,0,0,0,0,0,0,0,0,0,0,0,0,0,0,0,0,0
127,0,94,12,0,0,0,0,0,0,1,0,0,0,0,0,44,1,36,22,23,20,22,69,59,0,0,0,0,0,0,0,0,0,0,0,0,0,0,0,0,0,0,0,0,0,0,0,0,0,0,0
127,0,96,10,0,0,0,0,0,0,1,0,0,0,0,0,44,1,36,22,23,20,22,69,9,0,0,0,0,0,0,0,0,0,0,0,0,0,0,0,0,0,0,0,0,0,0,0,0,0,0,0
127,0,96,10,0,0,0,0,0,0,1,0,0,0,0,0,44,1,46,22,23,29,22,68,90,0,0,0,0,0,0,0,0,0,0,0,0,0,0,0,0,0,0,0,0,0,0,0,0,0,0,0
127,0,96,10,0,0,0,0,0,0,1,0,0,0,0,0,44,1,33,22,23,20,22,68,90,0,0,0,0,0,0,0,0,0,0,0,0,0,0,0,0,0,0,0,0,0,0,0,0,0,0,0
127,0,96,10,0,0,0,0,0,0,1,0,0,0,0,0,44,1,41,22,23,20,22,68,90,0,0,0,0,0,0,0,0,0,0,0,0,0,0,0,0,0,0,0,0,0,0,0,0,0,0,0
127,0,94,10,0,0,0,0,0,0,1,0,0,0,0,0,44,1,39,22,23,20,22,69,9,0,0,0,0,0,0,0,0,0,0,0,0,0,0,0,0,0,0,0,0,0,0,0,0,0,0,0
127,0,96,10,0,0,0,0,0,0,1,0,0,0,0,0,44,1,23,22,23,20,22,69,9,0,0,0,0,0,0,0,0,0,0,0,0,0,0,0,0,0,0,0,0,0,0,0,0,0,0,0
127,0,96,10,0,0,0,0,0,0,1,0,0,0,0,0,44,1,41,22,23,20,22,69,19,0,0,0,0,0,0,0,0,0,0,0,0,0,0,0,0,0,0,0,0,0,0,0,0,0,0,0
127,0,96,10,0,0,0,0,0,0,1,0,0,0,0,0,44,1,45,22,23,20,22,69,30,0,0,0,0,0,0,0,0,0,0,0,0,0,0,0,0,0,0,0,0,0,0,0,0,0,0,0
127,0,96,10,0,0,0,0,0,0,1,0,0,0,0,0,44,1,40,22,23,20,22,69,40,0,0,0,0,0,0,0,0,0,0,0,0,0,0,0,0,0,0,0,0,0,0,0,0,0,0,0
127,0,96,10,0,0,0,0,0,0,1,0,0,0,0,0,44,1,32,22,23,20,22,69,50,0,0,0,0,0,0,0,0,0,0,0,0,0,0,0,0,0,0,0,0,0,0,0,0,0,0,0
127,0,96,10,0,0,0,0,0,0,1,0,0,0,0,0,44,1,29,22,23,20,22,69,9,0,0,0,0,0,0,0,0,0,0,0,0,0,0,0,0,0,0,0,0,0,0,0,0,0,0,0
127,0,96,10,0,0,0,0,0,0,1,0,0,0,0,0,44,1,46,22,23,20,22,68,69,0,0,0,0,0,0,0,0,0,0,0,0,0,0,0,0,0,0,0,0,0,0,0,0,0,0,0
127,0,94,10,0,0,0,0,0,0,1,0,0,0,0,0,44,1,42,22,23,20,22,68,59,0,0,0,0,0,0,0,0,0,0,0,0,0,0,0,0,0,0,0,0,0,0,0,0,0,0,0
127,0,96,10,0,0,0,0,0,0,1,0,0,0,0,0,44,1,32,22,23,20,22,68,50,0,0,0,0,0,0,0,0,0,0,0,0,0,0,0,0,0,0,0,0,0,0,0,0,0,0,0
127,0,96,10,0,0,0,0,0,0,1,0,0,0,0,0,44,1,34,22,23,20,22,68,59,0,0,0,0,0,0,0,0,0,0,0,0,0,0,0,0,0,0,0,0,0,0,0,0,0,0,0
127,0,96,9,0,0,0,0,0,0,1,0,0,0,0,0,44,1,44,22,23,20,22,68,80,0,0,0,0,0,0,0,0,0,0,0,0,0,0,0,0,0,0,0,0,0,0,0,0,0,0,0
127,0,94,10,0,0,0,0,0,0,1,0,0,0,0,0,44,1,32,22,23,20,22,68,90,0,0,0,0,0,0,0,0,0,0,0,0,0,0,0,0,0,0,0,0,0,0,0,0,0,0,0
127,0,96,10,0,0,0,0,0,0,1,0,0,0,0,0,44,1,37,22,23,20,22,69,0,0,0,0,0,0,0,0,0,0,0,0,0,0,0,0,0,0,0,0,0,0,0,0,0,0,0,0
127,0,96,10,0,0,0,0,0,0,1,0,0,0,0,0,44,1,41,22,23,20,22,69,9,0,0,0,0,0,0,0,0,0,0,0,0,0,0,0,0,0,0,0,0,0,0,0,0,0,0,0
127,0,96,10,0,0,0,0,0,0,1,0,0,0,0,0,44,1,22,22,23,20,22,69,19,0,0,0,0,0,0,0,0,0,0,0,0,0,0,0,0,0,0,0,0,0,0,0,0,0,0,0
127,0,96,10,0,0,0,0,0,0,1,0,0,0,0,0,44,1,45,22,23,20,22,69,30,0,0,0,0,0,0,0,0,0,0,0,0,0,0,0,0,0,0,0,0,0,0,0,0,0,0,0
127,0,96,10,0,0,0,0,0,0,1,0,0,0,0,0,44,1,32,22,23,20,22,68,90,0,0,0,0,0,0,0,0,0,0,0,0,0,0,0,0,0,0,0,0,0,0,0,0,0,0,0
127,0,96,10,0,0,0,0,0,0,1,0,0,0,0,0,44,1,44,22,23,20,22,68,50,0,0,0,0,0,0,0,0,0,0,0,0,0,0,0,0,0,0,0,0,0,0,0,0,0,0,0
127,0,96,10,0,0,0,0,0,0,1,0,0,0,0,0,44,1,34,22,23,20,22,68,50,0,0,0,0,0,0,0,0,0,0,0,0,0,0,0,0,0,0,0,0,0,0,0,0,0,0,0
127,0,96,10,0,0,0,0,0,0,1,0,0,0,0,0,44,1,44,22,23,20,22,68,50,0,0,0,0,0,0,0,0,0,0,0,0,0,0,0,0,0,0,0,0,0,0,0,0,0,0,0
127,0,96,11,0,0,0,0,0,0,1,0,0,0,0,0,44,1,32,22,23,20,22,68,59,0,0,0,0,0,0,0,0,0,0,0,0,0,0,0,0,0,0,0,0,0,0,0,0,0,0,0
127,0,96,10,0,0,0,0,0,0,1,0,0,0,0,0,44,1,45,22,23,20,22,68,69,0,0,0,0,0,0,0,0,0,0,0,0,0,0,0,0,0,0,0,0,0,0,0,0,0,0,0
127,0,94,10,0,0,0,0,0,0,1,0,0,0,0,0,44,1,27,22,23,20,22,68,80,0,0,0,0,0,0,0,0,0,0,0,0,0,0,0,0,0,0,0,0,0,0,0,0,0,0,0
127,0,96,10,0,0,0,0,0,0,1,0,0,0,0,0,44,1,44,22,23,20,22,68,90,0,0,0,0,0,0,0,0,0,0,0,0,0,0,0,0,0,0,0,0,0,0,0,0,0,0,0
127,0,96,9,0,0,0,0,0,0,1,0,0,0,0,0,44,1,28,22,23,20,22,69,0,0,0,0,0,0,0,0,0,0,0,0,0,0,0,0,0,0,0,0,0,0,0,0,0,0,0,0
127,0,96,10,0,0,0,0,0,0,1,0,0,0,0,0,44,1,45,22,23,20,22,69,0,0,0,0,0,0,0,0,0,0,0,0,0,0,0,0,0,0,0,0,0,0,0,0,0,0,0,0
127,0,96,10,0,0,0,0,0,0,1,0,0,0,0,0,44,1,29,22,23,20,22,69,0,0,0,0,0,0,0,0,0,0,0,0,0,0,0,0,0,0,0,0,0,0,0,0,0,0,0,0
127,0,96,9,0,0,0,0,0,0,1,0,0,0,0,0,44,1,44,22,23,10,22,68,40,0,0,0,0,0,0,0,0,0,0,0,0,0,0,0,0,0,0,0,0,0,0,0,0,0,0,0
127,0,96,10,0,0,0,0,0,0,1,0,0,0,0,0,44,1,26,22,23,10,22,68,40,0,0,0,0,0,0,0,0,0,0,0,0,0,0,0,0,0,0,0,0,0,0,0,0,0,0,0
127,0,96,10,0,0,0,0,0,0,1,0,0,0,0,0,44,1,45,22,23,20,22,68,50,0,0,0,0,0,0,0,0,0,0,0,0,0,0,0,0,0,0,0,0,0,0,0,0,0,0,0
127,0,96,10,0,0,0,0,0,0,1,0,0,0,0,0,44,1,32,22,23,10,22,68,50,0,0,0,0,0,0,0,0,0,0,0,0,0,0,0,0,0,0,0,0,0,0,0,0,0,0,0
127,0,94,10,0,0,0,0,0,0,1,0,0,0,0,0,44,1,38,22,23,10,22,68,69,0,0,0,0,0,0,0,0,0,0,0,0,0,0,0,0,0,0,0,0,0,0,0,0,0,0,0
127,0,96,10,0,0,0,0,0,0,1,0,0,0,0,0,44,1,38,22,23,10,22,68,80,0,0,0,0,0,0,0,0,0,0,0,0,0,0,0,0,0,0,0,0,0,0,0,0,0,0,0
127,0,96,10,0,0,0,0,0,0,1,0,0,0,0,0,44,1,22,22,23,10,22,68,90,0,0,0,0,0,0,0,0,0,0,0,0,0,0,0,0,0,0,0,0,0,0,0,0,0,0,0
127,0,96,9,0,0,0,0,0,0,1,0,0,0,0,0,44,1,45,22,23,10,22,68,90,0,0,0,0,0,0,0,0,0,0,0,0,0,0,0,0,0,0,0,0,0,0,0,0,0,0,0
127,0,96,10,0,0,0,0,0,0,1,0,0,0,0,0,44,1,36,22,23,10,22,69,0,0,0,0,0,0,0,0,0,0,0,0,0,0,0,0,0,0,0,0,0,0,0,0,0,0,0,0
127,0,96,10,0,0,0,0,0,0,1,0,0,0,0,0,44,1,21,22,23,10,22,69,19,0,0,0,0,0,0,0,0,0,0,0,0,0,0,0,0,0,0,0,0,0,0,0,0,0,0,0
127,0,96,10,0,0,0,0,0,0,1,0,0,0,0,0,44,1,42,22,23,20,22,69,9,0,0,0,0,0,0,0,0,0,0,0,0,0,0,0,0,0,0,0,0,0,0,0,0,0,0,0
127,0,96,10,0,0,0,0,0,0,1,0,0,0,0,0,44,1,39,22,23,20,22,68,69,0,0,0,0,0,0,0,0,0,0,0,0,0,0,0,0,0,0,0,0,0,0,0,0,0,0,0
127,0,96,10,0,0,0,0,0,0,1,0,0,0,0,0,44,1,21,22,23,10,22,68,59,0,0,0,0,0,0,0,0,0,0,0,0,0,0,0,0,0,0,0,0,0,0,0,0,0,0,0
127,0,94,10,0,0,0,0,0,0,1,0,0,0,0,0,44,1,46,22,23,10,22,68,50,0,0,0,0,0,0,0,0,0,0,0,0,0,0,0,0,0,0,0,0,0,0,0,0,0,0,0
127,0,96,10,0,0,0,0,0,0,1,0,0,0,0,0,44,1,36,22,23,20,22,68,50,0,0,0,0,0,0,0,0,0,0,0,0,0,0,0,0,0,0,0,0,0,0,0,0,0,0,0
127,0,96,10,0,0,0,0,0,0,1,0,0,0,0,0,44,1,34,22,23,10,22,68,59,0,0,0,0,0,0,0,0,0,0,0,0,0,0,0,0,0,0,0,0,0,0,0,0,0,0,0
127,0,96,10,0,0,0,0,0,0,1,0,0,0,0,0,44,1,41,22,23,10,22,68,69,0,0,0,0,0,0,0,0,0,0,0,0,0,0,0,0,0,0,0,0,0,0,0,0,0,0,0
127,0,96,10,0,0,0,0,0,0,1,0,0,0,0,0,44,1,26,22,23,10,22,68,90,0,0,0,0,0,0,0,0,0,0,0,0,0,0,0,0,0,0,0,0,0,0,0,0,0,0,0
127,0,96,10,0,0,0,0,0,0,1,0,0,0,0,0,44,1,42,22,23,10,22,69,0,0,0,0,0,0,0,0,0,0,0,0,0,0,0,0,0,0,0,0,0,0,0,0,0,0,0,0
127,0,96,10,0,0,0,0,0,0,1,0,0,0,0,0,44,1,28,22,23,10,22,69,19,0,0,0,0,0,0,0,0,0,0,0,0,0,0,0,0,0,0,0,0,0,0,0,0,0,0,0
127,0,96,12,0,0,0,0,0,0,1,0,0,0,0,0,44,1,39,22,23,10,22,69,30,0,0,0,0,0,0,0,0,0,0,0,0,0,0,0,0,0,0,0,0,0,0,0,0,0,0,0
127,0,96,10,0,0,0,0,0,0,1,0,0,0,0,0,44,1,45,22,23,10,22,69,30,0,0,0,0,0,0,0,0,0,0,0,0,0,0,0,0,0,0,0,0,0,0,0,0,0,0,0
127,0,96,10,0,0,0,0,0,0,1,0,0,0,0,0,44,1,22,22,23,10,22,68,90,0,0,0,0,0,0,0,0,0,0,0,0,0,0,0,0,0,0,0,0,0,0,0,0,0,0,0
127,0,96,10,0,0,0,0,0,0,1,0,0,0,0,0,44,1,40,22,23,10,22,68,59,0,0,0,0,0,0,0,0,0,0,0,0,0,0,0,0,0,0,0,0,0,0,0,0,0,0,0
127,0,94,4,0,0,0,48,0,0,1,0,0,0,0,0,44,1,47,22,23,10,182,68,59,0,0,0,0,0,0,0,0,64,0,0,0,0,0,0,0,0,0,192,0,0,0,0,0,0,0,0
127,0,96,10,0,0,0,0,0,0,1,0,0,0,0,0,44,1,25,22,23,10,22,68,50,0,0,0,0,0,0,0,0,0,0,0,0,0,0,0,0,0,0,0,0,0,0,0,0,0,0,0
127,0,94,10,0,0,0,0,0,0,1,0,0,0,0,0,44,1,40,22,23,10,22,68,59,0,0,0,0,0,0,0,0,0,0,0,0,0,0,0,0,0,0,0,0,0,0,0,0,0,0,0
127,0,96,10,0,0,0,0,0,0,1,0,0,0,0,0,44,1,38,22,23,0,22,68,59,0,0,0,0,0,0,0,0,0,0,0,0,0,0,0,0,0,0,0,0,0,0,0,0,0,0,0
127,0,96,10,0,0,0,0,0,0,1,0,0,0,0,0,44,1,36,22,23,10,22,68,80,0,0,0,0,0,0,0,0,0,0,0,0,0,0,0,0,0,0,0,0,0,0,0,0,0,0,0
127,0,96,10,0,0,0,0,0,0,1,0,0,0,0,0,44,1,45,22,23,10,22,69,0,0,0,0,0,0,0,0,0,0,0,0,0,0,0,0,0,0,0,0,0,0,0,0,0,0,0,0
127,0,96,10,0,0,0,0,0,0,1,0,0,0,0,0,44,1,36,22,23,10,22,69,19,0,0,0,0,0,0,0,0,0,0,0,0,0,0,0,0,0,0,0,0,0,0,0,0,0,0,0
127,0,96,10,0,0,0,0,0,0,1,0,0,0,0,0,44,1,36,22,23,10,22,69,30,0,0,0,0,0,0,0,0,0,0,0,0,0,0,0,0,0,0,0,0,0,0,0,0,0,0,0
127,0,96,10,0,0,0,0,0,0,1,0,0,0,0,0,44,1,42,22,23,10,22,69,0,0,0,0,0,0,0,0,0,0,0,0,0,0,0,0,0,0,0,0,0,0,0,0,0,0,0,0
127,0,96,9,0,0,0,0,0,0,1,0,0,0,0,0,44,1,27,22,23,0,22,68,69,0,0,0,0,0,0,0,0,0,0,0,0,0,0,0,0,0,0,0,0,0,0,0,0,0,0,0
127,0,96,10,0,0,0,0,0,0,1,0,0,0,0,0,44,1,40,22,23,0,22,68,59,0,0,0,0,0,0,0,0,0,0,0,0,0,0,0,0,0,0,0,0,0,0,0,0,0,0,0
127,0,96,10,0,0,0,0,0,0,1,0,0,0,0,0,44,1,42,22,23,0,22,68,59,0,0,0,0,0,0,0,0,0,0,0,0,0,0,0,0,0,0,0,0,0,0,0,0,0,0,0
127,0,96,10,0,0,0,0,0,0,1,0,0,0,0,0,44,1,37,22,23,0,22,68,69,0,0,0,0,0,0,0,0,0,0,0,0,0,0,0,0,0,0,0,0,0,0,0,0,0,0,0
127,0,96,10,0,0,0,0,0,0,1,0,0,0,0,0,44,1,25,22,23,0,22,68,90,0,0,0,0,0,0,0,0,0,0,0,0,0,0,0,0,0,0,0,0,0,0,0,0,0,0,0
127,0,96,10,0,0,0,0,0,0,1,0,0,0,0,0,44,1,28,22,23,0,22,68,90,0,0,0,0,0,0,0,0,0,0,0,0,0,0,0,0,0,0,0,0,0,0,0,0,0,0,0
127,0,96,10,0,0,0,0,0,0,1,0,0,0,0,0,44,1,39,22,23,0,22,69,0,0,0,0,0,0,0,0,0,0,0,0,0,0,0,0,0,0,0,0,0,0,0,0,0,0,0,0
127,0,96,10,0,0,0,0,0,0,1,0,0,0,0,0,44,1,47,22,23,0,22,69,19,0,0,0,0,0,0,0,0,0,0,0,0,0,0,0,0,0,0,0,0,0,0,0,0,0,0,0
127,0,96,10,0,0,0,0,0,0,1,0,0,0,0,0,44,1,44,22,23,0,22,69,30,0,0,0,0,0,0,0,0,0,0,0,0,0,0,0,0,0,0,0,0,0,0,0,0,0,0,0
127,0,96,9,0,0,0,0,0,0,1,0,0,0,0,0,44,1,38,22,23,0,22,69,40,0,0,0,0,0,0,0,0,0,0,0,0,0,0,0,0,0,0,0,0,0,0,0,0,0,0,0
127,0,96,10,0,0,0,0,0,0,1,0,0,0,0,0,44,1,26,22,23,0,22,68,90,0,0,0,0,0,0,0,0,0,0,0,0,0,0,0,0,0,0,0,0,0,0,0,0,0,0,0
127,0,96,10,0,0,0,0,0,0,1,0,0,0,0,0,44,1,46,22,23,10,22,69,0,0,0,0,0,0,0,0,0,0,0,0,0,0,0,0,0,0,0,0,0,0,0,0,0,0,0,0
127,0,96,10,0,0,0,0,0,0,1,0,0,0,0,0,44,1,44,22,23,10,22,69,0,0,0,0,0,0,0,0,0,0,0,0,0,0,0,0,0,0,0,0,0,0,0,0,0,0,0,0
127,0,96,10,0,0,0,0,0,0,1,0,0,0,0,0,44,1,28,22,23,0,22,68,80,0,0,0,0,0,0,0,0,0,0,0,0,0,0,0,0,0,0,0,0,0,0,0,0,0,0,0
127,0,96,10,0,0,0,0,0,0,1,0,0,0,0,0,44,1,40,22,23,0,22,68,90,0,0,0,0,0,0,0,0,0,0,0,0,0,0,0,0,0,0,0,0,0,0,0,0,0,0,0
127,0,96,10,0,0,0,0,0,0,1,0,0,0,0,0,44,1,45,22,23,0,22,68,90,0,0,0,0,0,0,0,0,0,0,0,0,0,0,0,0,0,0,0,0,0,0,0,0,0,0,0
127,0,96,10,0,0,0,0,0,0,1,0,0,0,0,0,44,1,33,22,23,0,22,69,0,0,0,0,0,0,0,0,0,0,0,0,0,0,0,0,0,0,0,0,0,0,0,0,0,0,0,0
127,0,96,10,0,0,0,0,0,0,1,0,0,0,0,0,44,1,37,22,23,0,22,69,9,0,0,0,0,0,0,0,0,0,0,0,0,0,0,0,0,0,0,0,0,0,0,0,0,0,0,0
127,0,96,10,0,0,0,0,0,0,1,0,0,0,0,0,44,1,46,22,23,0,22,69,30,0,0,0,0,0,0,0,0,0,0,0,0,0,0,0,0,0,0,0,0,0,0,0,0,0,0,0
127,0,96,10,0,0,0,0,0,0,1,0,0,0,0,0,44,1,40,22,23,0,22,69,40,0,0,0,0,0,0,0,0,0,0,0,0,0,0,0,0,0,0,0,0,0,0,0,0,0,0,0
127,0,96,10,0,0,0,0,0,0,1,0,0,0,0,0,44,1,35,22,23,0,22,69,30,0,0,0,0,0,0,0,0,0,0,0,0,0,0,0,0,0,0,0,0,0,0,0,0,0,0,0
127,0,94,10,0,0,0,0,0,0,1,0,0,0,0,0,44,1,23,22,23,0,22,68,90,0,0,0,0,0,0,0,0,0,0,0,0,0,0,0,0,0,0,0,0,0,0,0,0,0,0,0
127,0,96,11,0,0,0,0,0,0,1,0,0,0,0,0,44,1,30,22,23,0,22,68,80,0,0,0,0,0,0,0,0,0,0,0,0,0,0,0,0,0,0,0,0,0,0,0,0,0,0,0
127,0,96,10,0,0,0,0,0,0,1,0,0,0,0,0,44,1,45,22,23,0,22,68,80,0,0,0,0,0,0,0,0,0,0,0,0,0,0,0,0,0,0,0,0,0,0,0,0,0,0,0
127,0,96,10,0,0,0,0,0,0,1,0,0,0,0,0,44,1,44,22,23,0,22,68,80,0,0,0,0,0,0,0,0,0,0,0,0,0,0,0,0,0,0,0,0,0,0,0,0,0,0,0
127,0,96,10,0,0,0,0,0,0,1,0,0,0,0,0,44,1,34,22,23,0,22,68,80,0,0,0,0,0,0,0,0,0,0,0,0,0,0,0,0,0,0,0,0,0,0,0,0,0,0,0
127,0,96,10,0,0,0,0,0,0,1,0,0,0,0,0,44,1,35,22,23,0,22,68,80,0,0,0,0,0,0,0,0,0,0,0,0,0,0,0,0,0,0,0,0,0,0,0,0,0,0,0
127,0,96,10,0,0,0,0,0,0,1,0,0,0,0,0,44,1,41,22,23,0,22,68,90,0,0,0,0,0,0,0,0,0,0,0,0,0,0,0,0,0,0,0,0,0,0,0,0,0,0,0
127,0,96,10,0,0,0,0,0,0,1,0,0,0,0,0,44,1,27,22,23,0,22,69,0,0,0,0,0,0,0,0,0,0,0,0,0,0,0,0,0,0,0,0,0,0,0,0,0,0,0,0
127,0,96,10,0,0,0,0,0,0,1,0,0,0,0,0,44,1,41,22,23,0,22,69,19,0,0,0,0,0,0,0,0,0,0,0,0,0,0,0,0,0,0,0,0,0,0,0,0,0,0,0
127,0,96,10,0,0,0,0,0,0,1,0,0,0,0,0,44,1,36,22,23,0,22,69,30,0,0,0,0,0,0,0,0,0,0,0,0,0,0,0,0,0,0,0,0,0,0,0,0,0,0,0
127,0,96,10,0,0,0,0,0,0,1,0,0,0,0,0,44,1,35,22,23,0,22,69,40,0,0,0,0,0,0,0,0,0,0,0,0,0,0,0,0,0,0,0,0,0,0,0,0,0,0,0
127,0,96,10,0,0,0,0,0,0,1,0,0,0,0,0,44,1,46,22,23,0,22,69,30,0,0,0,0,0,0,0,0,0,0,0,0,0,0,0,0,0,0,0,0,0,0,0,0,0,0,0
127,0,96,10,0,0,0,0,0,0,1,0,0,0,0,0,44,1,22,22,23,0,22,69,0,0,0,0,0,0,0,0,0,0,0,0,0,0,0,0,0,0,0,0,0,0,0,0,0,0,0,0
127,0,96,9,0,0,0,0,0,0,1,0,0,0,0,0,44,1,44,22,23,0,22,68,90,0,0,0,0,0,0,0,0,0,0,0,0,0,0,0,0,0,0,0,0,0,0,0,0,0,0,0
127,0,96,10,0,0,0,0,0,0,1,0,0,0,0,0,44,1,23,22,23,0,22,68,80,0,0,0,0,0,0,0,0,0,0,0,0,0,0,0,0,0,0,0,0,0,0,0,0,0,0,0
127,0,96,10,0,0,0,0,0,0,1,0,0,0,0,0,44,1,46,22,23,0,22,68,80,0,0,0,0,0,0,0,0,0,0,0,0,0,0,0,0,0,0,0,0,0,0,0,0,0,0,0
127,0,94,10,0,0,0,0,0,0,1,0,0,0,0,0,44,1,35,22,23,0,22,68,90,0,0,0,0,0,0,0,0,0,0,0,0,0,0,0,0,0,0,0,0,0,0,0,0,0,0,0
127,0,96,10,0,0,0,0,0,0,1,0,0,0,0,0,44,1,29,22,23,0,22,69,9,0,0,0,0,0,0,0,0,0,0,0,0,0,0,0,0,0,0,0,0,0,0,0,0,0,0,0
127,0,96,10,0,0,0,0,0,0,1,0,0,0,0,0,44,1,45,22,23,0,22,69,30,0,0,0,0,0,0,0,0,0,0,0,0,0,0,0,0,0,0,0,0,0,0,0,0,0,0,0
127,0,96,10,0,0,0,0,0,0,1,0,0,0,0,0,44,1,37,22,23,0,22,69,40,0,0,0,0,0,0,0,0,0,0,0,0,0,0,0,0,0,0,0,0,0,0,0,0,0,0,0
127,0,96,10,0,0,0,0,0,0,1,0,0,0,0,0,44,1,23,22,23,0,22,69,50,0,0,0,0,0,0,0,0,0,0,0,0,0,0,0,0,0,0,0,0,0,0,0,0,0,0,0
127,0,96,10,0,0,0,0,0,0,1,0,0,0,0,0,44,1,41,22,22,89,22,69,40,0,0,0,0,0,0,0,0,0,0,0,0,0,0,0,0,0,0,0,0,0,0,0,0,0,0,0
127,0,96,10,0,0,0,0,0,0,1,0,0,0,0,0,44,1,46,22,22,89,22,69,19,0,0,0,0,0,0,0,0,0,0,0,0,0,0,0,0,0,0,0,0,0,0,0,0,0,0,0
127,0,96,10,0,0,0,0,0,0,1,0,0,0,0,0,44,1,41,22,23,0,22,69,0,0,0,0,0,0,0,0,0,0,0,0,0,0,0,0,0,0,0,0,0,0,0,0,0,0,0,0
127,0,96,10,0,0,0,0,0,0,1,0,0,0,0,0,44,1,34,22,23,0,22,68,90,0,0,0,0,0,0,0,0,0,0,0,0,0,0,0,0,0,0,0,0,0,0,0,0,0,0,0
127,0,96,10,0,0,0,0,0,0,1,0,0,0,0,0,44,1,28,22,23,0,22,68,90,0,0,0,0,0,0,0,0,0,0,0,0,0,0,0,0,0,0,0,0,0,0,0,0,0,0,0
127,0,96,10,0,0,0,0,0,0,1,0,0,0,0,0,44,1,47,22,23,0,22,68,90,0,0,0,0,0,0,0,0,0,0,0,0,0,0,0,0,0,0,0,0,0,0,0,0,0,0,0
127,0,96,10,0,0,0,0,0,0,1,0,0,0,0,0,44,1,42,22,23,0,22,69,0,0,0,0,0,0,0,0,0,0,0,0,0,0,0,0,0,0,0,0,0,0,0,0,0,0,0,0
127,0,96,10,0,0,0,0,0,0,1,0,0,0,0,0,44,1,27,22,23,0,22,69,9,0,0,0,0,0,0,0,0,0,0,0,0,0,0,0,0,0,0,0,0,0,0,0,0,0,0,0
127,0,96,10,0,0,0,0,0,0,1,0,0,0,0,0,44,1,41,22,22,89,22,69,9,0,0,0,0,0,0,0,0,0,0,0,0,0,0,0,0,0,0,0,0,0,0,0,0,0,0,0
127,0,96,10,0,0,0,0,0,0,1,0,0,0,0,0,44,1,42,22,22,89,22,69,19,0,0,0,0,0,0,0,0,0,0,0,0,0,0,0,0,0,0,0,0,0,0,0,0,0,0,0
127,0,96,10,0,0,0,0,0,0,1,0,0,0,0,0,44,1,26,22,23,0,22,69,30,0,0,0,0,0,0,0,0,0,0,0,0,0,0,0,0,0,0,0,0,0,0,0,0,0,0,0
127,0,96,10,0,0,0,0,0,0,1,0,0,0,0,0,44,1,46,22,23,0,22,69,9,0,0,0,0,0,0,0,0,0,0,0,0,0,0,0,0,0,0,0,0,0,0,0,0,0,0,0
127,0,96,10,0,0,0,0,0,0,1,0,0,0,0,0,44,1,24,22,23,0,22,69,0,0,0,0,0,0,0,0,0,0,0,0,0,0,0,0,0,0,0,0,0,0,0,0,0,0,0,0
127,0,96,10,0,0,0,0,0,0,1,0,0,0,0,0,44,1,46,22,22,89,22,68,80,0,0,0,0,0,0,0,0,0,0,0,0,0,0,0,0,0,0,0,0,0,0,0,0,0,0,0
127,0,96,10,0,0,0,0,0,0,1,0,0,0,0,0,44,1,24,22,23,0,22,68,80,0,0,0,0,0,0,0,0,0,0,0,0,0,0,0,0,0,0,0,0,0,0,0,0,0,0,0
127,0,96,10,0,0,0,0,0,0,1,0,0,0,0,0,44,1,46,22,23,0,22,68,90,0,0,0,0,0,0,0,0,0,0,0,0,0,0,0,0,0,0,0,0,0,0,0,0,0,0,0
127,0,96,10,0,0,0,0,0,0,1,0,0,0,0,0,44,1,24,22,22,89,22,69,0,0,0,0,0,0,0,0,0,0,0,0,0,0,0,0,0,0,0,0,0,0,0,0,0,0,0,0
127,0,96,10,0,0,0,0,0,0,1,0,0,0,0,0,44,1,46,22,22,89,22,69,0,0,0,0,0,0,0,0,0,0,0,0,0,0,0,0,0,0,0,0,0,0,0,0,0,0,0,0
127,0,96,10,0,0,0,0,0,0,1,0,0,0,0,0,44,1,32,22,22,89,22,69,19,0,0,0,0,0,0,0,0,0,0,0,0,0,0,0,0,0,0,0,0,0,0,0,0,0,0,0
127,0,96,10,0,0,0,0,0,0,1,0,0,0,0,0,44,1,46,22,23,0,22,69,30,0,0,0,0,0,0,0,0,0,0,0,0,0,0,0,0,0,0,0,0,0,0,0,0,0,0,0
127,0,96,10,0,0,0,0,0,0,1,0,0,0,0,0,44,1,38,22,23,0,22,69,40,0,0,0,0,0,0,0,0,0,0,0,0,0,0,0,0,0,0,0,0,0,0,0,0,0,0,0
127,0,96,10,0,0,0,0,0,0,1,0,0,0,0,0,44,1,35,22,23,0,22,69,50,0,0,0,0,0,0,0,0,0,0,0,0,0,0,0,0,0,0,0,0,0,0,0,0,0,0,0
127,0,96,10,0,0,0,0,0,0,1,0,0,0,0,0,44,1,42,22,23,0,22,69,40,0,0,0,0,0,0,0,0,0,0,0,0,0,0,0,0,0,0,0,0,0,0,0,0,0,0,0
127,0,96,10,0,0,0,0,0,0,1,0,0,0,0,0,44,1,25,22,23,0,22,68,90,0,0,0,0,0,0,0,0,0,0,0,0,0,0,0,0,0,0,0,0,0,0,0,0,0,0,0
127,0,96,10,0,0,0,0,0,0,1,0,0,0,0,0,44,1,41,22,23,0,22,68,69,0,0,0,0,0,0,0,0,0,0,0,0,0,0,0,0,0,0,0,0,0,0,0,0,0,0,0
127,0,96,10,0,0,0,0,0,0,1,0,0,0,0,0,44,1,42,22,23,0,22,68,59,0,0,0,0,0,0,0,0,0,0,0,0,0,0,0,0,0,0,0,0,0,0,0,0,0,0,0
127,0,96,10,0,0,0,0,0,0,1,0,0,0,0,0,44,1,32,22,23,0,22,68,69,0,0,0,0,0,0,0,0,0,0,0,0,0,0,0,0,0,0,0,0,0,0,0,0,0,0,0
127,0,96,10,0,0,0,0,0,0,1,0,0,0,0,0,44,1,32,22,23,0,22,68,80,0,0,0,0,0,0,0,0,0,0,0,0,0,0,0,0,0,0,0,0,0,0,0,0,0,0,0
127,0,96,10,0,0,0,0,0,0,1,0,0,0,0,0,44,1,46,22,23,0,22,68,90,0,0,0,0,0,0,0,0,0,0,0,0,0,0,0,0,0,0,0,0,0,0,0,0,0,0,0
127,0,96,10,0,0,0,0,0,0,1,0,0,0,0,0,44,1,41,22,23,0,22,69,0,0,0,0,0,0,0,0,0,0,0,0,0,0,0,0,0,0,0,0,0,0,0,0,0,0,0,0
127,0,96,10,0,0,0,0,0,0,1,0,0,0,0,0,44,1,36,22,23,0,22,69,0,0,0,0,0,0,0,0,0,0,0,0,0,0,0,0,0,0,0,0,0,0,0,0,0,0,0,0
127,0,96,10,0,0,0,0,0,0,1,0,0,0,0,0,44,1,25,22,23,0,22,69,19,0,0,0,0,0,0,0,0,0,0,0,0,0,0,0,0,0,0,0,0,0,0,0,0,0,0,0
127,0,96,10,0,0,0,0,0,0,1,0,0,0,0,0,44,1,28,22,23,0,22,69,19,0,0,0,0,0,0,0,0,0,0,0,0,0,0,0,0,0,0,0,0,0,0,0,0,0,0,0
127,0,96,10,0,0,0,0,0,0,1,0,0,0,0,0,44,1,45,22,23,0,22,69,0,0,0,0,0,0,0,0,0,0,0,0,0,0,0,0,0,0,0,0,0,0,0,0,0,0,0,0
127,0,96,10,0,0,0,0,0,0,1,0,0,0,0,0,44,1,41,22,23,0,22,68,80,0,0,0,0,0,0,0,0,0,0,0,0,0,0,0,0,0,0,0,0,0,0,0,0,0,0,0
127,0,96,10,0,0,0,0,0,0,1,0,0,0,0,0,44,1,33,22,23,0,22,68,59,0,0,0,0,0,0,0,0,0,0,0,0,0,0,0,0,0,0,0,0,0,0,0,0,0,0,0
127,0,96,10,0,0,0,0,0,0,1,0,0,0,0,0,44,1,27,22,23,0,22,68,59,0,0,0,0,0,0,0,0,0,0,0,0,0,0,0,0,0,0,0,0,0,0,0,0,0,0,0
127,0,96,10,0,0,0,0,0,0,1,0,0,0,0,0,44,1,42,22,23,0,22,68,59,0,0,0,0,0,0,0,0,0,0,0,0,0,0,0,0,0,0,0,0,0,0,0,0,0,0,0
127,0,94,10,0,0,0,0,0,0,1,0,0,0,0,0,44,1,32,22,23,0,22,68,59,0,0,0,0,0,0,0,0,0,0,0,0,0,0,0,0,0,0,0,0,0,0,0,0,0,0,0
127,0,96,10,0,0,0,0,0,0,1,0,0,0,0,0,44,1,39,22,22,89,22,68,59,0,0,0,0,0,0,0,0,0,0,0,0,0,0,0,0,0,0,0,0,0,0,0,0,0,0,0
127,0,96,9,0,0,0,0,0,0,1,0,0,0,0,0,44,1,34,22,23,0,22,68,80,0,0,0,0,0,0,0,0,0,0,0,0,0,0,0,0,0,0,0,0,0,0,0,0,0,0,0
127,0,96,10,0,0,0,0,0,0,1,0,0,0,0,0,44,1,41,22,22,89,22,68,80,0,0,0,0,0,0,0,0,0,0,0,0,0,0,0,0,0,0,0,0,0,0,0,0,0,0,0
127,0,96,10,0,0,0,0,0,0,1,0,0,0,0,0,44,1,25,22,23,0,22,69,0,0,0,0,0,0,0,0,0,0,0,0,0,0,0,0,0,0,0,0,0,0,0,0,0,0,0,0
127,0,96,10,0,0,0,0,0,0,1,0,0,0,0,0,44,1,40,22,22,89,22,69,0,0,0,0,0,0,0,0,0,0,0,0,0,0,0,0,0,0,0,0,0,0,0,0,0,0,0,0
127,0,96,10,0,0,0,0,0,0,1,0,0,0,0,0,44,1,26,22,23,0,22,68,69,0,0,0,0,0,0,0,0,0,0,0,0,0,0,0,0,0,0,0,0,0,0,0,0,0,0,0
127,0,96,10,0,0,0,0,0,0,1,0,0,0,0,0,44,1,35,22,23,0,22,68,40,0,0,0,0,0,0,0,0,0,0,0,0,0,0,0,0,0,0,0,0,0,0,0,0,0,0,0
127,0,96,10,0,0,0,0,0,0,1,0,0,0,0,0,44,1,40,22,23,0,22,68,40,0,0,0,0,0,0,0,0,0,0,0,0,0,0,0,0,0,0,0,0,0,0,0,0,0,0,0
127,0,96,9,0,0,0,0,0,0,1,0,0,0,0,0,44,1,29,22,22,89,22,68,19,0,0,0,0,0,0,0,0,0,0,0,0,0,0,0,0,0,0,0,0,0,0,0,0,0,0,0
127,0,96,10,0,0,0,0,0,0,1,0,0,0,0,0,44,1,44,22,22,89,22,68,40,0,0,0,0,0,0,0,0,0,0,0,0,0,0,0,0,0,0,0,0,0,0,0,0,0,0,0
127,0,96,10,0,0,0,0,0,0,1,0,0,0,0,0,44,1,30,22,22,89,22,68,50,0,0,0,0,0,0,0,0,0,0,0,0,0,0,0,0,0,0,0,0,0,0,0,0,0,0,0
127,0,96,10,0,0,0,0,0,0,1,0,0,0,0,0,44,1,40,22,23,0,22,68,69,0,0,0,0,0,0,0,0,0,0,0,0,0,0,0,0,0,0,0,0,0,0,0,0,0,0,0
127,0,96,10,0,0,0,0,0,0,1,0,0,0,0,0,44,1,36,22,22,89,22,68,69,0,0,0,0,0,0,0,0,0,0,0,0,0,0,0,0,0,0,0,0,0,0,0,0,0,0,0
127,0,96,10,0,0,0,0,0,0,1,0,0,0,0,0,44,1,32,22,22,89,22,68,80,0,0,0,0,0,0,0,0,0,0,0,0,0,0,0,0,0,0,0,0,0,0,0,0,0,0,0
127,0,96,10,0,0,0,0,0,0,1,0,0,0,0,0,44,1,39,22,22,89,22,68,80,0,0,0,0,0,0,0,0,0,0,0,0,0,0,0,0,0,0,0,0,0,0,0,0,0,0,0
127,0,96,10,0,0,0,0,0,0,1,0,0,0,0,0,44,1,21,22,22,89,22,68,69,0,0,0,0,0,0,0,0,0,0,0,0,0,0,0,0,0,0,0,0,0,0,0,0,0,0,0
127,0,96,10,0,0,0,0,0,0,1,0,0,0,0,0,44,1,42,22,23,0,22,68,40,0,0,0,0,0,0,0,0,0,0,0,0,0,0,0,0,0,0,0,0,0,0,0,0,0,0,0
127,0,96,10,0,0,0,0,0,0,1,0,0,0,0,0,44,1,27,22,23,0,22,68,19,0,0,0,0,0,0,0,0,0,0,0,0,0,0,0,0,0,0,0,0,0,0,0,0,0,0,0
127,0,96,10,0,0,0,0,0,0,1,0,0,0,0,0,44,1,45,22,22,89,22,68,9,0,0,0,0,0,0,0,0,0,0,0,0,0,0,0,0,0,0,0,0,0,0,0,0,0,0,0
127,0,96,10,0,0,0,0,0,0,1,0,0,0,0,0,44,1,30,22,22,89,22,68,9,0,0,0,0,0,0,0,0,0,0,0,0,0,0,0,0,0,0,0,0,0,0,0,0,0,0,0
127,0,96,10,0,0,0,0,0,0,1,0,0,0,0,0,44,1,44,22,22,89,22,68,9,0,0,0,0,0,0,0,0,0,0,0,0,0,0,0,0,0,0,0,0,0,0,0,0,0,0,0
127,0,96,10,0,0,0,0,0,0,1,0,0,0,0,0,44,1,32,22,22,89,22,68,30,0,0,0,0,0,0,0,0,0,0,0,0,0,0,0,0,0,0,0,0,0,0,0,0,0,0,0
127,0,96,10,0,0,0,0,0,0,1,0,0,0,0,0,44,1,39,22,22,89,22,68,40,0,0,0,0,0,0,0,0,0,0,0,0,0,0,0,0,0,0,0,0,0,0,0,0,0,0,0
127,0,96,10,0,0,0,0,0,0,1,0,0,0,0,0,44,1,37,22,22,89,22,68,40,0,0,0,0,0,0,0,0,0,0,0,0,0,0,0,0,0,0,0,0,0,0,0,0,0,0,0
127,0,96,10,0,0,0,0,0,0,1,0,0,0,0,0,44,1,22,22,22,89,22,68,69,0,0,0,0,0,0,0,0,0,0,0,0,0,0,0,0,0,0,0,0,0,0,0,0,0,0,0
127,0,96,10,0,0,0,0,0,0,1,0,0,0,0,0,44,1,45,22,22,89,22,68,69,0,0,0,0,0,0,0,0,0,0,0,0,0,0,0,0,0,0,0,0,0,0,0,0,0,0,0
127,0,96,6,0,0,0,0,0,0,1,0,0,0,0,0,44,1,38,22,22,89,22,68,80,0,0,0,0,0,0,0,96,128,0,0,0,0,0,0,0,0,1,0,0,0,0,0,0,0,0,0
127,0,96,10,0,0,0,0,0,0,1,0,0,0,0,0,44,1,21,22,22,89,22,68,40,0,0,0,0,0,0,0,0,0,0,0,0,0,0,0,0,0,0,0,0,0,0,0,0,0,0,0
127,0,96,10,0,0,0,0,0,0,1,0,0,0,0,0,44,1,36,22,22,89,22,68,19,0,0,0,0,0,0,0,0,0,0,0,0,0,0,0,0,0,0,0,0,0,0,0,0,0,0,0
127,0,96,10,0,0,0,0,0,0,1,0,0,0,0,0,44,1,40,22,22,89,22,68,9,0,0,0,0,0,0,0,0,0,0,0,0,0,0,0,0,0,0,0,0,0,0,0,0,0,0,0
127,0,96,10,0,0,0,0,0,0,1,0,0,0,0,0,44,1,26,22,22,89,22,68,9,0,0,0,0,0,0,0,0,0,0,0,0,0,0,0,0,0,0,0,0,0,0,0,0,0,0,0
127,0,96,10,0,0,0,0,0,0,1,0,0,0,0,0,44,1,36,22,22,89,22,68,19,0,0,0,0,0,0,0,0,0,0,0,0,0,0,0,0,0,0,0,0,0,0,0,0,0,0,0
127,0,96,9,0,0,0,0,0,0,1,0,0,0,0,0,44,1,38,22,22,89,22,68,30,0,0,0,0,0,0,0,0,0,0,0,0,0,0,0,0,0,0,0,0,0,0,0,0,0,0,0
127,0,96,10,0,0,0,0,0,0,1,0,0,0,0,0,44,1,23,22,22,89,22,68,40,0,0,0,0,0,0,0,0,0,0,0,0,0,0,0,0,0,0,0,0,0,0,0,0,0,0,0
127,0,96,10,0,0,0,0,0,0,1,0,0,0,0,0,44,1,41,22,22,89,22,68,59,0,0,0,0,0,0,0,0,0,0,0,0,0,0,0,0,0,0,0,0,0,0,0,0,0,0,0
127,0,96,10,0,0,0,0,0,0,1,0,0,0,0,0,44,1,33,22,22,89,22,68,59,0,0,0,0,0,0,0,0,0,0,0,0,0,0,0,0,0,0,0,0,0,0,0,0,0,0,0
127,0,96,12,0,0,0,0,0,0,1,0,0,0,0,0,44,1,33,22,22,89,22,68,69,0,0,0,0,0,0,0,0,0,0,0,0,0,0,0,0,0,0,0,0,0,0,0,0,0,0,0
127,0,96,10,0,0,0,0,0,0,1,0,0,0,0,0,44,1,37,22,22,89,22,68,59,0,0,0,0,0,0,0,0,0,0,0,0,0,0,0,0,0,0,0,0,0,0,0,0,0,0,0
127,0,96,10,0,0,0,0,0,0,1,0,0,0,0,0,44,1,25,22,22,89,22,68,19,0,0,0,0,0,0,0,0,0,0,0,0,0,0,0,0,0,0,0,0,0,0,0,0,0,0,0
127,0,96,10,0,0,0,0,0,0,1,0,0,0,0,0,44,1,39,22,22,89,22,67,90,0,0,0,0,0,0,0,0,0,0,0,0,0,0,0,0,0,0,0,0,0,0,0,0,0,0,0
127,0,96,10,0,0,0,0,0,0,1,0,0,0,0,0,44,1,25,22,22,89,22,67,90,0,0,0,0,0,0,0,0,0,0,0,0,0,0,0,0,0,0,0,0,0,0,0,0,0,0,0
127,0,96,10,0,0,0,0,0,0,1,0,0,0,0,0,44,1,39,22,22,89,22,68,0,0,0,0,0,0,0,0,0,0,0,0,0,0,0,0,0,0,0,0,0,0,0,0,0,0,0,0
127,0,96,10,0,0,0,0,0,0,1,0,0,0,0,0,44,1,26,22,22,89,22,68,9,0,0,0,0,0,0,0,0,0,0,0,0,0,0,0,0,0,0,0,0,0,0,0,0,0,0,0
127,0,96,10,0,0,0,0,0,0,1,0,0,0,0,0,44,1,39,22,22,89,22,68,19,0,0,0,0,0,0,0,0,0,0,0,0,0,0,0,0,0,0,0,0,0,0,0,0,0,0,0
127,0,96,10,0,0,0,0,0,0,1,0,0,0,0,0,44,1,25,22,22,89,22,68,30,0,0,0,0,0,0,0,0,0,0,0,0,0,0,0,0,0,0,0,0,0,0,0,0,0,0,0
127,0,96,10,0,0,0,0,0,0,1,0,0,0,0,0,44,1,41,22,22,79,22,68,40,0,0,0,0,0,0,0,0,0,0,0,0,0,0,0,0,0,0,0,0,0,0,0,0,0,0,0
127,0,96,10,0,0,0,0,0,0,1,0,0,0,0,0,44,1,22,22,22,89,22,68,59,0,0,0,0,0,0,0,0,0,0,0,0,0,0,0,0,0,0,0,0,0,0,0,0,0,0,0
127,0,96,9,0,0,0,0,0,0,1,0,0,0,0,0,44,1,46,22,22,89,22,68,69,0,0,0,0,0,0,0,0,0,0,0,0,0,0,0,0,0,0,0,0,0,0,0,0,0,0,0
127,0,96,10,0,0,0,0,0,0,1,0,0,0,0,0,44,1,37,22,22,89,22,68,59,0,0,0,0,0,0,0,0,0,0,0,0,0,0,0,0,0,0,0,0,0,0,0,0,0,0,0
127,0,96,10,0,0,0,0,0,0,1,0,0,0,0,0,44,1,33,22,22,89,22,68,19,0,0,0,0,0,0,0,0,0,0,0,0,0,0,0,0,0,0,0,0,0,0,0,0,0,0,0
127,0,96,11,0,0,0,0,0,0,1,0,0,0,0,0,44,1,42,22,22,89,22,67,90,0,0,0,0,0,0,0,0,0,0,0,0,0,0,0,0,0,0,0,0,0,0,0,0,0,0,0
127,0,96,10,0,0,0,0,0,0,1,0,0,0,0,0,44,1,24,22,22,89,22,67,80,0,0,0,0,0,0,0,0,0,0,0,0,0,0,0,0,0,0,0,0,0,0,0,0,0,0,0
127,0,96,10,0,0,0,0,0,0,1,0,0,0,0,0,44,1,46,22,22,89,22,68,0,0,0,0,0,0,0,0,0,0,0,0,0,0,0,0,0,0,0,0,0,0,0,0,0,0,0,0
127,0,94,11,0,0,0,0,0,0,1,0,0,0,0,0,44,1,29,22,22,89,22,68,9,0,0,0,0,0,0,0,0,0,0,0,0,0,0,0,0,0,0,0,0,0,0,0,0,0,0,0
127,0,96,10,0,0,0,0,0,0,1,0,0,0,0,0,44,1,47,22,22,89,22,68,9,0,0,0,0,0,0,0,0,0,0,0,0,0,0,0,0,0,0,0,0,0,0,0,0,0,0,0
127,0,96,10,0,0,0,0,0,0,1,0,0,0,0,0,44,1,32,22,22,89,22,68,9,0,0,0,0,0,0,0,0,0,0,0,0,0,0,0,0,0,0,0,0,0,0,0,0,0,0,0
127,0,96,10,0,0,0,0,0,0,1,0,0,0,0,0,44,1,47,22,22,89,22,68,19,0,0,0,0,0,0,0,0,0,0,0,0,0,0,0,0,0,0,0,0,0,0,0,0,0,0,0
127,0,96,10,0,0,0,0,0,0,1,0,0,0,0,0,44,1,32,22,22,89,22,68,30,0,0,0,0,0,0,0,0,0,0,0,0,0,0,0,0,0,0,0,0,0,0,0,0,0,0,0
127,0,96,10,0,0,0,0,0,0,1,0,0,0,0,0,44,1,48,22,22,89,22,68,30,0,0,0,0,0,0,0,0,0,0,0,0,0,0,0,0,0,0,0,0,0,0,0,0,0,0,0
127,0,96,10,0,0,0,0,0,0,1,0,0,0,0,0,44,1,35,22,22,89,22,67,90,0,0,0,0,0,0,0,0,0,0,0,0,0,0,0,0,0,0,0,0,0,0,0,0,0,0,0
127,0,96,10,0,0,0,0,0,0,1,0,0,0,0,0,44,1,47,22,22,89,22,67,59,0,0,0,0,0,0,0,0,0,0,0,0,0,0,0,0,0,0,0,0,0,0,0,0,0,0,0
127,0,96,10,0,0,0,0,0,0,1,0,0,0,0,0,44,1,37,22,22,89,22,67,59,0,0,0,0,0,0,0,0,0,0,0,0,0,0,0,0,0,0,0,0,0,0,0,0,0,0,0
127,0,96,10,0,0,0,0,0,0,1,0,0,0,0,0,44,1,45,22,22,89,22,67,69,0,0,0,0,0,0,0,0,0,0,0,0,0,0,0,0,0,0,0,0,0,0,0,0,0,0,0
127,0,96,9,0,0,0,0,0,0,1,0,0,0,0,0,44,1,39,22,22,79,22,67,80,0,0,0,0,0,0,0,0,0,0,0,0,0,0,0,0,0,0,0,0,0,0,0,0,0,0,0
127,0,96,9,0,0,0,0,0,0,1,0,0,0,0,0,44,1,45,22,22,79,22,67,90,0,0,0,0,0,0,0,0,0,0,0,0,0,0,0,0,0,0,0,0,0,0,0,0,0,0,0
127,0,96,10,0,0,0,0,0,0,1,0,0,0,0,0,44,1,39,22,22,89,22,68,9,0,0,0,0,0,0,0,0,0,0,0,0,0,0,0,0,0,0,0,0,0,0,0,0,0,0,0
127,0,94,10,0,0,0,0,0,0,1,0,0,0,0,0,44,1,46,22,22,79,22,68,19,0,0,0,0,0,0,0,0,0,0,0,0,0,0,0,0,0,0,0,0,0,0,0,0,0,0,0
127,0,96,10,0,0,0,0,0,0,1,0,0,0,0,0,44,1,38,22,22,79,22,68,40,0,0,0,0,0,0,0,0,0,0,0,0,0,0,0,0,0,0,0,0,0,0,0,0,0,0,0
127,0,96,10,0,0,0,0,0,0,1,0,0,0,0,0,44,1,48,22,22,89,22,68,69,0,0,0,0,0,0,0,0,0,0,0,0,0,0,0,0,0,0,0,0,0,0,0,0,0,0,0
127,0,96,10,0,0,0,0,0,0,1,0,0,0,0,0,44,1,34,22,22,89,22,68,80,0,0,0,0,0,0,0,0,0,0,0,0,0,0,0,0,0,0,0,0,0,0,0,0,0,0,0
127,0,96,10,0,0,0,0,0,0,1,0,0,0,0,0,44,1,50,22,22,89,22,68,30,0,0,0,0,0,0,0,0,0,0,0,0,0,0,0,0,0,0,0,0,0,0,0,0,0,0,0
127,0,96,10,0,0,0,0,0,0,1,0,0,0,0,0,44,1,38,22,22,89,22,68,9,0,0,0,0,0,0,0,0,0,0,0,0,0,0,0,0,0,0,0,0,0,0,0,0,0,0,0
127,0,96,10,0,0,0,0,0,0,1,0,0,0,0,0,44,1,47,22,22,79,22,67,80,0,0,0,0,0,0,0,0,0,0,0,0,0,0,0,0,0,0,0,0,0,0,0,0,0,0,0
127,0,96,10,0,0,0,0,0,0,1,0,0,0,0,0,44,1,40,22,22,79,22,67,69,0,0,0,0,0,0,0,0,0,0,0,0,0,0,0,0,0,0,0,0,0,0,0,0,0,0,0
126,0,94,4,0,0,0,9,0,64,1,0,9,0,0,0,44,1,42,22,22,79,22,67,69,0,0,0,0,0,0,0,0,0,1,0,0,0,0,0,0,0,0,192,0,0,0,0,0,0,0,0
127,0,96,10,0,0,0,0,0,0,1,0,0,0,0,0,44,1,35,22,22,79,22,68,9,0,0,0,0,0,0,0,0,0,0,0,0,0,0,0,0,0,0,0,0,0,0,0,0,0,0,0
127,0,96,10,0,0,0,0,0,0,1,0,0,0,0,0,44,1,46,22,22,79,22,68,9,0,0,0,0,0,0,0,0,0,0,0,0,0,0,0,0,0,0,0,0,0,0,0,0,0,0,0
127,0,96,10,0,0,0,0,0,0,1,0,0,0,0,0,44,1,26,22,22,79,22,68,30,0,0,0,0,0,0,0,0,0,0,0,0,0,0,0,0,0,0,0,0,0,0,0,0,0,0,0
127,0,96,10,0,0,0,0,0,0,1,0,0,0,0,0,44,1,48,22,22,79,22,68,40,0,0,0,0,0,0,0,0,0,0,0,0,0,0,0,0,0,0,0,0,0,0,0,0,0,0,0
127,0,96,11,0,0,0,0,0,0,1,0,0,0,0,0,44,1,46,22,22,89,22,68,50,0,0,0,0,0,0,0,0,0,0,0,0,0,0,0,0,0,0,0,0,0,0,0,0,0,0,0
127,0,96,10,0,0,0,0,0,0,1,0,0,0,0,0,44,1,33,22,22,79,22,68,40,0,0,0,0,0,0,0,0,0,0,0,0,0,0,0,0,0,0,0,0,0,0,0,0,0,0,0
127,0,96,10,0,0,0,0,0,0,1,0,0,0,0,0,44,1,38,22,22,79,22,68,9,0,0,0,0,0,0,0,0,0,0,0,0,0,0,0,0,0,0,0,0,0,0,0,0,0,0,0
127,0,96,9,0,0,0,0,0,0,1,0,0,0,0,0,44,1,51,22,22,89,22,68,0,0,0,0,0,0,0,0,0,0,0,0,0,0,0,0,0,0,0,0,0,0,0,0,0,0,0,0
127,0,96,10,0,0,0,0,0,0,1,0,0,0,0,0,44,1,47,22,22,79,22,67,90,0,0,0,0,0,0,0,0,0,0,0,0,0,0,0,0,0,0,0,0,0,0,0,0,0,0,0
127,0,96,10,0,0,0,0,0,0,1,0,0,0,0,0,44,1,41,22,22,79,22,68,0,0,0,0,0,0,0,0,0,0,0,0,0,0,0,0,0,0,0,0,0,0,0,0,0,0,0,0
127,0,96,10,0,0,0,0,0,0,1,0,0,0,0,0,44,1,28,22,22,79,22,68,9,0,0,0,0,0,0,0,0,0,0,0,0,0,0,0,0,0,0,0,0,0,0,0,0,0,0,0
127,0,94,9,0,0,0,0,0,0,1,0,0,0,0,0,44,1,36,22,22,79,22,68,30,0,0,0,0,0,0,0,0,0,0,0,0,0,0,0,0,0,0,0,0,0,0,0,0,0,0,0
127,0,96,10,0,0,0,0,0,0,1,0,0,0,0,0,44,1,51,22,22,79,22,68,40,0,0,0,0,0,0,0,0,0,0,0,0,0,0,0,0,0,0,0,0,0,0,0,0,0,0,0
127,0,96,10,0,0,0,0,0,0,1,0,0,0,0,0,44,1,47,22,22,79,22,68,50,0,0,0,0,0,0,0,0,0,0,0,0,0,0,0,0,0,0,0,0,0,0,0,0,0,0,0
127,0,96,10,0,0,0,0,0,0,1,0,0,0,0,0,44,1,35,22,22,79,22,68,50,0,0,0,0,0,0,0,0,0,0,0,0,0,0,0,0,0,0,0,0,0,0,0,0,0,0,0
127,0,96,10,0,0,0,0,0,0,1,0,0,0,0,0,44,1,47,22,22,79,22,68,50,0,0,0,0,0,0,0,0,0,0,0,0,0,0,0,0,0,0,0,0,0,0,0,0,0,0,0
127,0,96,10,0,0,0,0,0,0,1,0,0,0,0,0,44,1,46,22,22,79,22,68,30,0,0,0,0,0,0,0,0,0,0,0,0,0,0,0,0,0,0,0,0,0,0,0,0,0,0,0
127,0,96,9,0,0,0,0,0,0,1,0,0,0,0,0,44,1,30,22,22,79,22,68,9,0,0,0,0,0,0,0,0,0,0,0,0,0,0,0,0,0,0,0,0,0,0,0,0,0,0,0
127,0,96,10,0,0,0,0,0,0,1,0,0,0,0,0,44,1,47,22,22,79,22,68,0,0,0,0,0,0,0,0,0,0,0,0,0,0,0,0,0,0,0,0,0,0,0,0,0,0,0,0
127,0,96,10,0,0,0,0,0,0,1,0,0,0,0,0,44,1,50,22,22,79,22,68,0,0,0,0,0,0,0,0,0,0,0,0,0,0,0,0,0,0,0,0,0,0,0,0,0,0,0,0
127,0,96,10,0,0,0,0,0,0,1,0,0,0,0,0,44,1,42,22,22,89,22,68,19,0,0,0,0,0,0,0,0,0,0,0,0,0,0,0,0,0,0,0,0,0,0,0,0,0,0,0
127,0,96,10,0,0,0,0,0,0,1,0,0,0,0,0,44,1,29,22,22,89,22,68,19,0,0,0,0,0,0,0,0,0,0,0,0,0,0,0,0,0,0,0,0,0,0,0,0,0,0,0
127,0,96,9,0,0,0,0,0,0,1,0,0,0,0,0,44,1,37,22,22,79,22,68,30,0,0,0,0,0,0,0,0,0,0,0,0,0,0,0,0,0,0,0,0,0,0,0,0,0,0,0
127,0,96,10,0,0,0,0,0,0,1,0,0,0,0,0,44,1,51,22,22,79,22,68,30,0,0,0,0,0,0,0,0,0,0,0,0,0,0,0,0,0,0,0,0,0,0,0,0,0,0,0
127,0,96,10,0,0,0,0,0,0,1,0,0,0,0,0,44,1,48,22,22,79,22,68,30,0,0,0,0,0,0,0,0,0,0,0,0,0,0,0,0,0,0,0,0,0,0,0,0,0,0,0
127,0,96,10,0,0,0,0,0,0,1,0,0,0,0,0,44,1,45,22,22,79,22,68,40,0,0,0,0,0,0,0,0,0,0,0,0,0,0,0,0,0,0,0,0,0,0,0,0,0,0,0
127,0,96,10,0,0,0,0,0,0,1,0,0,0,0,0,44,1,32,22,22,79,22,68,50,0,0,0,0,0,0,0,0,0,0,0,0,0,0,0,0,0,0,0,0,0,0,0,0,0,0,0
127,0,96,10,0,0,0,0,0,0,1,0,0,0,0,0,44,1,39,22,22,79,22,68,9,0,0,0,0,0,0,0,0,0,0,0,0,0,0,0,0,0,0,0,0,0,0,0,0,0,0,0
127,0,96,10,0,0,0,0,0,0,1,0,0,0,0,0,44,1,51,22,22,79,22,68,0,0,0,0,0,0,0,0,0,0,0,0,0,0,0,0,0,0,0,0,0,0,0,0,0,0,0,0
127,0,96,10,0,0,0,0,0,0,1,0,0,0,0,0,44,1,47,22,22,79,22,68,0,0,0,0,0,0,0,0,0,0,0,0,0,0,0,0,0,0,0,0,0,0,0,0,0,0,0,0
127,0,96,10,0,0,0,0,0,0,1,0,0,0,0,0,44,1,41,22,22,79,22,68,0,0,0,0,0,0,0,0,0,0,0,0,0,0,0,0,0,0,0,0,0,0,0,0,0,0,0,0
127,0,96,10,0,0,0,0,0,0,1,0,0,0,0,0,44,1,28,22,22,79,22,68,0,0,0,0,0,0,0,0,0,0,0,0,0,0,0,0,0,0,0,0,0,0,0,0,0,0,0,0
127,0,96,10,0,0,0,0,0,0,1,0,0,0,0,0,44,1,36,22,22,79,22,68,9,0,0,0,0,0,0,0,0,0,0,0,0,0,0,0,0,0,0,0,0,0,0,0,0,0,0,0
127,0,96,10,0,0,0,0,0,0,1,0,0,0,0,0,44,1,46,22,22,79,22,68,30,0,0,0,0,0,0,0,0,0,0,0,0,0,0,0,0,0,0,0,0,0,0,0,0,0,0,0
127,0,96,10,0,0,0,0,0,0,1,0,0,0,0,0,44,1,51,22,22,79,22,68,40,0,0,0,0,0,0,0,0,0,0,0,0,0,0,0,0,0,0,0,0,0,0,0,0,0,0,0
127,0,96,10,0,0,0,0,0,0,1,0,0,0,0,0,44,1,48,22,22,79,22,68,50,0,0,0,0,0,0,0,0,0,0,0,0,0,0,0,0,0,0,0,0,0,0,0,0,0,0,0
127,0,96,10,0,0,0,0,0,0,1,0,0,0,0,0,44,1,45,22,22,79,22,68,50,0,0,0,0,0,0,0,0,0,0,0,0,0,0,0,0,0,0,0,0,0,0,0,0,0,0,0
127,0,96,10,0,0,0,0,0,0,1,0,0,0,0,0,44,1,28,22,22,79,22,68,19,0,0,0,0,0,0,0,0,0,0,0,0,0,0,0,0,0,0,0,0,0,0,0,0,0,0,0
127,0,96,10,0,0,0,0,0,0,1,0,0,0,0,0,44,1,47,22,22,79,22,68,0,0,0,0,0,0,0,0,0,0,0,0,0,0,0,0,0,0,0,0,0,0,0,0,0,0,0,0
127,0,96,10,0,0,0,0,0,0,1,0,0,0,0,0,44,1,47,22,22,79,22,67,90,0,0,0,0,0,0,0,0,0,0,0,0,0,0,0,0,0,0,0,0,0,0,0,0,0,0,0
127,0,96,10,0,0,0,0,0,0,1,0,0,0,0,0,44,1,27,22,22,79,22,67,90,0,0,0,0,0,0,0,0,0,0,0,0,0,0,0,0,0,0,0,0,0,0,0,0,0,0,0
127,0,96,10,0,0,0,0,0,0,1,0,0,0,0,0,44,1,50,22,22,79,22,67,90,0,0,0,0,0,0,0,0,0,0,0,0,0,0,0,0,0,0,0,0,0,0,0,0,0,0,0
127,0,94,10,0,0,0,0,0,0,1,0,0,0,0,0,44,1,36,22,22,79,22,68,0,0,0,0,0,0,0,0,0,0,0,0,0,0,0,0,0,0,0,0,0,0,0,0,0,0,0,0
127,0,96,10,0,0,0,0,0,0,1,0,0,0,0,0,44,1,51,22,22,79,22,68,9,0,0,0,0,0,0,0,0,0,0,0,0,0,0,0,0,0,0,0,0,0,0,0,0,0,0,0
127,0,96,9,0,0,0,0,0,0,1,0,0,0,0,0,44,1,38,22,22,79,22,68,19,0,0,0,0,0,0,0,0,0,0,0,0,0,0,0,0,0,0,0,0,0,0,0,0,0,0,0
127,0,96,10,0,0,0,0,0,0,1,0,0,0,0,0,44,1,51,22,22,79,22,68,30,0,0,0,0,0,0,0,0,0,0,0,0,0,0,0,0,0,0,0,0,0,0,0,0,0,0,0
127,0,94,10,0,0,0,0,0,0,1,0,0,0,0,0,44,1,36,22,22,79,22,68,40,0,0,0,0,0,0,0,0,0,0,0,0,0,0,0,0,0,0,0,0,0,0,0,0,0,0,0
127,0,96,10,0,0,0,0,0,0,1,0,0,0,0,0,44,1,51,22,22,79,22,68,50,0,0,0,0,0,0,0,0,0,0,0,0,0,0,0,0,0,0,0,0,0,0,0,0,0,0,0
127,0,96,10,0,0,0,0,0,0,1,0,0,0,0,0,44,1,37,22,22,79,22,68,40,0,0,0,0,0,0,0,0,0,0,0,0,0,0,0,0,0,0,0,0,0,0,0,0,0,0,0
127,0,94,10,0,0,0,0,0,0,1,0,0,0,0,0,44,1,52,22,22,79,22,68,30,0,0,0,0,0,0,0,0,0,0,0,0,0,0,0,0,0,0,0,0,0,0,0,0,0,0,0
127,0,96,10,0,0,0,0,0,0,1,0,0,0,0,0,44,1,41,22,22,79,22,68,0,0,0,0,0,0,0,0,0,0,0,0,0,0,0,0,0,0,0,0,0,0,0,0,0,0,0,0
127,0,96,10,0,0,0,0,0,0,1,0,0,0,0,0,44,1,47,22,22,79,22,68,9,0,0,0,0,0,0,0,0,0,0,0,0,0,0,0,0,0,0,0,0,0,0,0,0,0,0,0
127,0,96,10,0,0,0,0,0,0,1,0,0,0,0,0,44,1,45,22,22,79,22,68,9,0,0,0,0,0,0,0,0,0,0,0,0,0,0,0,0,0,0,0,0,0,0,0,0,0,0,0
127,0,96,9,0,0,0,0,0,0,1,0,0,0,0,0,44,1,36,22,22,79,22,68,19,0,0,0,0,0,0,0,0,0,0,0,0,0,0,0,0,0,0,0,0,0,0,0,0,0,0,0
127,0,96,10,0,0,0,0,0,0,1,0,0,0,0,0,44,1,48,22,22,79,22,68,30,0,0,0,0,0,0,0,0,0,0,0,0,0,0,0,0,0,0,0,0,0,0,0,0,0,0,0
127,0,96,10,0,0,0,0,0,0,1,0,0,0,0,0,44,1,28,22,22,79,22,68,30,0,0,0,0,0,0,0,0,0,0,0,0,0,0,0,0,0,0,0,0,0,0,0,0,0,0,0
127,0,96,10,0,0,0,0,0,0,1,0,0,0,0,0,44,1,52,22,22,79,22,68,40,0,0,0,0,0,0,0,0,0,0,0,0,0,0,0,0,0,0,0,0,0,0,0,0,0,0,0
127,0,96,10,0,0,0,0,0,0,1,0,0,0,0,0,44,1,46,22,22,79,22,68,59,0,0,0,0,0,0,0,0,0,0,0,0,0,0,0,0,0,0,0,0,0,0,0,0,0,0,0
127,0,96,10,0,0,0,0,0,0,1,0,0,0,0,0,44,1,29,22,22,79,22,68,59,0,0,0,0,0,0,0,0,0,0,0,0,0,0,0,0,0,0,0,0,0,0,0,0,0,0,0
127,0,96,10,0,0,0,0,0,0,1,0,0,0,0,0,44,1,48,22,22,79,22,68,59,0,0,0,0,0,0,0,0,0,0,0,0,0,0,0,0,0,0,0,0,0,0,0,0,0,0,0
127,0,96,10,0,0,0,0,0,0,1,0,0,0,0,0,44,1,50,22,22,79,22,68,50,0,0,0,0,0,0,0,0,0,0,0,0,0,0,0,0,0,0,0,0,0,0,0,0,0,0,0
127,0,96,10,0,0,0,0,0,0,1,0,0,0,0,0,44,1,44,22,22,79,22,68,50,0,0,0,0,0,0,0,0,0,0,0,0,0,0,0,0,0,0,0,0,0,0,0,0,0,0,0
127,0,96,10,0,0,0,0,0,0,1,0,0,0,0,0,44,1,34,22,22,79,22,68,50,0,0,0,0,0,0,0,0,0,0,0,0,0,0,0,0,0,0,0,0,0,0,0,0,0,0,0
127,0,96,10,0,0,0,0,0,0,1,0,0,0,0,0,44,1,38,22,22,79,22,68,59,0,0,0,0,0,0,0,0,0,0,0,0,0,0,0,0,0,0,0,0,0,0,0,0,0,0,0
127,0,96,10,0,0,0,0,0,0,1,0,0,0,0,0,44,1,51,22,22,79,22,68,59,0,0,0,0,0,0,0,0,0,0,0,0,0,0,0,0,0,0,0,0,0,0,0,0,0,0,0
127,0,96,10,0,0,0,0,0,0,1,0,0,0,0,0,44,1,45,22,22,79,22,68,80,0,0,0,0,0,0,0,0,0,0,0,0,0,0,0,0,0,0,0,0,0,0,0,0,0,0,0
127,0,96,10,0,0,0,0,0,0,1,0,0,0,0,0,44,1,34,22,22,79,22,68,90,0,0,0,0,0,0,0,0,0,0,0,0,0,0,0,0,0,0,0,0,0,0,0,0,0,0,0
127,0,96,10,0,0,0,0,0,0,1,0,0,0,0,0,44,1,51,22,22,79,22,69,0,0,0,0,0,0,0,0,0,0,0,0,0,0,0,0,0,0,0,0,0,0,0,0,0,0,0,0
127,0,96,10,0,0,0,0,0,0,1,0,0,0,0,0,44,1,41,22,22,79,22,69,9,0,0,0,0,0,0,0,0,0,0,0,0,0,0,0,0,0,0,0,0,0,0,0,0,0,0,0
127,0,96,10,0,0,0,0,0,0,1,0,0,0,0,0,44,1,46,22,22,79,22,69,9,0,0,0,0,0,0,0,0,0,0,0,0,0,0,0,0,0,0,0,0,0,0,0,0,0,0,0
127,0,96,10,0,0,0,0,0,0,1,0,0,0,0,0,44,1,46,22,22,79,22,69,0,0,0,0,0,0,0,0,0,0,0,0,0,0,0,0,0,0,0,0,0,0,0,0,0,0,0,0
127,0,96,10,0,0,0,0,0,0,1,0,0,0,0,0,44,1,41,22,22,79,22,68,59,0,0,0,0,0,0,0,0,0,0,0,0,0,0,0,0,0,0,0,0,0,0,0,0,0,0,0
127,0,96,10,0,0,0,0,0,0,1,0,0,0,0,0,44,1,42,22,22,79,22,68,50,0,0,0,0,0,0,0,0,0,0,0,0,0,0,0,0,0,0,0,0,0,0,0,0,0,0,0
127,0,96,10,0,0,0,0,0,0,1,0,0,0,0,0,44,1,44,22,22,79,22,68,50,0,0,0,0,0,0,0,0,0,0,0,0,0,0,0,0,0,0,0,0,0,0,0,0,0,0,0
127,0,96,9,0,0,0,0,0,0,1,0,0,0,0,0,44,1,42,22,22,79,22,68,59,0,0,0,0,0,0,0,0,0,0,0,0,0,0,0,0,0,0,0,0,0,0,0,0,0,0,0
127,0,96,10,0,0,0,0,0,0,1,0,0,0,0,0,44,1,47,22,22,79,22,68,80,0,0,0,0,0,0,0,0,0,0,0,0,0,0,0,0,0,0,0,0,0,0,0,0,0,0,0
127,0,96,10,0,0,0,0,0,0,1,0,0,0,0,0,44,1,40,22,22,79,22,69,9,0,0,0,0,0,0,0,0,0,0,0,0,0,0,0,0,0,0,0,0,0,0,0,0,0,0,0
127,0,96,10,0,0,0,0,0,0,1,0,0,0,0,0,44,1,47,22,22,79,22,69,9,0,0,0,0,0,0,0,0,0,0,0,0,0,0,0,0,0,0,0,0,0,0,0,0,0,0,0
127,0,96,10,0,0,0,0,0,0,1,0,0,0,0,0,44,1,41,22,22,79,22,69,19,0,0,0,0,0,0,0,0,0,0,0,0,0,0,0,0,0,0,0,0,0,0,0,0,0,0,0
127,0,96,10,0,0,0,0,0,0,1,0,0,0,0,0,44,1,46,22,22,79,22,69,19,0,0,0,0,0,0,0,0,0,0,0,0,0,0,0,0,0,0,0,0,0,0,0,0,0,0,0
127,0,96,10,0,0,0,0,0,0,1,0,0,0,0,0,44,1,42,22,22,79,22,69,19,0,0,0,0,0,0,0,0,0,0,0,0,0,0,0,0,0,0,0,0,0,0,0,0,0,0,0
127,0,94,10,0,0,0,0,0,0,1,0,0,0,0,0,44,1,39,22,22,79,22,68,80,0,0,0,0,0,0,0,0,0,0,0,0,0,0,0,0,0,0,0,0,0,0,0,0,0,0,0
127,0,96,10,0,0,0,0,0,0,1,0,0,0,0,0,44,1,42,22,22,79,22,68,59,0,0,0,0,0,0,0,0,0,0,0,0,0,0,0,0,0,0,0,0,0,0,0,0,0,0,0
127,0,96,10,0,0,0,0,0,0,1,0,0,0,0,0,44,1,40,22,22,79,22,68,59,0,0,0,0,0,0,0,0,0,0,0,0,0,0,0,0,0,0,0,0,0,0,0,0,0,0,0
127,0,96,10,0,0,0,0,0,0,1,0,0,0,0,0,44,1,42,22,22,79,22,68,59,0,0,0,0,0,0,0,0,0,0,0,0,0,0,0,0,0,0,0,0,0,0,0,0,0,0,0
127,0,96,10,0,0,0,0,0,0,1,0,0,0,0,0,44,1,36,22,22,79,22,68,69,0,0,0,0,0,0,0,0,0,0,0,0,0,0,0,0,0,0,0,0,0,0,0,0,0,0,0
127,0,96,10,0,0,0,0,0,0,1,0,0,0,0,0,44,1,46,22,22,79,22,68,80,0,0,0,0,0,0,0,0,0,0,0,0,0,0,0,0,0,0,0,0,0,0,0,0,0,0,0
127,0,96,10,0,0,0,0,0,0,1,0,0,0,0,0,44,1,28,22,22,79,22,68,90,0,0,0,0,0,0,0,0,0,0,0,0,0,0,0,0,0,0,0,0,0,0,0,0,0,0,0
127,0,96,10,0,0,0,0,0,0,1,0,0,0,0,0,44,1,48,22,22,79,22,68,90,0,0,0,0,0,0,0,0,0,0,0,0,0,0,0,0,0,0,0,0,0,0,0,0,0,0,0
127,0,96,10,0,0,0,0,0,0,1,0,0,0,0,0,44,1,39,22,22,79,22,68,90,0,0,0,0,0,0,0,0,0,0,0,0,0,0,0,0,0,0,0,0,0,0,0,0,0,0,0
127,0,96,9,0,0,0,0,0,0,1,0,0,0,0,0,44,1,38,22,22,79,22,69,0,0,0,0,0,0,0,0,0,0,0,0,0,0,0,0,0,0,0,0,0,0,0,0,0,0,0,0
127,0,96,10,0,0,0,0,0,0,1,0,0,0,0,0,44,1,46,22,22,79,22,68,90,0,0,0,0,0,0,0,0,0,0,0,0,0,0,0,0,0,0,0,0,0,0,0,0,0,0,0
127,0,96,10,0,0,0,0,0,0,1,0,0,0,0,0,44,1,35,22,22,79,22,68,59,0,0,0,0,0,0,0,0,0,0,0,0,0,0,0,0,0,0,0,0,0,0,0,0,0,0,0
127,0,96,9,0,0,0,0,0,0,1,0,0,0,0,0,44,1,36,22,22,79,22,68,40,0,0,0,0,0,0,0,0,0,0,0,0,0,0,0,0,0,0,0,0,0,0,0,0,0,0,0
127,0,96,10,0,0,0,0,0,0,1,0,0,0,0,0,44,1,48,22,22,79,22,68,40,0,0,0,0,0,0,0,0,0,0,0,0,0,0,0,0,0,0,0,0,0,0,0,0,0,0,0
127,0,96,10,0,0,0,0,0,0,1,0,0,0,0,0,44,1,41,22,22,79,22,68,40,0,0,0,0,0,0,0,0,0,0,0,0,0,0,0,0,0,0,0,0,0,0,0,0,0,0,0
127,0,96,10,0,0,0,0,0,0,1,0,0,0,0,0,44,1,27,22,22,79,22,68,50,0,0,0,0,0,0,0,0,0,0,0,0,0,0,0,0,0,0,0,0,0,0,0,0,0,0,0
127,0,96,10,0,0,0,0,0,0,1,0,0,0,0,0,44,1,50,22,22,79,22,68,59,0,0,0,0,0,0,0,0,0,0,0,0,0,0,0,0,0,0,0,0,0,0,0,0,0,0,0
127,0,96,10,0,0,0,0,0,0,1,0,0,0,0,0,44,1,42,22,22,79,22,68,69,0,0,0,0,0,0,0,0,0,0,0,0,0,0,0,0,0,0,0,0,0,0,0,0,0,0,0
127,0,96,10,0,0,0,0,0,0,1,0,0,0,0,0,44,1,27,22,22,79,22,68,69,0,0,0,0,0,0,0,0,0,0,0,0,0,0,0,0,0,0,0,0,0,0,0,0,0,0,0
127,0,96,10,0,0,0,0,0,0,1,0,0,0,0,0,44,1,50,22,22,79,22,68,90,0,0,0,0,0,0,0,0,0,0,0,0,0,0,0,0,0,0,0,0,0,0,0,0,0,0,0
127,0,96,10,0,0,0,0,0,0,1,0,0,0,0,0,44,1,42,22,22,79,22,68,90,0,0,0,0,0,0,0,0,0,0,0,0,0,0,0,0,0,0,0,0,0,0,0,0,0,0,0
127,0,96,9,0,0,0,0,0,0,1,0,0,0,0,0,44,1,32,22,22,79,22,69,0,0,0,0,0,0,0,0,0,0,0,0,0,0,0,0,0,0,0,0,0,0,0,0,0,0,0,0
127,0,96,10,0,0,0,0,0,0,1,0,0,0,0,0,44,1,49,22,22,79,22,68,50,0,0,0,0,0,0,0,0,0,0,0,0,0,0,0,0,0,0,0,0,0,0,0,0,0,0,0
127,0,96,10,0,0,0,0,0,0,1,0,0,0,0,0,44,1,38,22,22,79,22,68,30,0,0,0,0,0,0,0,0,0,0,0,0,0,0,0,0,0,0,0,0,0,0,0,0,0,0,0
127,0,96,10,0,0,0,0,0,0,1,0,0,0,0,0,44,1,41,22,22,79,22,68,30,0,0,0,0,0,0,0,0,0,0,0,0,0,0,0,0,0,0,0,0,0,0,0,0,0,0,0
127,0,96,10,0,0,0,0,0,0,1,0,0,0,0,0,44,1,45,22,22,79,22,68,30,0,0,0,0,0,0,0,0,0,0,0,0,0,0,0,0,0,0,0,0,0,0,0,0,0,0,0
127,0,96,10,0,0,0,0,0,0,1,0,0,0,0,0,44,1,26,22,22,79,22,68,30,0,0,0,0,0,0,0,0,0,0,0,0,0,0,0,0,0,0,0,0,0,0,0,0,0,0,0
127,0,96,10,0,0,0,0,0,0,1,0,0,0,0,0,44,1,49,22,22,79,22,68,40,0,0,0,0,0,0,0,0,0,0,0,0,0,0,0,0,0,0,0,0,0,0,0,0,0,0,0
127,0,96,10,0,0,0,0,0,0,1,0,0,0,0,0,44,1,37,22,22,79,22,68,50,0,0,0,0,0,0,0,0,0,0,0,0,0,0,0,0,0,0,0,0,0,0,0,0,0,0,0
127,0,96,10,0,0,0,0,0,0,1,0,0,0,0,0,44,1,41,22,22,79,22,68,59,0,0,0,0,0,0,0,0,0,0,0,0,0,0,0,0,0,0,0,0,0,0,0,0,0,0,0
127,0,96,10,0,0,0,0,0,0,1,0,0,0,0,0,44,1,46,22,22,79,22,68,69,0,0,0,0,0,0,0,0,0,0,0,0,0,0,0,0,0,0,0,0,0,0,0,0,0,0,0
127,0,96,10,0,0,0,0,0,0,1,0,0,0,0,0,44,1,29,22,22,79,22,68,80,0,0,0,0,0,0,0,0,0,0,0,0,0,0,0,0,0,0,0,0,0,0,0,0,0,0,0
127,0,96,10,0,0,0,0,0,0,1,0,0,0,0,0,44,1,47,22,22,79,22,68,90,0,0,0,0,0,0,0,0,0,0,0,0,0,0,0,0,0,0,0,0,0,0,0,0,0,0,0
127,0,96,10,0,0,0,0,0,0,1,0,0,0,0,0,44,1,45,22,22,79,22,68,59,0,0,0,0,0,0,0,0,0,0,0,0,0,0,0,0,0,0,0,0,0,0,0,0,0,0,0
127,0,96,10,0,0,0,0,0,0,1,0,0,0,0,0,44,1,28,22,22,79,22,68,50,0,0,0,0,0,0,0,0,0,0,0,0,0,0,0,0,0,0,0,0,0,0,0,0,0,0,0
127,0,96,10,0,0,0,0,0,0,1,0,0,0,0,0,44,1,51,22,22,79,22,68,40,0,0,0,0,0,0,0,0,0,0,0,0,0,0,0,0,0,0,0,0,0,0,0,0,0,0,0
127,0,96,10,0,0,0,0,0,0,1,0,0,0,0,0,44,1,41,22,22,79,22,68,50,0,0,0,0,0,0,0,0,0,0,0,0,0,0,0,0,0,0,0,0,0,0,0,0,0,0,0
127,0,96,10,0,0,0,0,0,0,1,0,0,0,0,0,44,1,40,22,22,79,22,68,50,0,0,0,0,0,0,0,0,0,0,0,0,0,0,0,0,0,0,0,0,0,0,0,0,0,0,0
127,0,96,10,0,0,0,0,0,0,1,0,0,0,0,0,44,1,46,22,22,79,22,68,69,0,0,0,0,0,0,0,0,0,0,0,0,0,0,0,0,0,0,0,0,0,0,0,0,0,0,0
127,0,96,10,0,0,0,0,0,0,1,0,0,0,0,0,44,1,33,22,22,79,22,68,69,0,0,0,0,0,0,0,0,0,0,0,0,0,0,0,0,0,0,0,0,0,0,0,0,0,0,0
127,0,96,10,0,0,0,0,0,0,1,0,0,0,0,0,44,1,47,22,22,89,22,68,80,0,0,0,0,0,0,0,0,0,0,0,0,0,0,0,0,0,0,0,0,0,0,0,0,0,0,0
127,0,96,9,0,0,0,0,0,0,1,0,0,0,0,0,44,1,33,22,22,79,22,68,90,0,0,0,0,0,0,0,0,0,0,0,0,0,0,0,0,0,0,0,0,0,0,0,0,0,0,0
127,0,96,10,0,0,0,0,0,0,1,0,0,0,0,0,44,1,47,22,22,79,22,68,90,0,0,0,0,0,0,0,0,0,0,0,0,0,0,0,0,0,0,0,0,0,0,0,0,0,0,0
127,0,96,10,0,0,0,0,0,0,1,0,0,0,0,0,44,1,34,22,22,79,22,68,69,0,0,0,0,0,0,0,0,0,0,0,0,0,0,0,0,0,0,0,0,0,0,0,0,0,0,0
127,0,96,10,0,0,0,0,0,0,1,0,0,0,0,0,44,1,47,22,22,89,22,68,69,0,0,0,0,0,0,0,0,0,0,0,0,0,0,0,0,0,0,0,0,0,0,0,0,0,0,0
127,0,94,10,0,0,0,0,0,0,1,0,0,0,0,0,44,1,33,22,22,79,22,68,40,0,0,0,0,0,0,0,0,0,0,0,0,0,0,0,0,0,0,0,0,0,0,0,0,0,0,0
127,0,96,10,0,0,0,0,0,0,1,0,0,0,0,0,44,1,47,22,22,89,22,68,50,0,0,0,0,0,0,0,0,0,0,0,0,0,0,0,0,0,0,0,0,0,0,0,0,0,0,0
127,0,96,10,0,0,0,0,0,0,1,0,0,0,0,0,44,1,33,22,22,89,22,68,50,0,0,0,0,0,0,0,0,0,0,0,0,0,0,0,0,0,0,0,0,0,0,0,0,0,0,0
127,0,96,10,0,0,0,0,0,0,1,0,0,0,0,0,44,1,47,22,22,79,22,68,50,0,0,0,0,0,0,0,0,0,0,0,0,0,0,0,0,0,0,0,0,0,0,0,0,0,0,0
127,0,96,10,0,0,0,0,0,0,1,0,0,0,0,0,44,1,33,22,22,89,22,68,59,0,0,0,0,0,0,0,0,0,0,0,0,0,0,0,0,0,0,0,0,0,0,0,0,0,0,0
127,0,96,10,0,0,0,0,0,0,1,0,0,0,0,0,44,1,47,22,22,89,22,68,69,0,0,0,0,0,0,0,0,0,0,0,0,0,0,0,0,0,0,0,0,0,0,0,0,0,0,0
127,0,96,10,0,0,0,0,0,0,1,0,0,0,0,0,44,1,27,22,22,89,22,68,80,0,0,0,0,0,0,0,0,0,0,0,0,0,0,0,0,0,0,0,0,0,0,0,0,0,0,0
127,0,96,10,0,0,0,0,0,0,1,0,0,0,0,0,44,1,51,22,22,79,22,68,69,0,0,0,0,0,0,0,0,0,0,0,0,0,0,0,0,0,0,0,0,0,0,0,0,0,0,0
127,0,96,10,0,0,0,0,0,0,1,0,0,0,0,0,44,1,41,22,22,89,22,68,90,0,0,0,0,0,0,0,0,0,0,0,0,0,0,0,0,0,0,0,0,0,0,0,0,0,0,0
127,0,96,10,0,0,0,0,0,0,1,0,0,0,0,0,44,1,33,22,22,89,22,68,19,0,0,0,0,0,0,0,0,0,0,0,0,0,0,0,0,0,0,0,0,0,0,0,0,0,0,0
127,0,96,10,0,0,0,0,0,0,1,0,0,0,0,0,44,1,50,22,22,89,22,68,9,0,0,0,0,0,0,0,0,0,0,0,0,0,0,0,0,0,0,0,0,0,0,0,0,0,0,0
127,0,96,10,0,0,0,0,0,0,1,0,0,0,0,0,44,1,42,22,22,89,22,68,9,0,0,0,0,0,0,0,0,0,0,0,0,0,0,0,0,0,0,0,0,0,0,0,0,0,0,0
127,0,96,10,0,0,0,0,0,0,1,0,0,0,0,0,44,1,26,22,22,89,22,68,19,0,0,0,0,0,0,0,0,0,0,0,0,0,0,0,0,0,0,0,0,0,0,0,0,0,0,0
127,0,96,10,0,0,0,0,0,0,1,0,0,0,0,0,44,1,41,22,22,89,22,68,30,0,0,0,0,0,0,0,0,0,0,0,0,0,0,0,0,0,0,0,0,0,0,0,0,0,0,0
127,0,96,10,0,0,0,0,0,0,1,0,0,0,0,0,44,1,48,22,22,79,22,68,40,0,0,0,0,0,0,0,0,0,0,0,0,0,0,0,0,0,0,0,0,0,0,0,0,0,0,0
127,0,96,10,0,0,0,0,0,0,1,0,0,0,0,0,44,1,45,22,22,89,22,68,59,0,0,0,0,0,0,0,0,0,0,0,0,0,0,0,0,0,0,0,0,0,0,0,0,0,0,0
127,0,96,10,0,0,0,0,0,0,1,0,0,0,0,0,44,1,37,22,22,79,22,68,50,0,0,0,0,0,0,0,0,0,0,0,0,0,0,0,0,0,0,0,0,0,0,0,0,0,0,0
127,0,96,10,0,0,0,0,0,0,1,0,0,0,0,0,44,1,26,22,22,89,22,68,59,0,0,0,0,0,0,0,0,0,0,0,0,0,0,0,0,0,0,0,0,0,0,0,0,0,0,0
127,0,96,10,0,0,0,0,0,0,1,0,0,0,0,0,44,1,33,22,22,89,22,68,69,0,0,0,0,0,0,0,0,0,0,0,0,0,0,0,0,0,0,0,0,0,0,0,0,0,0,0
127,0,96,10,0,0,0,0,0,0,1,0,0,0,0,0,44,1,41,22,22,89,22,68,69,0,0,0,0,0,0,0,0,0,0,0,0,0,0,0,0,0,0,0,0,0,0,0,0,0,0,0
127,0,96,10,0,0,0,0,0,0,1,0,0,0,0,0,44,1,50,22,22,89,22,68,30,0,0,0,0,0,0,0,0,0,0,0,0,0,0,0,0,0,0,0,0,0,0,0,0,0,0,0
127,0,96,10,0,0,0,0,0,0,1,0,0,0,0,0,44,1,46,22,22,89,22,68,9,0,0,0,0,0,0,0,0,0,0,0,0,0,0,0,0,0,0,0,0,0,0,0,0,0,0,0
127,0,96,10,0,0,0,0,0,0,1,0,0,0,0,0,44,1,36,22,22,89,22,68,0,0,0,0,0,0,0,0,0,0,0,0,0,0,0,0,0,0,0,0,0,0,0,0,0,0,0,0
127,0,96,12,0,0,0,0,0,0,1,0,0,0,0,0,44,1,37,22,22,89,22,68,0,0,0,0,0,0,0,0,0,0,0,0,0,0,0,0,0,0,0,0,0,0,0,0,0,0,0,0
127,0,96,10,0,0,0,0,0,0,1,0,0,0,0,0,44,1,48,22,22,89,22,68,9,0,0,0,0,0,0,0,0,0,0,0,0,0,0,0,0,0,0,0,0,0,0,0,0,0,0,0
127,0,96,10,0,0,0,0,0,0,1,0,0,0,0,0,44,1,37,22,22,89,22,68,9,0,0,0,0,0,0,0,0,0,0,0,0,0,0,0,0,0,0,0,0,0,0,0,0,0,0,0
127,0,96,10,0,0,0,0,0,0,1,0,0,0,0,0,44,1,41,22,22,89,22,68,30,0,0,0,0,0,0,0,0,0,0,0,0,0,0,0,0,0,0,0,0,0,0,0,0,0,0,0
127,0,96,10,0,0,0,0,0,0,1,0,0,0,0,0,44,1,47,22,22,79,22,68,30,0,0,0,0,0,0,0,0,0,0,0,0,0,0,0,0,0,0,0,0,0,0,0,0,0,0,0
127,0,96,12,0,0,0,0,0,0,1,0,0,0,0,0,44,1,26,22,22,79,22,68,50,0,0,0,0,0,0,0,0,0,0,0,0,0,0,0,0,0,0,0,0,0,0,0,0,0,0,0
127,0,96,10,0,0,0,0,0,0,1,0,0,0,0,0,44,1,51,22,22,79,22,68,50,0,0,0,0,0,0,0,0,0,0,0,0,0,0,0,0,0,0,0,0,0,0,0,0,0,0,0
127,0,96,10,0,0,0,0,0,0,1,0,0,0,0,0,44,1,40,22,22,89,22,68,59,0,0,0,0,0,0,0,0,0,0,0,0,0,0,0,0,0,0,0,0,0,0,0,0,0,0,0
127,0,96,10,0,0,0,0,0,0,1,0,0,0,0,0,44,1,41,22,22,89,22,68,30,0,0,0,0,0,0,0,0,0,0,0,0,0,0,0,0,0,0,0,0,0,0,0,0,0,0,0
127,0,96,10,0,0,0,0,0,0,1,0,0,0,0,0,44,1,46,22,22,89,22,68,0,0,0,0,0,0,0,0,0,0,0,0,0,0,0,0,0,0,0,0,0,0,0,0,0,0,0,0
127,0,96,10,0,0,0,0,0,0,1,0,0,0,0,0,44,1,32,22,22,89,22,67,90,0,0,0,0,0,0,0,0,0,0,0,0,0,0,0,0,0,0,0,0,0,0,0,0,0,0,0
127,0,96,10,0,0,0,0,0,0,1,0,0,0,0,0,44,1,50,22,22,89,22,68,0,0,0,0,0,0,0,0,0,0,0,0,0,0,0,0,0,0,0,0,0,0,0,0,0,0,0,0
127,0,96,10,0,0,0,0,0,0,1,0,0,0,0,0,44,1,38,22,22,89,22,68,0,0,0,0,0,0,0,0,0,0,0,0,0,0,0,0,0,0,0,0,0,0,0,0,0,0,0,0
127,0,96,10,0,0,0,0,0,0,1,0,0,0,0,0,44,1,40,22,22,89,22,68,9,0,0,0,0,0,0,0,0,0,0,0,0,0,0,0,0,0,0,0,0,0,0,0,0,0,0,0
127,0,96,10,0,0,0,0,0,0,1,0,0,0,0,0,44,1,47,22,22,89,22,68,19,0,0,0,0,0,0,0,0,0,0,0,0,0,0,0,0,0,0,0,0,0,0,0,0,0,0,0
127,0,96,10,0,0,0,0,0,0,1,0,0,0,0,0,44,1,32,22,22,79,22,68,30,0,0,0,0,0,0,0,0,0,0,0,0,0,0,0,0,0,0,0,0,0,0,0,0,0,0,0
127,0,94,10,0,0,0,0,0,0,1,0,0,0,0,0,44,1,50,22,22,79,22,68,40,0,0,0,0,0,0,0,0,0,0,0,0,0,0,0,0,0,0,0,0,0,0,0,0,0,0,0
127,0,96,10,0,0,0,0,0,0,1,0,0,0,0,0,44,1,41,22,22,89,22,68,50,0,0,0,0,0,0,0,0,0,0,0,0,0,0,0,0,0,0,0,0,0,0,0,0,0,0,0
127,0,96,10,0,0,0,0,0,0,1,0,0,0,0,0,44,1,34,22,22,89,22,68,40,0,0,0,0,0,0,0,0,0,0,0,0,0,0,0,0,0,0,0,0,0,0,0,0,0,0,0
127,0,96,10,0,0,0,0,0,0,1,0,0,0,0,0,44,1,48,22,22,89,22,68,9,0,0,0,0,0,0,0,0,0,0,0,0,0,0,0,0,0,0,0,0,0,0,0,0,0,0,0
127,0,96,10,0,0,0,0,0,0,1,0,0,0,0,0,44,1,41,22,22,89,22,67,80,0,0,0,0,0,0,0,0,0,0,0,0,0,0,0,0,0,0,0,0,0,0,0,0,0,0,0
127,0,96,10,0,0,0,0,0,0,1,0,0,0,0,0,44,1,32,22,22,89,22,67,69,0,0,0,0,0,0,0,0,0,0,0,0,0,0,0,0,0,0,0,0,0,0,0,0,0,0,0
127,0,96,10,0,0,0,0,0,0,1,0,0,0,0,0,44,1,50,22,22,89,22,67,69,0,0,0,0,0,0,0,0,0,0,0,0,0,0,0,0,0,0,0,0,0,0,0,0,0,0,0
127,0,96,10,0,0,0,0,0,0,1,0,0,0,0,0,44,1,46,22,22,79,22,67,69,0,0,0,0,0,0,0,0,0,0,0,0,0,0,0,0,0,0,0,0,0,0,0,0,0,0,0
127,0,96,10,0,0,0,0,0,0,1,0,0,0,0,0,44,1,37,22,22,79,22,67,80,0,0,0,0,0,0,0,0,0,0,0,0,0,0,0,0,0,0,0,0,0,0,0,0,0,0,0
127,0,96,10,0,0,0,0,0,0,1,0,0,0,0,0,44,1,28,22,22,89,22,68,9,0,0,0,0,0,0,0,0,0,0,0,0,0,0,0,0,0,0,0,0,0,0,0,0,0,0,0
127,0,96,11,0,0,0,0,0,0,1,0,0,0,0,0,44,1,40,22,22,89,22,68,9,0,0,0,0,0,0,0,0,0,0,0,0,0,0,0,0,0,0,0,0,0,0,0,0,0,0,0
127,0,96,10,0,0,0,0,0,0,1,0,0,0,0,0,44,1,49,22,22,79,22,68,19,0,0,0,0,0,0,0,0,0,0,0,0,0,0,0,0,0,0,0,0,0,0,0,0,0,0,0
127,0,96,10,0,0,0,0,0,0,1,0,0,0,0,0,44,1,45,22,22,79,22,68,40,0,0,0,0,0,0,0,0,0,0,0,0,0,0,0,0,0,0,0,0,0,0,0,0,0,0,0
127,0,96,9,0,0,0,0,0,0,1,0,0,0,0,0,44,1,37,22,22,89,22,68,59,0,0,0,0,0,0,0,0,0,0,0,0,0,0,0,0,0,0,0,0,0,0,0,0,0,0,0
127,0,96,10,0,0,0,0,0,0,1,0,0,0,0,0,44,1,36,22,22,89,22,68,30,0,0,0,0,0,0,0,0,0,0,0,0,0,0,0,0,0,0,0,0,0,0,0,0,0,0,0
127,0,96,10,0,0,0,0,0,0,1,0,0,0,0,0,44,1,47,22,22,89,22,68,9,0,0,0,0,0,0,0,0,0,0,0,0,0,0,0,0,0,0,0,0,0,0,0,0,0,0,0
127,0,96,10,0,0,0,0,0,0,1,0,0,0,0,0,44,1,39,22,22,89,22,68,0,0,0,0,0,0,0,0,0,0,0,0,0,0,0,0,0,0,0,0,0,0,0,0,0,0,0,0
127,0,96,10,0,0,0,0,0,0,1,0,0,0,0,0,44,1,33,22,22,89,22,68,9,0,0,0,0,0,0,0,0,0,0,0,0,0,0,0,0,0,0,0,0,0,0,0,0,0,0,0
127,0,96,10,0,0,0,0,0,0,1,0,0,0,0,0,44,1,46,22,22,89,22,68,19,0,0,0,0,0,0,0,0,0,0,0,0,0,0,0,0,0,0,0,0,0,0,0,0,0,0,0
127,0,96,10,0,0,0,0,0,0,1,0,0,0,0,0,44,1,37,22,22,89,22,68,30,0,0,0,0,0,0,0,0,0,0,0,0,0,0,0,0,0,0,0,0,0,0,0,0,0,0,0
127,0,96,10,0,0,0,0,0,0,1,0,0,0,0,0,44,1,38,22,22,89,22,68,40,0,0,0,0,0,0,0,0,0,0,0,0,0,0,0,0,0,0,0,0,0,0,0,0,0,0,0
127,0,96,10,0,0,0,0,0,0,1,0,0,0,0,0,44,1,45,22,22,89,22,68,59,0,0,0,0,0,0,0,0,0,0,0,0,0,0,0,0,0,0,0,0,0,0,0,0,0,0,0
127,0,96,10,0,0,0,0,0,0,1,0,0,0,0,0,44,1,26,22,22,89,22,68,69,0,0,0,0,0,0,0,0,0,0,0,0,0,0,0,0,0,0,0,0,0,0,0,0,0,0,0
127,0,96,10,0,0,0,0,0,0,1,0,0,0,0,0,44,1,47,22,22,89,22,68,80,0,0,0,0,0,0,0,0,0,0,0,0,0,0,0,0,0,0,0,0,0,0,0,0,0,0,0
127,0,96,10,0,0,0,0,0,0,1,0,0,0,0,0,44,1,42,22,22,89,22,68,80,0,0,0,0,0,0,0,0,0,0,0,0,0,0,0,0,0,0,0,0,0,0,0,0,0,0,0
127,0,94,10,0,0,0,0,0,0,1,0,0,0,0,0,44,1,35,22,22,89,22,68,40,0,0,0,0,0,0,0,0,0,0,0,0,0,0,0,0,0,0,0,0,0,0,0,0,0,0,0
127,0,96,10,0,0,0,0,0,0,1,0,0,0,0,0,44,1,46,22,22,89,22,68,9,0,0,0,0,0,0,0,0,0,0,0,0,0,0,0,0,0,0,0,0,0,0,0,0,0,0,0
127,0,96,10,0,0,0,0,0,0,1,0,0,0,0,0,44,1,36,22,22,89,22,68,9,0,0,0,0,0,0,0,0,0,0,0,0,0,0,0,0,0,0,0,0,0,0,0,0,0,0,0
127,0,96,10,0,0,0,0,0,0,1,0,0,0,0,0,44,1,34,22,22,89,22,68,0,0,0,0,0,0,0,0,0,0,0,0,0,0,0,0,0,0,0,0,0,0,0,0,0,0,0,0
127,0,96,10,0,0,0,0,0,0,1,0,0,0,0,0,44,1,47,22,22,89,22,68,9,0,0,0,0,0,0,0,0,0,0,0,0,0,0,0,0,0,0,0,0,0,0,0,0,0,0,0
127,0,94,10,0,0,0,0,0,0,1,0,0,0,0,0,44,1,42,22,22,89,22,68,19,0,0,0,0,0,0,0,0,0,0,0,0,0,0,0,0,0,0,0,0,0,0,0,0,0,0,0
127,0,96,10,0,0,0,0,0,0,1,0,0,0,0,0,44,1,37,22,22,89,22,68,30,0,0,0,0,0,0,0,0,0,0,0,0,0,0,0,0,0,0,0,0,0,0,0,0,0,0,0
127,0,96,10,0,0,0,0,0,0,1,0,0,0,0,0,44,1,27,22,22,89,22,68,40,0,0,0,0,0,0,0,0,0,0,0,0,0,0,0,0,0,0,0,0,0,0,0,0,0,0,0
127,0,94,10,0,0,0,0,0,0,1,0,0,0,0,0,44,1,27,22,22,89,22,68,50,0,0,0,0,0,0,0,0,0,0,0,0,0,0,0,0,0,0,0,0,0,0,0,0,0,0,0
127,0,96,10,0,0,0,0,0,0,1,0,0,0,0,0,44,1,37,22,22,89,22,68,59,0,0,0,0,0,0,0,0,0,0,0,0,0,0,0,0,0,0,0,0,0,0,0,0,0,0,0
127,0,96,10,0,0,0,0,0,0,1,0,0,0,0,0,44,1,47,22,22,89,22,68,9,0,0,0,0,0,0,0,0,0,0,0,0,0,0,0,0,0,0,0,0,0,0,0,0,0,0,0
127,0,96,10,0,0,0,0,0,0,1,0,0,0,0,0,44,1,46,22,22,89,22,68,0,0,0,0,0,0,0,0,0,0,0,0,0,0,0,0,0,0,0,0,0,0,0,0,0,0,0,0
127,0,96,10,0,0,0,0,0,0,1,0,0,0,0,0,44,1,41,22,22,89,22,67,69,0,0,0,0,0,0,0,0,0,0,0,0,0,0,0,0,0,0,0,0,0,0,0,0,0,0,0
127,0,96,10,0,0,0,0,0,0,1,0,0,0,0,0,44,1,34,22,22,89,22,67,80,0,0,0,0,0,0,0,0,0,0,0,0,0,0,0,0,0,0,0,0,0,0,0,0,0,0,0
127,0,96,10,0,0,0,0,0,0,1,0,0,0,0,0,44,1,29,22,22,89,22,67,80,0,0,0,0,0,0,0,0,0,0,0,0,0,0,0,0,0,0,0,0,0,0,0,0,0,0,0
127,0,96,10,0,0,0,0,0,0,1,0,0,0,0,0,44,1,48,22,22,89,22,67,90,0,0,0,0,0,0,0,0,0,0,0,0,0,0,0,0,0,0,0,0,0,0,0,0,0,0,0
127,0,96,11,0,0,0,0,0,0,1,0,0,0,0,0,44,1,42,22,22,79,22,68,0,0,0,0,0,0,0,0,0,0,0,0,0,0,0,0,0,0,0,0,0,0,0,0,0,0,0,0
127,0,96,10,0,0,0,0,0,0,1,0,0,0,0,0,44,1,30,22,22,79,22,68,9,0,0,0,0,0,0,0,0,0,0,0,0,0,0,0,0,0,0,0,0,0,0,0,0,0,0,0
127,0,96,10,0,0,0,0,0,0,1,0,0,0,0,0,44,1,36,22,22,79,22,68,9,0,0,0,0,0,0,0,0,0,0,0,0,0,0,0,0,0,0,0,0,0,0,0,0,0,0,0
127,0,96,10,0,0,0,0,0,0,1,0,0,0,0,0,44,1,46,22,22,79,22,68,19,0,0,0,0,0,0,0,0,0,0,0,0,0,0,0,0,0,0,0,0,0,0,0,0,0,0,0
127,0,96,10,0,0,0,0,0,0,1,0,0,0,0,0,44,1,36,22,22,89,22,68,40,0,0,0,0,0,0,0,0,0,0,0,0,0,0,0,0,0,0,0,0,0,0,0,0,0,0,0
127,0,96,10,0,0,0,0,0,0,1,0,0,0,0,0,44,1,32,22,22,89,22,68,0,0,0,0,0,0,0,0,0,0,0,0,0,0,0,0,0,0,0,0,0,0,0,0,0,0,0,0
127,0,96,10,0,0,0,0,0,0,1,0,0,0,0,0,44,1,46,22,22,89,22,67,69,0,0,0,0,0,0,0,0,0,0,0,0,0,0,0,0,0,0,0,0,0,0,0,0,0,0,0
127,0,96,10,0,0,0,0,0,0,1,0,0,0,0,0,44,1,39,22,22,89,22,67,80,0,0,0,0,0,0,0,0,0,0,0,0,0,0,0,0,0,0,0,0,0,0,0,0,0,0,0
127,0,96,10,0,0,0,0,0,0,1,0,0,0,0,0,44,1,23,22,22,79,22,67,80,0,0,0,0,0,0,0,0,0,0,0,0,0,0,0,0,0,0,0,0,0,0,0,0,0,0,0
127,0,96,10,0,0,0,0,0,0,1,0,0,0,0,0,44,1,39,22,22,89,22,68,0,0,0,0,0,0,0,0,0,0,0,0,0,0,0,0,0,0,0,0,0,0,0,0,0,0,0,0
127,0,96,10,0,0,0,0,0,0,1,0,0,0,0,0,44,1,46,22,22,89,22,68,9,0,0,0,0,0,0,0,0,0,0,0,0,0,0,0,0,0,0,0,0,0,0,0,0,0,0,0
127,0,96,10,0,0,0,0,0,0,1,0,0,0,0,0,44,1,41,22,22,89,22,68,9,0,0,0,0,0,0,0,0,0,0,0,0,0,0,0,0,0,0,0,0,0,0,0,0,0,0,0
127,0,96,10,0,0,0,0,0,0,1,0,0,0,0,0,44,1,32,22,22,79,22,68,9,0,0,0,0,0,0,0,0,0,0,0,0,0,0,0,0,0,0,0,0,0,0,0,0,0,0,0
127,0,96,10,0,0,0,0,0,0,1,0,0,0,0,0,44,1,29,22,22,79,22,68,9,0,0,0,0,0,0,0,0,0,0,0,0,0,0,0,0,0,0,0,0,0,0,0,0,0,0,0
127,0,96,10,0,0,0,0,0,0,1,0,0,0,0,0,44,1,44,22,22,89,22,68,19,0,0,0,0,0,0,0,0,0,0,0,0,0,0,0,0,0,0,0,0,0,0,0,0,0,0,0
127,0,96,10,0,0,0,0,0,0,1,0,0,0,0,0,44,1,45,22,22,79,22,67,90,0,0,0,0,0,0,0,0,0,0,0,0,0,0,0,0,0,0,0,0,0,0,0,0,0,0,0
127,0,96,9,0,0,0,0,0,0,1,0,0,0,0,0,44,1,41,22,22,89,22,67,69,0,0,0,0,0,0,0,0,0,0,0,0,0,0,0,0,0,0,0,0,0,0,0,0,0,0,0
127,0,94,10,0,0,0,0,0,0,1,0,0,0,0,0,44,1,32,22,22,89,22,67,59,0,0,0,0,0,0,0,0,0,0,0,0,0,0,0,0,0,0,0,0,0,0,0,0,0,0,0
127,0,96,10,0,0,0,0,0,0,1,0,0,0,0,0,44,1,32,22,22,89,22,67,59,0,0,0,0,0,0,0,0,0,0,0,0,0,0,0,0,0,0,0,0,0,0,0,0,0,0,0
127,0,96,10,0,0,0,0,0,0,1,0,0,0,0,0,44,1,47,22,22,89,22,67,69,0,0,0,0,0,0,0,0,0,0,0,0,0,0,0,0,0,0,0,0,0,0,0,0,0,0,0
127,0,96,10,0,0,0,0,0,0,1,0,0,0,0,0,44,1,42,22,22,89,22,67,69,0,0,0,0,0,0,0,0,0,0,0,0,0,0,0,0,0,0,0,0,0,0,0,0,0,0,0
127,0,96,10,0,0,0,0,0,0,1,0,0,0,0,0,44,1,34,22,22,89,22,68,0,0,0,0,0,0,0,0,0,0,0,0,0,0,0,0,0,0,0,0,0,0,0,0,0,0,0,0
127,0,94,10,0,0,0,0,0,0,1,0,0,0,0,0,44,1,32,22,22,89,22,68,9,0,0,0,0,0,0,0,0,0,0,0,0,0,0,0,0,0,0,0,0,0,0,0,0,0,0,0
127,0,96,10,0,0,0,0,0,0,1,0,0,0,0,0,44,1,47,22,22,89,22,68,19,0,0,0,0,0,0,0,0,0,0,0,0,0,0,0,0,0,0,0,0,0,0,0,0,0,0,0
127,0,96,9,0,0,0,0,0,0,1,0,0,0,0,0,44,1,41,22,22,89,22,68,40,0,0,0,0,0,0,0,0,0,0,0,0,0,0,0,0,0,0,0,0,0,0,0,0,0,0,0
127,0,96,10,0,0,0,0,0,0,1,0,0,0,0,0,44,1,33,22,22,89,22,68,40,0,0,0,0,0,0,0,0,0,0,0,0,0,0,0,0,0,0,0,0,0,0,0,0,0,0,0
127,0,96,10,0,0,0,0,0,0,1,0,0,0,0,0,44,1,32,22,22,89,22,68,40,0,0,0,0,0,0,0,0,0,0,0,0,0,0,0,0,0,0,0,0,0,0,0,0,0,0,0
127,0,96,10,0,0,0,0,0,0,1,0,0,0,0,0,44,1,46,22,22,89,22,68,19,0,0,0,0,0,0,0,0,0,0,0,0,0,0,0,0,0,0,0,0,0,0,0,0,0,0,0
127,0,96,4,0,0,0,48,0,0,1,0,0,0,0,0,44,1,45,22,22,89,22,67,80,0,0,0,0,0,0,0,0,64,0,0,0,0,0,0,0,0,1,192,0,0,0,0,0,0,0,0
127,0,96,10,0,0,0,0,0,0,1,0,0,0,0,0,44,1,41,22,22,89,22,67,50,0,0,0,0,0,0,0,0,0,0,0,0,0,0,0,0,0,0,0,0,0,0,0,0,0,0,0
127,0,96,10,0,0,0,0,0,0,1,0,0,0,0,0,44,1,37,22,22,89,22,67,50,0,0,0,0,0,0,0,0,0,0,0,0,0,0,0,0,0,0,0,0,0,0,0,0,0,0,0
127,0,96,10,0,0,0,0,0,0,1,0,0,0,0,0,44,1,29,22,22,89,22,67,59,0,0,0,0,0,0,0,0,0,0,0,0,0,0,0,0,0,0,0,0,0,0,0,0,0,0,0
127,0,96,10,0,0,0,0,0,0,1,0,0,0,0,0,44,1,26,22,22,89,22,67,69,0,0,0,0,0,0,0,0,0,0,0,0,0,0,0,0,0,0,0,0,0,0,0,0,0,0,0
127,0,96,10,0,0,0,0,0,0,1,0,0,0,0,0,44,1,35,22,22,89,22,67,80,0,0,0,0,0,0,0,0,0,0,0,0,0,0,0,0,0,0,0,0,0,0,0,0,0,0,0
127,0,96,10,0,0,0,0,0,0,1,0,0,0,0,0,44,1,47,22,22,89,22,67,90,0,0,0,0,0,0,0,0,0,0,0,0,0,0,0,0,0,0,0,0,0,0,0,0,0,0,0
127,0,96,10,0,0,0,0,0,0,1,0,0,0,0,0,44,1,45,22,22,89,22,68,0,0,0,0,0,0,0,0,0,0,0,0,0,0,0,0,0,0,0,0,0,0,0,0,0,0,0,0
127,0,96,10,0,0,0,0,0,0,1,0,0,0,0,0,44,1,40,22,22,89,22,68,9,0,0,0,0,0,0,0,0,0,0,0,0,0,0,0,0,0,0,0,0,0,0,0,0,0,0,0
127,0,96,10,0,0,0,0,0,0,1,0,0,0,0,0,44,1,29,22,22,89,22,67,69,0,0,0,0,0,0,0,0,0,0,0,0,0,0,0,0,0,0,0,0,0,0,0,0,0,0,0
127,0,96,10,0,0,0,0,0,0,1,0,0,0,0,0,44,1,35,22,22,89,22,67,40,0,0,0,0,0,0,0,0,0,0,0,0,0,0,0,0,0,0,0,0,0,0,0,0,0,0,0
127,0,96,10,0,0,0,0,0,0,1,0,0,0,0,0,44,1,48,22,22,89,22,67,40,0,0,0,0,0,0,0,0,0,0,0,0,0,0,0,0,0,0,0,0,0,0,0,0,0,0,0
127,0,96,10,0,0,0,0,0,0,1,0,0,0,0,0,44,1,41,22,22,89,22,67,40,0,0,0,0,0,0,0,0,0,0,0,0,0,0,0,0,0,0,0,0,0,0,0,0,0,0,0
127,0,96,10,0,0,0,0,0,0,1,0,0,0,0,0,44,1,27,22,22,89,22,67,50,0,0,0,0,0,0,0,0,0,0,0,0,0,0,0,0,0,0,0,0,0,0,0,0,0,0,0
127,0,96,10,0,0,0,0,0,0,1,0,0,0,0,0,44,1,50,22,22,89,22,67,59,0,0,0,0,0,0,0,0,0,0,0,0,0,0,0,0,0,0,0,0,0,0,0,0,0,0,0
127,0,96,10,0,0,0,0,0,0,1,0,0,0,0,0,44,1,42,22,22,89,22,67,69,0,0,0,0,0,0,0,0,0,0,0,0,0,0,0,0,0,0,0,0,0,0,0,0,0,0,0
127,0,96,10,0,0,0,0,0,0,1,0,0,0,0,0,44,1,27,22,22,89,22,67,69,0,0,0,0,0,0,0,0,0,0,0,0,0,0,0,0,0,0,0,0,0,0,0,0,0,0,0
127,0,96,10,0,0,0,0,0,0,1,0,0,0,0,0,44,1,50,22,22,89,22,67,90,0,0,0,0,0,0,0,0,0,0,0,0,0,0,0,0,0,0,0,0,0,0,0,0,0,0,0
127,0,96,10,0,0,0,0,0,0,1,0,0,0,0,0,44,1,42,22,22,89,22,67,90,0,0,0,0,0,0,0,0,0,0,0,0,0,0,0,0,0,0,0,0,0,0,0,0,0,0,0
127,0,96,10,0,0,0,0,0,0,1,0,0,0,0,0,44,1,26,22,22,89,22,67,90,0,0,0,0,0,0,0,0,0,0,0,0,0,0,0,0,0,0,0,0,0,0,0,0,0,0,0
127,0,96,10,0,0,0,0,0,0,1,0,0,0,0,0,44,1,48,22,22,89,22,67,59,0,0,0,0,0,0,0,0,0,0,0,0,0,0,0,0,0,0,0,0,0,0,0,0,0,0,0
127,0,96,10,0,0,0,0,0,0,1,0,0,0,0,0,44,1,45,22,22,89,22,67,40,0,0,0,0,0,0,0,0,0,0,0,0,0,0,0,0,0,0,0,0,0,0,0,0,0,0,0
127,0,96,10,0,0,0,0,0,0,1,0,0,0,0,0,44,1,26,22,22,89,22,67,30,0,0,0,0,0,0,0,0,0,0,0,0,0,0,0,0,0,0,0,0,0,0,0,0,0,0,0
127,0,96,10,0,0,0,0,0,0,1,0,0,0,0,0,44,1,42,22,22,89,22,67,30,0,0,0,0,0,0,0,0,0,0,0,0,0,0,0,0,0,0,0,0,0,0,0,0,0,0,0
127,0,96,10,0,0,0,0,0,0,1,0,0,0,0,0,44,1,44,22,22,89,22,67,40,0,0,0,0,0,0,0,0,0,0,0,0,0,0,0,0,0,0,0,0,0,0,0,0,0,0,0
127,0,96,10,0,0,0,0,0,0,1,0,0,0,0,0,44,1,34,22,22,89,22,67,59,0,0,0,0,0,0,0,0,0,0,0,0,0,0,0,0,0,0,0,0,0,0,0,0,0,0,0
127,0,96,10,0,0,0,0,0,0,1,0,0,0,0,0,44,1,34,22,22,89,22,67,59,0,0,0,0,0,0,0,0,0,0,0,0,0,0,0,0,0,0,0,0,0,0,0,0,0,0,0
127,0,96,10,0,0,0,0,0,0,1,0,0,0,0,0,44,1,48,22,22,89,22,67,69,0,0,0,0,0,0,0,0,0,0,0,0,0,0,0,0,0,0,0,0,0,0,0,0,0,0,0
127,0,96,10,0,0,0,0,0,0,1,0,0,0,0,0,44,1,46,22,22,89,22,67,80,0,0,0,0,0,0,0,0,0,0,0,0,0,0,0,0,0,0,0,0,0,0,0,0,0,0,0
127,0,96,10,0,0,0,0,0,0,1,0,0,0,0,0,44,1,41,22,22,89,22,67,80,0,0,0,0,0,0,0,0,0,0,0,0,0,0,0,0,0,0,0,0,0,0,0,0,0,0,0
127,0,96,10,0,0,0,0,0,0,1,0,0,0,0,0,44,1,29,22,22,89,22,67,90,0,0,0,0,0,0,0,0,0,0,0,0,0,0,0,0,0,0,0,0,0,0,0,0,0,0,0
127,0,96,10,0,0,0,0,0,0,1,0,0,0,0,0,44,1,36,22,22,89,22,67,59,0,0,0,0,0,0,0,0,0,0,0,0,0,0,0,0,0,0,0,0,0,0,0,0,0,0,0
127,0,96,10,0,0,0,0,0,0,1,0,0,0,0,0,44,1,47,22,22,89,22,67,30,0,0,0,0,0,0,0,0,0,0,0,0,0,0,0,0,0,0,0,0,0,0,0,0,0,0,0
127,0,96,10,0,0,0,0,0,0,1,0,0,0,0,0,44,1,40,22,22,89,22,67,19,0,0,0,0,0,0,0,0,0,0,0,0,0,0,0,0,0,0,0,0,0,0,0,0,0,0,0
127,0,96,10,0,0,0,0,0,0,1,0,0,0,0,0,44,1,29,22,22,89,22,67,19,0,0,0,0,0,0,0,0,0,0,0,0,0,0,0,0,0,0,0,0,0,0,0,0,0,0,0
127,0,96,10,0,0,0,0,0,0,1,0,0,0,0,0,44,1,50,22,22,89,22,67,30,0,0,0,0,0,0,0,0,0,0,0,0,0,0,0,0,0,0,0,0,0,0,0,0,0,0,0
127,0,96,11,0,0,0,0,0,0,1,0,0,0,0,0,44,1,42,22,22,89,22,67,30,0,0,0,0,0,0,0,0,0,0,0,0,0,0,0,0,0,0,0,0,0,0,0,0,0,0,0
127,0,96,10,0,0,0,0,0,0,1,0,0,0,0,0,44,1,25,22,22,89,22,67,50,0,0,0,0,0,0,0,0,0,0,0,0,0,0,0,0,0,0,0,0,0,0,0,0,0,0,0
127,0,96,10,0,0,0,0,0,0,1,0,0,0,0,0,44,1,46,22,22,89,22,67,50,0,0,0,0,0,0,0,0,0,0,0,0,0,0,0,0,0,0,0,0,0,0,0,0,0,0,0
127,0,96,10,0,0,0,0,0,0,1,0,0,0,0,0,44,1,46,22,22,89,22,67,59,0,0,0,0,0,0,0,0,0,0,0,0,0,0,0,0,0,0,0,0,0,0,0,0,0,0,0
127,0,96,10,0,0,0,0,0,0,1,0,0,0,0,0,44,1,36,22,22,89,22,67,69,0,0,0,0,0,0,0,0,0,0,0,0,0,0,0,0,0,0,0,0,0,0,0,0,0,0,0
127,0,96,10,0,0,0,0,0,0,1,0,0,0,0,0,44,1,30,22,22,89,22,67,59,0,0,0,0,0,0,0,0,0,0,0,0,0,0,0,0,0,0,0,0,0,0,0,0,0,0,0
127,0,96,10,0,0,0,0,0,0,1,0,0,0,0,0,44,1,47,22,22,89,22,67,40,0,0,0,0,0,0,0,0,0,0,0,0,0,0,0,0,0,0,0,0,0,0,0,0,0,0,0
127,0,96,10,0,0,0,0,0,0,1,0,0,0,0,0,44,1,46,22,22,89,22,67,30,0,0,0,0,0,0,0,0,0,0,0,0,0,0,0,0,0,0,0,0,0,0,0,0,0,0,0
127,0,96,9,0,0,0,0,0,0,1,0,0,0,0,0,44,1,37,22,22,89,22,67,19,0,0,0,0,0,0,0,0,0,0,0,0,0,0,0,0,0,0,0,0,0,0,0,0,0,0,0
127,0,96,10,0,0,0,0,0,0,1,0,0,0,0,0,44,1,32,22,22,89,22,67,30,0,0,0,0,0,0,0,0,0,0,0,0,0,0,0,0,0,0,0,0,0,0,0,0,0,0,0
127,0,96,10,0,0,0,0,0,0,1,0,0,0,0,0,44,1,48,22,22,89,22,67,50,0,0,0,0,0,0,0,0,0,0,0,0,0,0,0,0,0,0,0,0,0,0,0,0,0,0,0
127,0,96,10,0,0,0,0,0,0,1,0,0,0,0,0,44,1,40,22,22,79,22,67,50,0,0,0,0,0,0,0,0,0,0,0,0,0,0,0,0,0,0,0,0,0,0,0,0,0,0,0
127,0,96,10,0,0,0,0,0,0,1,0,0,0,0,0,44,1,32,22,22,79,22,67,59,0,0,0,0,0,0,0,0,0,0,0,0,0,0,0,0,0,0,0,0,0,0,0,0,0,0,0
127,0,96,10,0,0,0,0,0,0,1,0,0,0,0,0,44,1,46,22,22,79,22,67,69,0,0,0,0,0,0,0,0,0,0,0,0,0,0,0,0,0,0,0,0,0,0,0,0,0,0,0
127,0,96,10,0,0,0,0,0,0,1,0,0,0,0,0,44,1,34,22,22,89,22,67,80,0,0,0,0,0,0,0,0,0,0,0,0,0,0,0,0,0,0,0,0,0,0,0,0,0,0,0
127,0,96,10,0,0,0,0,0,0,1,0,0,0,0,0,44,1,41,22,22,79,22,67,80,0,0,0,0,0,0,0,0,0,0,0,0,0,0,0,0,0,0,0,0,0,0,0,0,0,0,0
127,0,96,10,0,0,0,0,0,0,1,0,0,0,0,0,44,1,42,22,22,89,22,67,80,0,0,0,0,0,0,0,0,0,0,0,0,0,0,0,0,0,0,0,0,0,0,0,0,0,0,0
127,0,96,10,0,0,0,0,0,0,1,0,0,0,0,0,44,1,25,22,22,79,22,67,50,0,0,0,0,0,0,0,0,0,0,0,0,0,0,0,0,0,0,0,0,0,0,0,0,0,0,0
127,0,96,10,0,0,0,0,0,0,1,0,0,0,0,0,44,1,47,22,22,89,22,67,40,0,0,0,0,0,0,0,0,0,0,0,0,0,0,0,0,0,0,0,0,0,0,0,0,0,0,0
127,0,96,10,0,0,0,0,0,0,1,0,0,0,0,0,44,1,41,22,22,89,22,67,30,0,0,0,0,0,0,0,0,0,0,0,0,0,0,0,0,0,0,0,0,0,0,0,0,0,0,0
127,0,96,10,0,0,0,0,0,0,1,0,0,0,0,0,44,1,32,22,22,79,22,67,30,0,0,0,0,0,0,0,0,0,0,0,0,0,0,0,0,0,0,0,0,0,0,0,0,0,0,0
127,0,96,10,0,0,0,0,0,0,1,0,0,0,0,0,44,1,29,22,22,89,22,67,50,0,0,0,0,0,0,0,0,0,0,0,0,0,0,0,0,0,0,0,0,0,0,0,0,0,0,0
127,0,94,10,0,0,0,0,0,0,1,0,0,0,0,0,44,1,40,22,22,79,22,67,40,0,0,0,0,0,0,0,0,0,0,0,0,0,0,0,0,0,0,0,0,0,0,0,0,0,0,0
127,0,96,10,0,0,0,0,0,0,1,0,0,0,0,0,44,1,47,22,22,79,22,67,59,0,0,0,0,0,0,0,0,0,0,0,0,0,0,0,0,0,0,0,0,0,0,0,0,0,0,0
127,0,96,5,0,0,0,48,0,0,1,0,0,0,0,0,44,1,46,22,22,89,22,67,69,0,0,0,0,0,0,0,96,128,0,0,0,0,0,0,0,0,1,0,0,0,0,0,0,0,0,0
127,0,96,10,0,0,0,0,0,0,1,0,0,0,0,0,44,1,45,22,22,79,22,67,69,0,0,0,0,0,0,0,0,0,0,0,0,0,0,0,0,0,0,0,0,0,0,0,0,0,0,0
127,0,96,10,0,0,0,0,0,0,1,0,0,0,0,0,44,1,45,22,22,79,22,67,80,0,0,0,0,0,0,0,0,0,0,0,0,0,0,0,0,0,0,0,0,0,0,0,0,0,0,0
127,0,96,10,0,0,0,0,0,0,1,0,0,0,0,0,44,1,41,22,22,79,22,67,50,0,0,0,0,0,0,0,0,0,0,0,0,0,0,0,0,0,0,0,0,0,0,0,0,0,0,0
127,0,96,10,0,0,0,0,0,0,1,0,0,0,0,0,44,1,37,22,22,79,22,67,19,0,0,0,0,0,0,0,0,0,0,0,0,0,0,0,0,0,0,0,0,0,0,0,0,0,0,0
127,0,96,10,0,0,0,0,0,0,1,0,0,0,0,0,44,1,26,22,22,89,22,67,9,0,0,0,0,0,0,0,0,0,0,0,0,0,0,0,0,0,0,0,0,0,0,0,0,0,0,0
127,0,96,10,0,0,0,0,0,0,1,0,0,0,0,0,44,1,45,22,22,79,22,66,90,0,0,0,0,0,0,0,0,0,0,0,0,0,0,0,0,0,0,0,0,0,0,0,0,0,0,0
127,0,96,10,0,0,0,0,0,0,1,0,0,0,0,0,44,1,42,22,22,89,22,67,0,0,0,0,0,0,0,0,0,0,0,0,0,0,0,0,0,0,0,0,0,0,0,0,0,0,0,0
127,0,96,10,0,0,0,0,0,0,1,0,0,0,0,0,44,1,23,22,22,79,22,67,0,0,0,0,0,0,0,0,0,0,0,0,0,0,0,0,0,0,0,0,0,0,0,0,0,0,0,0
127,0,96,10,0,0,0,0,0,0,1,0,0,0,0,0,44,1,47,22,22,79,22,67,19,0,0,0,0,0,0,0,0,0,0,0,0,0,0,0,0,0,0,0,0,0,0,0,0,0,0,0
127,0,96,9,0,0,0,0,0,0,1,0,0,0,0,0,44,1,37,22,22,79,22,67,30,0,0,0,0,0,0,0,0,0,0,0,0,0,0,0,0,0,0,0,0,0,0,0,0,0,0,0
127,0,96,10,0,0,0,0,0,0,1,0,0,0,0,0,44,1,36,22,22,79,22,67,40,0,0,0,0,0,0,0,0,0,0,0,0,0,0,0,0,0,0,0,0,0,0,0,0,0,0,0
127,0,96,10,0,0,0,0,0,0,1,0,0,0,0,0,44,1,42,22,22,79,22,67,40,0,0,0,0,0,0,0,0,0,0,0,0,0,0,0,0,0,0,0,0,0,0,0,0,0,0,0
127,0,96,10,0,0,0,0,0,0,1,0,0,0,0,0,44,1,26,22,22,79,22,67,40,0,0,0,0,0,0,0,0,0,0,0,0,0,0,0,0,0,0,0,0,0,0,0,0,0,0,0
127,0,96,5,0,0,0,0,0,0,1,0,0,0,0,0,44,1,46,22,22,79,22,67,19,0,0,0,0,0,0,0,96,128,0,0,0,0,0,0,0,0,1,192,0,0,0,0,0,0,160,0
127,0,96,10,0,0,0,0,0,0,1,0,0,0,0,0,44,1,33,22,22,79,22,66,90,0,0,0,0,0,0,0,0,0,0,0,0,0,0,0,0,0,0,0,0,0,0,0,0,0,0,0
127,0,96,10,0,0,0,0,0,0,1,0,0,0,0,0,44,1,46,22,22,79,22,66,80,0,0,0,0,0,0,0,0,0,0,0,0,0,0,0,0,0,0,0,0,0,0,0,0,0,0,0
127,0,96,10,0,0,0,0,0,0,1,0,0,0,0,0,44,1,39,22,22,79,22,66,90,0,0,0,0,0,0,0,0,0,0,0,0,0,0,0,0,0,0,0,0,0,0,0,0,0,0,0
127,0,96,10,0,0,0,0,0,0,1,0,0,0,0,0,44,1,34,22,22,79,22,66,90,0,0,0,0,0,0,0,0,0,0,0,0,0,0,0,0,0,0,0,0,0,0,0,0,0,0,0
127,0,96,10,0,0,0,0,0,0,1,0,0,0,0,0,44,1,45,22,22,79,22,67,0,0,0,0,0,0,0,0,0,0,0,0,0,0,0,0,0,0,0,0,0,0,0,0,0,0,0,0
127,0,96,10,0,0,0,0,0,0,1,0,0,0,0,0,44,1,32,22,22,79,22,67,9,0,0,0,0,0,0,0,0,0,0,0,0,0,0,0,0,0,0,0,0,0,0,0,0,0,0,0
127,0,96,10,0,0,0,0,0,0,1,0,0,0,0,0,44,1,40,22,22,79,22,67,19,0,0,0,0,0,0,0,0,0,0,0,0,0,0,0,0,0,0,0,0,0,0,0,0,0,0,0
127,0,96,9,0,0,0,0,0,0,1,0,0,0,0,0,44,1,45,22,22,79,22,67,30,0,0,0,0,0,0,0,0,0,0,0,0,0,0,0,0,0,0,0,0,0,0,0,0,0,0,0
127,0,96,10,0,0,0,0,0,0,1,0,0,0,0,0,44,1,28,22,22,79,22,67,40,0,0,0,0,0,0,0,0,0,0,0,0,0,0,0,0,0,0,0,0,0,0,0,0,0,0,0
127,0,96,10,0,0,0,0,0,0,1,0,0,0,0,0,44,1,45,22,22,79,22,67,50,0,0,0,0,0,0,0,0,0,0,0,0,0,0,0,0,0,0,0,0,0,0,0,0,0,0,0
127,0,96,10,0,0,0,0,0,0,1,0,0,0,0,0,44,1,42,22,22,79,22,67,9,0,0,0,0,0,0,0,0,0,0,0,0,0,0,0,0,0,0,0,0,0,0,0,0,0,0,0
127,0,96,10,0,0,0,0,0,0,1,0,0,0,0,0,44,1,27,22,22,79,22,66,90,0,0,0,0,0,0,0,0,0,0,0,0,0,0,0,0,0,0,0,0,0,0,0,0,0,0,0
127,0,96,10,0,0,0,0,0,0,1,0,0,0,0,0,44,1,40,22,22,79,22,66,80,0,0,0,0,0,0,0,0,0,0,0,0,0,0,0,0,0,0,0,0,0,0,0,0,0,0,0
127,0,96,10,0,0,0,0,0,0,1,0,0,0,0,0,44,1,45,22,22,79,22,66,80,0,0,0,0,0,0,0,0,0,0,0,0,0,0,0,0,0,0,0,0,0,0,0,0,0,0,0
127,0,96,10,0,0,0,0,0,0,1,0,0,0,0,0,44,1,33,22,22,79,22,66,80,0,0,0,0,0,0,0,0,0,0,0,0,0,0,0,0,0,0,0,0,0,0,0,0,0,0,0
127,0,96,10,0,0,0,0,0,0,1,0,0,0,0,0,44,1,40,22,22,79,22,66,90,0,0,0,0,0,0,0,0,0,0,0,0,0,0,0,0,0,0,0,0,0,0,0,0,0,0,0
127,0,96,10,0,0,0,0,0,0,1,0,0,0,0,0,44,1,45,22,22,79,22,66,90,0,0,0,0,0,0,0,0,0,0,0,0,0,0,0,0,0,0,0,0,0,0,0,0,0,0,0
127,0,96,10,0,0,0,0,0,0,1,0,0,0,0,0,44,1,29,22,22,79,22,67,0,0,0,0,0,0,0,0,0,0,0,0,0,0,0,0,0,0,0,0,0,0,0,0,0,0,0,0
127,0,96,12,0,0,0,0,0,0,1,0,0,0,0,0,44,1,42,22,22,79,22,67,19,0,0,0,0,0,0,0,0,0,0,0,0,0,0,0,0,0,0,0,0,0,0,0,0,0,0,0
127,0,96,10,0,0,0,0,0,0,1,0,0,0,0,0,44,1,42,22,22,79,22,67,19,0,0,0,0,0,0,0,0,0,0,0,0,0,0,0,0,0,0,0,0,0,0,0,0,0,0,0
127,0,96,11,0,0,0,0,0,0,1,0,0,0,0,0,44,1,25,22,22,79,22,67,30,0,0,0,0,0,0,0,0,0,0,0,0,0,0,0,0,0,0,0,0,0,0,0,0,0,0,0
127,0,96,10,0,0,0,0,0,0,1,0,0,0,0,0,44,1,45,22,22,79,22,67,9,0,0,0,0,0,0,0,0,0,0,0,0,0,0,0,0,0,0,0,0,0,0,0,0,0,0,0
127,0,96,10,0,0,0,0,0,0,1,0,0,0,0,0,44,1,45,22,22,79,22,66,80,0,0,0,0,0,0,0,0,0,0,0,0,0,0,0,0,0,0,0,0,0,0,0,0,0,0,0
127,0,96,10,0,0,0,0,0,0,1,0,0,0,0,0,44,1,34,22,22,79,22,66,69,0,0,0,0,0,0,0,0,0,0,0,0,0,0,0,0,0,0,0,0,0,0,0,0,0,0,0
127,0,96,9,0,0,0,0,0,0,1,0,0,0,0,0,44,1,34,22,22,79,22,66,69,0,0,0,0,0,0,0,0,0,0,0,0,0,0,0,0,0,0,0,0,0,0,0,0,0,0,0
127,0,96,10,0,0,0,0,0,0,1,0,0,0,0,0,44,1,47,22,22,79,22,66,80,0,0,0,0,0,0,0,0,0,0,0,0,0,0,0,0,0,0,0,0,0,0,0,0,0,0,0
127,0,96,9,0,0,0,0,0,0,1,0,0,0,0,0,44,1,42,22,22,79,22,66,90,0,0,0,0,0,0,0,0,0,0,0,0,0,0,0,0,0,0,0,0,0,0,0,0,0,0,0
127,0,96,10,0,0,0,0,0,0,1,0,0,0,0,0,44,1,30,22,22,79,22,67,0,0,0,0,0,0,0,0,0,0,0,0,0,0,0,0,0,0,0,0,0,0,0,0,0,0,0,0
127,0,94,10,0,0,0,0,0,0,1,0,0,0,0,0,44,1,34,22,22,79,22,67,0,0,0,0,0,0,0,0,0,0,0,0,0,0,0,0,0,0,0,0,0,0,0,0,0,0,0,0
127,0,96,10,0,0,0,0,0,0,1,0,0,0,0,0,44,1,48,22,22,79,22,67,19,0,0,0,0,0,0,0,0,0,0,0,0,0,0,0,0,0,0,0,0,0,0,0,0,0,0,0
127,0,96,9,0,0,0,0,0,0,1,0,0,0,0,0,44,1,45,22,22,89,22,67,40,0,0,0,0,0,0,0,0,0,0,0,0,0,0,0,0,0,0,0,0,0,0,0,0,0,0,0
127,0,96,10,0,0,0,0,0,0,1,0,0,0,0,0,44,1,38,22,22,79,22,67,30,0,0,0,0,0,0,0,0,0,0,0,0,0,0,0,0,0,0,0,0,0,0,0,0,0,0,0
127,0,96,10,0,0,0,0,0,0,1,0,0,0,0,0,44,1,25,22,22,79,22,67,0,0,0,0,0,0,0,0,0,0,0,0,0,0,0,0,0,0,0,0,0,0,0,0,0,0,0,0
127,0,96,10,0,0,0,0,0,0,1,0,0,0,0,0,44,1,37,22,22,79,22,66,80,0,0,0,0,0,0,0,0,0,0,0,0,0,0,0,0,0,0,0,0,0,0,0,0,0,0,0
127,0,96,10,0,0,0,0,0,0,1,0,0,0,0,0,44,1,47,22,22,89,22,66,80,0,0,0,0,0,0,0,0,0,0,0,0,0,0,0,0,0,0,0,0,0,0,0,0,0,0,0
127,0,96,10,0,0,0,0,0,0,1,0,0,0,0,0,44,1,41,22,22,79,22,66,69,0,0,0,0,0,0,0,0,0,0,0,0,0,0,0,0,0,0,0,0,0,0,0,0,0,0,0
127,0,96,10,0,0,0,0,0,0,1,0,0,0,0,0,44,1,25,22,22,79,22,66,80,0,0,0,0,0,0,0,0,0,0,0,0,0,0,0,0,0,0,0,0,0,0,0,0,0,0,0
127,0,96,12,0,0,0,0,0,0,1,0,0,0,0,0,44,1,48,22,22,79,22,66,90,0,0,0,0,0,0,0,0,0,0,0,0,0,0,0,0,0,0,0,0,0,0,0,0,0,0,0
127,0,96,10,0,0,0,0,0,0,1,0,0,0,0,0,44,1,40,22,22,79,22,67,0,0,0,0,0,0,0,0,0,0,0,0,0,0,0,0,0,0,0,0,0,0,0,0,0,0,0,0
127,0,96,10,0,0,0,0,0,0,1,0,0,0,0,0,44,1,27,22,22,79,22,67,19,0,0,0,0,0,0,0,0,0,0,0,0,0,0,0,0,0,0,0,0,0,0,0,0,0,0,0
127,0,96,10,0,0,0,0,0,0,1,0,0,0,0,0,44,1,47,22,22,79,22,67,30,0,0,0,0,0,0,0,0,0,0,0,0,0,0,0,0,0,0,0,0,0,0,0,0,0,0,0
127,0,96,10,0,0,0,0,0,0,1,0,0,0,0,0,44,1,36,22,22,89,22,67,50,0,0,0,0,0,0,0,0,0,0,0,0,0,0,0,0,0,0,0,0,0,0,0,0,0,0,0
127,0,96,10,0,0,0,0,0,0,1,0,0,0,0,0,44,1,37,22,22,79,22,67,40,0,0,0,0,0,0,0,0,0,0,0,0,0,0,0,0,0,0,0,0,0,0,0,0,0,0,0
127,0,96,10,0,0,0,0,0,0,1,0,0,0,0,0,44,1,45,22,22,79,22,67,40,0,0,0,0,0,0,0,0,0,0,0,0,0,0,0,0,0,0,0,0,0,0,0,0,0,0,0
127,0,96,10,0,0,0,0,0,0,1,0,0,0,0,0,44,1,25,22,22,79,22,67,19,0,0,0,0,0,0,0,0,0,0,0,0,0,0,0,0,0,0,0,0,0,0,0,0,0,0,0
127,0,96,10,0,0,0,0,0,0,1,0,0,0,0,0,44,1,48,22,22,79,22,67,19,0,0,0,0,0,0,0,0,0,0,0,0,0,0,0,0,0,0,0,0,0,0,0,0,0,0,0
127,0,96,10,0,0,0,0,0,0,1,0,0,0,0,0,44,1,41,22,22,79,22,67,30,0,0,0,0,0,0,0,0,0,0,0,0,0,0,0,0,0,0,0,0,0,0,0,0,0,0,0
127,0,96,10,0,0,0,0,0,0,1,0,0,0,0,0,44,1,25,22,22,79,22,67,30,0,0,0,0,0,0,0,0,0,0,0,0,0,0,0,0,0,0,0,0,0,0,0,0,0,0,0
127,0,94,10,0,0,0,0,0,0,1,0,0,0,0,0,44,1,46,22,22,79,22,67,40,0,0,0,0,0,0,0,0,0,0,0,0,0,0,0,0,0,0,0,0,0,0,0,0,0,0,0
127,0,96,10,0,0,0,0,0,0,1,0,0,0,0,0,44,1,46,22,22,79,22,67,50,0,0,0,0,0,0,0,0,0,0,0,0,0,0,0,0,0,0,0,0,0,0,0,0,0,0,0
127,0,96,10,0,0,0,0,0,0,1,0,0,0,0,0,44,1,39,22,22,79,22,67,59,0,0,0,0,0,0,0,0,0,0,0,0,0,0,0,0,0,0,0,0,0,0,0,0,0,0,0
127,0,96,10,0,0,0,0,0,0,1,0,0,0,0,0,44,1,26,22,22,79,22,67,59,0,0,0,0,0,0,0,0,0,0,0,0,0,0,0,0,0,0,0,0,0,0,0,0,0,0,0
127,0,96,10,0,0,0,0,0,0,1,0,0,0,0,0,44,1,34,22,22,79,22,67,80,0,0,0,0,0,0,0,0,0,0,0,0,0,0,0,0,0,0,0,0,0,0,0,0,0,0,0
127,0,96,9,0,0,0,0,0,0,1,0,0,0,0,0,44,1,48,22,22,79,22,67,59,0,0,0,0,0,0,0,0,0,0,0,0,0,0,0,0,0,0,0,0,0,0,0,0,0,0,0
127,0,96,10,0,0,0,0,0,0,1,0,0,0,0,0,44,1,46,22,22,79,22,67,50,0,0,0,0,0,0,0,0,0,0,0,0,0,0,0,0,0,0,0,0,0,0,0,0,0,0,0
127,0,96,10,0,0,0,0,0,0,1,0,0,0,0,0,44,1,38,22,22,79,22,67,40,0,0,0,0,0,0,0,0,0,0,0,0,0,0,0,0,0,0,0,0,0,0,0,0,0,0,0
127,0,96,10,0,0,0,0,0,0,1,0,0,0,0,0,44,1,32,22,22,79,22,67,30,0,0,0,0,0,0,0,0,0,0,0,0,0,0,0,0,0,0,0,0,0,0,0,0,0,0,0
127,0,96,10,0,0,0,0,0,0,1,0,0,0,0,0,44,1,47,22,22,79,22,67,30,0,0,0,0,0,0,0,0,0,0,0,0,0,0,0,0,0,0,0,0,0,0,0,0,0,0,0
127,0,96,10,0,0,0,0,0,0,1,0,0,0,0,0,44,1,37,22,22,89,22,67,40,0,0,0,0,0,0,0,0,0,0,0,0,0,0,0,0,0,0,0,0,0,0,0,0,0,0,0
127,0,96,10,0,0,0,0,0,0,1,0,0,0,0,0,44,1,38,22,22,89,22,67,50,0,0,0,0,0,0,0,0,0,0,0,0,0,0,0,0,0,0,0,0,0,0,0,0,0,0,0
127,0,96,10,0,0,0,0,0,0,1,0,0,0,0,0,44,1,44,22,22,89,22,67,50,0,0,0,0,0,0,0,0,0,0,0,0,0,0,0,0,0,0,0,0,0,0,0,0,0,0,0
127,0,96,4,0,0,0,0,0,0,1,0,0,0,0,0,44,1,27,22,22,89,22,67,50,0,0,0,0,0,0,0,96,128,0,0,0,0,0,0,0,0,1,192,0,0,0,0,0,0,0,0
127,0,96,10,0,0,0,0,0,0,1,0,0,0,0,0,44,1,46,22,22,89,22,67,59,0,0,0,0,0,0,0,0,0,0,0,0,0,0,0,0,0,0,0,0,0,0,0,0,0,0,0
127,0,96,10,0,0,0,0,0,0,1,0,0,0,0,0,44,1,27,22,22,89,22,67,69,0,0,0,0,0,0,0,0,0,0,0,0,0,0,0,0,0,0,0,0,0,0,0,0,0,0,0
127,0,96,10,0,0,0,0,0,0,1,0,0,0,0,0,44,1,48,22,22,89,22,67,59,0,0,0,0,0,0,0,0,0,0,0,0,0,0,0,0,0,0,0,0,0,0,0,0,0,0,0
127,0,96,10,0,0,0,0,0,0,1,0,0,0,0,0,44,1,35,22,22,89,22,67,40,0,0,0,0,0,0,0,0,0,0,0,0,0,0,0,0,0,0,0,0,0,0,0,0,0,0,0
127,0,96,10,0,0,0,0,0,0,1,0,0,0,0,0,44,1,46,22,22,89,22,67,19,0,0,0,0,0,0,0,0,0,0,0,0,0,0,0,0,0,0,0,0,0,0,0,0,0,0,0
127,0,96,10,0,0,0,0,0,0,1,0,0,0,0,0,44,1,42,22,22,89,22,67,9,0,0,0,0,0,0,0,0,0,0,0,0,0,0,0,0,0,0,0,0,0,0,0,0,0,0,0
127,0,96,10,0,0,0,0,0,0,1,0,0,0,0,0,44,1,29,22,22,89,22,67,19,0,0,0,0,0,0,0,0,0,0,0,0,0,0,0,0,0,0,0,0,0,0,0,0,0,0,0
127,0,96,10,0,0,0,0,0,0,1,0,0,0,0,0,44,1,48,22,22,79,22,67,19,0,0,0,0,0,0,0,0,0,0,0,0,0,0,0,0,0,0,0,0,0,0,0,0,0,0,0
127,0,96,10,0,0,0,0,0,0,1,0,0,0,0,0,44,1,41,22,22,89,22,67,40,0,0,0,0,0,0,0,0,0,0,0,0,0,0,0,0,0,0,0,0,0,0,0,0,0,0,0
127,0,94,10,0,0,0,0,0,0,1,0,0,0,0,0,44,1,28,22,22,89,22,67,50,0,0,0,0,0,0,0,0,0,0,0,0,0,0,0,0,0,0,0,0,0,0,0,0,0,0,0
127,0,96,10,0,0,0,0,0,0,1,0,0,0,0,0,44,1,36,22,22,89,22,67,59,0,0,0,0,0,0,0,0,0,0,0,0,0,0,0,0,0,0,0,0,0,0,0,0,0,0,0
127,0,96,10,0,0,0,0,0,0,1,0,0,0,0,0,44,1,50,22,22,89,22,67,59,0,0,0,0,0,0,0,0,0,0,0,0,0,0,0,0,0,0,0,0,0,0,0,0,0,0,0
127,0,96,10,0,0,0,0,0,0,1,0,0,0,0,0,44,1,47,22,22,89,22,67,69,0,0,0,0,0,0,0,0,0,0,0,0,0,0,0,0,0,0,0,0,0,0,0,0,0,0,0
127,0,96,10,0,0,0,0,0,0,1,0,0,0,0,0,44,1,41,22,22,89,22,67,80,0,0,0,0,0,0,0,0,0,0,0,0,0,0,0,0,0,0,0,0,0,0,0,0,0,0,0
127,0,96,10,0,0,0,0,0,0,1,0,0,0,0,0,44,1,34,22,22,89,22,67,59,0,0,0,0,0,0,0,0,0,0,0,0,0,0,0,0,0,0,0,0,0,0,0,0,0,0,0
127,0,96,10,0,0,0,0,0,0,1,0,0,0,0,0,44,1,29,22,22,89,22,67,59,0,0,0,0,0,0,0,0,0,0,0,0,0,0,0,0,0,0,0,0,0,0,0,0,0,0,0
127,0,96,10,0,0,0,0,0,0,1,0,0,0,0,0,44,1,42,22,22,89,22,67,59,0,0,0,0,0,0,0,0,0,0,0,0,0,0,0,0,0,0,0,0,0,0,0,0,0,0,0
127,0,94,10,0,0,0,0,0,0,1,0,0,0,0,0,44,1,47,22,22,89,22,67,59,0,0,0,0,0,0,0,0,0,0,0,0,0,0,0,0,0,0,0,0,0,0,0,0,0,0,0
127,0,96,10,0,0,0,0,0,0,1,0,0,0,0,0,44,1,45,22,22,89,22,67,69,0,0,0,0,0,0,0,0,0,0,0,0,0,0,0,0,0,0,0,0,0,0,0,0,0,0,0
127,0,96,10,0,0,0,0,0,0,1,0,0,0,0,0,44,1,37,22,22,89,22,67,69,0,0,0,0,0,0,0,0,0,0,0,0,0,0,0,0,0,0,0,0,0,0,0,0,0,0,0
127,0,96,10,0,0,0,0,0,0,1,0,0,0,0,0,44,1,33,22,22,89,22,67,80,0,0,0,0,0,0,0,0,0,0,0,0,0,0,0,0,0,0,0,0,0,0,0,0,0,0,0
127,0,96,10,0,0,0,0,0,0,1,0,0,0,0,0,44,1,47,22,22,89,22,68,0,0,0,0,0,0,0,0,0,0,0,0,0,0,0,0,0,0,0,0,0,0,0,0,0,0,0,0
127,0,96,10,0,0,0,0,0,0,1,0,0,0,0,0,44,1,37,22,22,89,22,68,0,0,0,0,0,0,0,0,0,0,0,0,0,0,0,0,0,0,0,0,0,0,0,0,0,0,0,0
127,0,96,10,0,0,0,0,0,0,1,0,0,0,0,0,44,1,38,22,22,89,22,68,0,0,0,0,0,0,0,0,0,0,0,0,0,0,0,0,0,0,0,0,0,0,0,0,0,0,0,0
127,0,96,9,0,0,0,0,0,0,1,0,0,0,0,0,44,1,42,22,22,89,22,67,69,0,0,0,0,0,0,0,0,0,0,0,0,0,0,0,0,0,0,0,0,0,0,0,0,0,0,0
127,0,94,10,0,0,0,0,0,0,1,0,0,0,0,0,44,1,35,22,22,89,22,67,50,0,0,0,0,0,0,0,0,0,0,0,0,0,0,0,0,0,0,0,0,0,0,0,0,0,0,0
127,0,96,11,0,0,0,0,0,0,1,0,0,0,0,0,44,1,41,22,22,89,22,67,30,0,0,0,0,0,0,0,0,0,0,0,0,0,0,0,0,0,0,0,0,0,0,0,0,0,0,0
127,0,96,10,0,0,0,0,0,0,1,0,0,0,0,0,44,1,40,22,22,89,22,67,30,0,0,0,0,0,0,0,0,0,0,0,0,0,0,0,0,0,0,0,0,0,0,0,0,0,0,0
127,0,96,9,0,0,0,0,0,0,1,0,0,0,0,0,44,1,38,22,22,89,22,67,30,0,0,0,0,0,0,0,0,0,0,0,0,0,0,0,0,0,0,0,0,0,0,0,0,0,0,0
127,0,96,10,0,0,0,0,0,0,1,0,0,0,0,0,44,1,48,22,22,89,22,67,40,0,0,0,0,0,0,0,0,0,0,0,0,0,0,0,0,0,0,0,0,0,0,0,0,0,0,0
127,0,96,10,0,0,0,0,0,0,1,0,0,0,0,0,44,1,35,22,22,89,22,67,50,0,0,0,0,0,0,0,0,0,0,0,0,0,0,0,0,0,0,0,0,0,0,0,0,0,0,0
127,0,96,10,0,0,0,0,0,0,1,0,0,0,0,0,44,1,48,22,22,89,22,67,50,0,0,0,0,0,0,0,0,0,0,0,0,0,0,0,0,0,0,0,0,0,0,0,0,0,0,0
127,0,96,10,0,0,0,0,0,0,1,0,0,0,0,0,44,1,34,22,22,89,22,67,59,0,0,0,0,0,0,0,0,0,0,0,0,0,0,0,0,0,0,0,0,0,0,0,0,0,0,0
127,0,96,10,0,0,0,0,0,0,1,0,0,0,0,0,44,1,47,22,22,89,22,67,69,0,0,0,0,0,0,0,0,0,0,0,0,0,0,0,0,0,0,0,0,0,0,0,0,0,0,0
127,0,96,10,0,0,0,0,0,0,1,0,0,0,0,0,44,1,40,22,22,89,22,67,80,0,0,0,0,0,0,0,0,0,0,0,0,0,0,0,0,0,0,0,0,0,0,0,0,0,0,0
127,0,96,10,0,0,0,0,0,0,1,0,0,0,0,0,44,1,29,22,22,89,22,67,50,0,0,0,0,0,0,0,0,0,0,0,0,0,0,0,0,0,0,0,0,0,0,0,0,0,0,0
127,0,96,10,0,0,0,0,0,0,1,0,0,0,0,0,44,1,47,22,22,89,22,67,50,0,0,0,0,0,0,0,0,0,0,0,0,0,0,0,0,0,0,0,0,0,0,0,0,0,0,0
127,0,96,10,0,0,0,0,0,0,1,0,0,0,0,0,44,1,40,22,22,89,22,67,30,0,0,0,0,0,0,0,0,0,0,0,0,0,0,0,0,0,0,0,0,0,0,0,0,0,0,0
127,0,96,10,0,0,0,0,0,0,1,0,0,0,0,0,44,1,26,22,22,89,22,67,40,0,0,0,0,0,0,0,0,0,0,0,0,0,0,0,0,0,0,0,0,0,0,0,0,0,0,0
127,0,96,10,0,0,0,0,0,0,1,0,0,0,0,0,44,1,47,22,22,89,22,67,50,0,0,0,0,0,0,0,0,0,0,0,0,0,0,0,0,0,0,0,0,0,0,0,0,0,0,0
127,0,96,10,0,0,0,0,0,0,1,0,0,0,0,0,44,1,44,22,22,89,22,67,50,0,0,0,0,0,0,0,0,0,0,0,0,0,0,0,0,0,0,0,0,0,0,0,0,0,0,0
127,0,96,10,0,0,0,0,0,0,1,0,0,0,0,0,44,1,32,22,22,89,22,67,69,0,0,0,0,0,0,0,0,0,0,0,0,0,0,0,0,0,0,0,0,0,0,0,0,0,0,0
127,0,96,10,0,0,0,0,0,0,1,0,0,0,0,0,44,1,42,22,22,89,22,67,69,0,0,0,0,0,0,0,0,0,0,0,0,0,0,0,0,0,0,0,0,0,0,0,0,0,0,0
127,0,96,10,0,0,0,0,0,0,1,0,0,0,0,0,44,1,41,22,22,89,22,67,80,0,0,0,0,0,0,0,0,0,0,0,0,0,0,0,0,0,0,0,0,0,0,0,0,0,0,0
127,0,96,10,0,0,0,0,0,0,1,0,0,0,0,0,44,1,35,22,22,89,22,67,80,0,0,0,0,0,0,0,0,0,0,0,0,0,0,0,0,0,0,0,0,0,0,0,0,0,0,0
127,0,96,10,0,0,0,0,0,0,1,0,0,0,0,0,44,1,40,22,22,89,22,67,69,0,0,0,0,0,0,0,0,0,0,0,0,0,0,0,0,0,0,0,0,0,0,0,0,0,0,0
127,0,96,10,0,0,0,0,0,0,1,0,0,0,0,0,44,1,44,22,22,89,22,67,69,0,0,0,0,0,0,0,0,0,0,0,0,0,0,0,0,0,0,0,0,0,0,0,0,0,0,0
127,0,96,10,0,0,0,0,0,0,1,0,0,0,0,0,44,1,32,22,22,89,22,67,50,0,0,0,0,0,0,0,0,0,0,0,0,0,0,0,0,0,0,0,0,0,0,0,0,0,0,0
127,0,96,10,0,0,0,0,0,0,1,0,0,0,0,0,44,1,44,22,22,89,22,67,40,0,0,0,0,0,0,0,0,0,0,0,0,0,0,0,0,0,0,0,0,0,0,0,0,0,0,0
127,0,96,10,0,0,0,0,0,0,1,0,0,0,0,0,44,1,40,22,22,89,22,67,30,0,0,0,0,0,0,0,0,0,0,0,0,0,0,0,0,0,0,0,0,0,0,0,0,0,0,0
127,0,96,9,0,0,0,0,0,0,1,0,0,0,0,0,44,1,32,22,22,89,22,67,40,0,0,0,0,0,0,0,0,0,0,0,0,0,0,0,0,0,0,0,0,0,0,0,0,0,0,0
127,0,96,10,0,0,0,0,0,0,1,0,0,0,0,0,44,1,46,22,22,89,22,67,40,0,0,0,0,0,0,0,0,0,0,0,0,0,0,0,0,0,0,0,0,0,0,0,0,0,0,0
127,0,96,10,0,0,0,0,0,0,1,0,0,0,0,0,44,1,27,22,22,89,22,67,59,0,0,0,0,0,0,0,0,0,0,0,0,0,0,0,0,0,0,0,0,0,0,0,0,0,0,0
127,0,96,10,0,0,0,0,0,0,1,0,0,0,0,0,44,1,44,22,22,89,22,67,69,0,0,0,0,0,0,0,0,0,0,0,0,0,0,0,0,0,0,0,0,0,0,0,0,0,0,0
127,0,94,10,0,0,0,0,0,0,1,0,0,0,0,0,44,1,29,22,22,89,22,67,69,0,0,0,0,0,0,0,0,0,0,0,0,0,0,0,0,0,0,0,0,0,0,0,0,0,0,0
127,0,96,10,0,0,0,0,0,0,1,0,0,0,0,0,44,1,45,22,22,89,22,67,80,0,0,0,0,0,0,0,0,0,0,0,0,0,0,0,0,0,0,0,0,0,0,0,0,0,0,0
127,0,96,10,0,0,0,0,0,0,1,0,0,0,0,0,44,1,27,22,22,89,22,67,69,0,0,0,0,0,0,0,0,0,0,0,0,0,0,0,0,0,0,0,0,0,0,0,0,0,0,0
127,0,96,10,0,0,0,0,0,0,1,0,0,0,0,0,44,1,45,22,22,89,22,67,50,0,0,0,0,0,0,0,0,0,0,0,0,0,0,0,0,0,0,0,0,0,0,0,0,0,0,0
127,0,96,9,0,0,0,0,0,0,1,0,0,0,0,0,44,1,27,22,22,89,22,67,30,0,0,0,0,0,0,0,0,0,0,0,0,0,0,0,0,0,0,0,0,0,0,0,0,0,0,0
127,0,96,10,0,0,0,0,0,0,1,0,0,0,0,0,44,1,45,22,22,89,22,67,19,0,0,0,0,0,0,0,0,0,0,0,0,0,0,0,0,0,0,0,0,0,0,0,0,0,0,0
127,0,96,10,0,0,0,0,0,0,1,0,0,0,0,0,44,1,28,22,22,89,22,67,30,0,0,0,0,0,0,0,0,0,0,0,0,0,0,0,0,0,0,0,0,0,0,0,0,0,0,0
127,0,96,10,0,0,0,0,0,0,1,0,0,0,0,0,44,1,44,22,22,89,22,67,40,0,0,0,0,0,0,0,0,0,0,0,0,0,0,0,0,0,0,0,0,0,0,0,0,0,0,0
127,0,96,11,0,0,0,0,0,0,1,0,0,0,0,0,44,1,25,22,22,89,22,67,50,0,0,0,0,0,0,0,0,0,0,0,0,0,0,0,0,0,0,0,0,0,0,0,0,0,0,0
127,0,96,10,0,0,0,0,0,0,1,0,0,0,0,0,44,1,46,22,22,89,22,67,69,0,0,0,0,0,0,0,0,0,0,0,0,0,0,0,0,0,0,0,0,0,0,0,0,0,0,0
127,0,96,10,0,0,0,0,0,0,1,0,0,0,0,0,44,1,36,22,22,89,22,67,69,0,0,0,0,0,0,0,0,0,0,0,0,0,0,0,0,0,0,0,0,0,0,0,0,0,0,0
127,0,96,10,0,0,0,0,0,0,1,0,0,0,0,0,44,1,33,22,22,89,22,67,80,0,0,0,0,0,0,0,0,0,0,0,0,0,0,0,0,0,0,0,0,0,0,0,0,0,0,0
127,0,94,10,0,0,0,0,0,0,1,0,0,0,0,0,44,1,46,22,22,89,22,67,80,0,0,0,0,0,0,0,0,0,0,0,0,0,0,0,0,0,0,0,0,0,0,0,0,0,0,0
127,0,96,10,0,0,0,0,0,0,1,0,0,0,0,0,44,1,38,22,22,89,22,67,59,0,0,0,0,0,0,0,0,0,0,0,0,0,0,0,0,0,0,0,0,0,0,0,0,0,0,0
127,0,96,10,0,0,0,0,0,0,1,0,0,0,0,0,44,1,25,22,22,89,22,67,30,0,0,0,0,0,0,0,0,0,0,0,0,0,0,0,0,0,0,0,0,0,0,0,0,0,0,0
127,0,96,10,0,0,0,0,0,0,1,0,0,0,0,0,44,1,46,22,22,89,22,67,30,0,0,0,0,0,0,0,0,0,0,0,0,0,0,0,0,0,0,0,0,0,0,0,0,0,0,0
127,0,96,10,0,0,0,0,0,0,1,0,0,0,0,0,44,1,41,22,22,89,22,67,30,0,0,0,0,0,0,0,0,0,0,0,0,0,0,0,0,0,0,0,0,0,0,0,0,0,0,0
127,0,96,10,0,0,0,0,0,0,1,0,0,0,0,0,44,1,28,22,22,89,22,67,30,0,0,0,0,0,0,0,0,0,0,0,0,0,0,0,0,0,0,0,0,0,0,0,0,0,0,0
127,0,96,10,0,0,0,0,0,0,1,0,0,0,0,0,44,1,38,22,22,89,22,67,30,0,0,0,0,0,0,0,0,0,0,0,0,0,0,0,0,0,0,0,0,0,0,0,0,0,0,0
127,0,96,9,0,0,0,0,0,0,1,0,0,0,0,0,44,1,42,22,22,89,22,67,40,0,0,0,0,0,0,0,0,0,0,0,0,0,0,0,0,0,0,0,0,0,0,0,0,0,0,0
127,0,96,10,0,0,0,0,0,0,1,0,0,0,0,0,44,1,25,22,22,89,22,67,50,0,0,0,0,0,0,0,0,0,0,0,0,0,0,0,0,0,0,0,0,0,0,0,0,0,0,0
127,0,96,9,0,0,0,0,0,0,1,0,0,0,0,0,44,1,47,22,22,89,22,67,59,0,0,0,0,0,0,0,0,0,0,0,0,0,0,0,0,0,0,0,0,0,0,0,0,0,0,0
127,0,96,10,0,0,0,0,0,0,1,0,0,0,0,0,44,1,36,22,22,89,22,67,69,0,0,0,0,0,0,0,0,0,0,0,0,0,0,0,0,0,0,0,0,0,0,0,0,0,0,0
127,0,96,10,0,0,0,0,0,0,1,0,0,0,0,0,44,1,38,22,22,89,22,67,69,0,0,0,0,0,0,0,0,0,0,0,0,0,0,0,0,0,0,0,0,0,0,0,0,0,0,0
127,0,96,10,0,0,0,0,0,0,1,0,0,0,0,0,44,1,38,22,22,89,22,67,59,0,0,0,0,0,0,0,0,0,0,0,0,0,0,0,0,0,0,0,0,0,0,0,0,0,0,0
127,0,96,10,0,0,0,0,0,0,1,0,0,0,0,0,44,1,41,22,22,89,22,67,30,0,0,0,0,0,0,0,0,0,0,0,0,0,0,0,0,0,0,0,0,0,0,0,0,0,0,0
127,0,94,10,0,0,0,0,0,0,1,0,0,0,0,0,44,1,33,22,22,89,22,67,19,0,0,0,0,0,0,0,0,0,0,0,0,0,0,0,0,0,0,0,0,0,0,0,0,0,0,0
127,0,96,9,0,0,0,0,0,0,1,0,0,0,0,0,44,1,45,22,22,89,22,67,19,0,0,0,0,0,0,0,0,0,0,0,0,0,0,0,0,0,0,0,0,0,0,0,0,0,0,0
127,0,96,10,0,0,0,0,0,0,1,0,0,0,0,0,44,1,25,22,22,89,22,67,30,0,0,0,0,0,0,0,0,0,0,0,0,0,0,0,0,0,0,0,0,0,0,0,0,0,0,0
127,0,96,10,0,0,0,0,0,0,1,0,0,0,0,0,44,1,40,22,22,89,22,67,50,0,0,0,0,0,0,0,0,0,0,0,0,0,0,0,0,0,0,0,0,0,0,0,0,0,0,0
127,0,96,10,0,0,0,0,0,0,1,0,0,0,0,0,44,1,37,22,22,89,22,67,50,0,0,0,0,0,0,0,0,0,0,0,0,0,0,0,0,0,0,0,0,0,0,0,0,0,0,0
127,0,96,10,0,0,0,0,0,0,1,0,0,0,0,0,44,1,36,22,22,89,22,67,59,0,0,0,0,0,0,0,0,0,0,0,0,0,0,0,0,0,0,0,0,0,0,0,0,0,0,0
127,0,96,10,0,0,0,0,0,0,1,0,0,0,0,0,44,1,41,22,22,89,22,67,69,0,0,0,0,0,0,0,0,0,0,0,0,0,0,0,0,0,0,0,0,0,0,0,0,0,0,0
127,0,96,10,0,0,0,0,0,0,1,0,0,0,0,0,44,1,36,22,22,89,22,67,69,0,0,0,0,0,0,0,0,0,0,0,0,0,0,0,0,0,0,0,0,0,0,0,0,0,0,0
127,0,96,10,0,0,0,0,0,0,1,0,0,0,0,0,44,1,35,22,22,89,22,67,69,0,0,0,0,0,0,0,0,0,0,0,0,0,0,0,0,0,0,0,0,0,0,0,0,0,0,0
127,0,96,10,0,0,0,0,0,0,1,0,0,0,0,0,44,1,40,22,22,89,22,67,59,0,0,0,0,0,0,0,0,0,0,0,0,0,0,0,0,0,0,0,0,0,0,0,0,0,0,0
127,0,96,10,0,0,0,0,0,0,1,0,0,0,0,0,44,1,23,22,22,89,22,67,50,0,0,0,0,0,0,0,0,0,0,0,0,0,0,0,0,0,0,0,0,0,0,0,0,0,0,0
127,0,96,10,0,0,0,0,0,0,1,0,0,0,0,0,44,1,46,22,22,89,22,67,30,0,0,0,0,0,0,0,0,0,0,0,0,0,0,0,0,0,0,0,0,0,0,0,0,0,0,0
127,0,96,10,0,0,0,0,0,0,1,0,0,0,0,0,44,1,37,22,22,89,22,67,40,0,0,0,0,0,0,0,0,0,0,0,0,0,0,0,0,0,0,0,0,0,0,0,0,0,0,0
127,0,96,10,0,0,0,0,0,0,1,0,0,0,0,0,44,1,23,22,22,89,22,67,50,0,0,0,0,0,0,0,0,0,0,0,0,0,0,0,0,0,0,0,0,0,0,0,0,0,0,0
127,0,96,10,0,0,0,0,0,0,1,0,0,0,0,0,44,1,44,22,22,89,22,67,69,0,0,0,0,0,0,0,0,0,0,0,0,0,0,0,0,0,0,0,0,0,0,0,0,0,0,0
127,0,96,10,0,0,0,0,0,0,1,0,0,0,0,0,44,1,40,22,22,89,22,67,69,0,0,0,0,0,0,0,0,0,0,0,0,0,0,0,0,0,0,0,0,0,0,0,0,0,0,0
127,0,96,10,0,0,0,0,0,0,1,0,0,0,0,0,44,1,32,22,22,89,22,67,80,0,0,0,0,0,0,0,0,0,0,0,0,0,0,0,0,0,0,0,0,0,0,0,0,0,0,0
127,0,96,10,0,0,0,0,0,0,1,0,0,0,0,0,44,1,29,22,22,89,22,67,80,0,0,0,0,0,0,0,0,0,0,0,0,0,0,0,0,0,0,0,0,0,0,0,0,0,0,0
127,0,96,10,0,0,0,0,0,0,1,0,0,0,0,0,44,1,45,22,22,89,22,67,90,0,0,0,0,0,0,0,0,0,0,0,0,0,0,0,0,0,0,0,0,0,0,0,0,0,0,0
127,0,96,10,0,0,0,0,0,0,1,0,0,0,0,0,44,1,40,22,22,89,22,67,69,0,0,0,0,0,0,0,0,0,0,0,0,0,0,0,0,0,0,0,0,0,0,0,0,0,0,0
127,0,96,10,0,0,0,0,0,0,1,0,0,0,0,0,44,1,28,22,22,89,22,67,40,0,0,0,0,0,0,0,0,0,0,0,0,0,0,0,0,0,0,0,0,0,0,0,0,0,0,0
127,0,96,10,0,0,0,0,0,0,1,0,0,0,0,0,44,1,34,22,22,89,22,67,19,0,0,0,0,0,0,0,0,0,0,0,0,0,0,0,0,0,0,0,0,0,0,0,0,0,0,0
127,0,96,10,0,0,0,0,0,0,1,0,0,0,0,0,44,1,41,22,22,89,22,67,19,0,0,0,0,0,0,0,0,0,0,0,0,0,0,0,0,0,0,0,0,0,0,0,0,0,0,0
127,0,96,10,0,0,0,0,0,0,1,0,0,0,0,0,44,1,33,22,22,89,22,67,19,0,0,0,0,0,0,0,0,0,0,0,0,0,0,0,0,0,0,0,0,0,0,0,0,0,0,0
127,0,96,9,0,0,0,0,0,0,1,0,0,0,0,0,44,1,35,22,22,89,22,67,30,0,0,0,0,0,0,0,0,0,0,0,0,0,0,0,0,0,0,0,0,0,0,0,0,0,0,0
127,0,96,10,0,0,0,0,0,0,1,0,0,0,0,0,44,1,39,22,22,89,22,67,40,0,0,0,0,0,0,0,0,0,0,0,0,0,0,0,0,0,0,0,0,0,0,0,0,0,0,0
127,0,96,10,0,0,0,0,0,0,1,0,0,0,0,0,44,1,22,22,22,89,22,67,50,0,0,0,0,0,0,0,0,0,0,0,0,0,0,0,0,0,0,0,0,0,0,0,0,0,0,0
127,0,96,10,0,0,0,0,0,0,1,0,0,0,0,0,44,1,42,22,22,89,22,67,50,0,0,0,0,0,0,0,0,0,0,0,0,0,0,0,0,0,0,0,0,0,0,0,0,0,0,0
127,0,96,10,0,0,0,0,0,0,1,0,0,0,0,0,44,1,32,22,22,89,22,67,59,0,0,0,0,0,0,0,0,0,0,0,0,0,0,0,0,0,0,0,0,0,0,0,0,0,0,0
127,0,96,10,0,0,0,0,0,0,1,0,0,0,0,0,44,1,40,22,22,89,22,67,50,0,0,0,0,0,0,0,0,0,0,0,0,0,0,0,0,0,0,0,0,0,0,0,0,0,0,0
127,0,96,10,0,0,0,0,0,0,1,0,0,0,0,0,44,1,37,22,22,89,22,67,30,0,0,0,0,0,0,0,0,0,0,0,0,0,0,0,0,0,0,0,0,0,0,0,0,0,0,0
127,0,96,10,0,0,0,0,0,0,1,0,0,0,0,0,44,1,26,22,22,89,22,67,0,0,0,0,0,0,0,0,0,0,0,0,0,0,0,0,0,0,0,0,0,0,0,0,0,0,0,0
127,0,96,10,0,0,0,0,0,0,1,0,0,0,0,0,44,1,42,22,22,89,22,66,90,0,0,0,0,0,0,0,0,0,0,0,0,0,0,0,0,0,0,0,0,0,0,0,0,0,0,0
127,0,96,10,0,0,0,0,0,0,1,0,0,0,0,0,44,1,27,22,22,89,22,66,90,0,0,0,0,0,0,0,0,0,0,0,0,0,0,0,0,0,0,0,0,0,0,0,0,0,0,0
127,0,96,10,0,0,0,0,0,0,1,0,0,0,0,0,44,1,45,22,22,89,22,67,0,0,0,0,0,0,0,0,0,0,0,0,0,0,0,0,0,0,0,0,0,0,0,0,0,0,0,0
127,0,96,10,0,0,0,0,0,0,1,0,0,0,0,0,44,1,29,22,22,89,22,67,0,0,0,0,0,0,0,0,0,0,0,0,0,0,0,0,0,0,0,0,0,0,0,0,0,0,0,0
127,0,96,10,0,0,0,0,0,0,1,0,0,0,0,0,44,1,45,22,22,89,22,67,9,0,0,0,0,0,0,0,0,0,0,0,0,0,0,0,0,0,0,0,0,0,0,0,0,0,0,0
127,0,96,10,0,0,0,0,0,0,1,0,0,0,0,0,44,1,33,22,22,89,22,67,19,0,0,0,0,0,0,0,0,0,0,0,0,0,0,0,0,0,0,0,0,0,0,0,0,0,0,0
127,0,94,10,0,0,0,0,0,0,1,0,0,0,0,0,44,1,35,22,22,89,22,67,19,0,0,0,0,0,0,0,0,0,0,0,0,0,0,0,0,0,0,0,0,0,0,0,0,0,0,0
127,0,96,10,0,0,0,0,0,0,1,0,0,0,0,0,44,1,37,22,22,89,22,67,30,0,0,0,0,0,0,0,0,0,0,0,0,0,0,0,0,0,0,0,0,0,0,0,0,0,0,0
127,0,96,10,0,0,0,0,0,0,1,0,0,0,0,0,44,1,26,22,22,89,22,67,30,0,0,0,0,0,0,0,0,0,0,0,0,0,0,0,0,0,0,0,0,0,0,0,0,0,0,0
127,0,94,10,0,0,0,0,0,0,1,0,0,0,0,0,44,1,41,22,22,89,22,67,0,0,0,0,0,0,0,0,0,0,0,0,0,0,0,0,0,0,0,0,0,0,0,0,0,0,0,0
127,0,96,10,0,0,0,0,0,0,1,0,0,0,0,0,44,1,33,22,22,89,22,66,80,0,0,0,0,0,0,0,0,0,0,0,0,0,0,0,0,0,0,0,0,0,0,0,0,0,0,0
127,0,96,10,0,0,0,0,0,0,1,0,0,0,0,0,44,1,32,22,22,89,22,66,90,0,0,0,0,0,0,0,0,0,0,0,0,0,0,0,0,0,0,0,0,0,0,0,0,0,0,0
127,0,96,10,0,0,0,0,0,0,1,0,0,0,0,0,44,1,41,22,22,89,22,66,80,0,0,0,0,0,0,0,0,0,0,0,0,0,0,0,0,0,0,0,0,0,0,0,0,0,0,0
127,0,96,10,0,0,0,0,0,0,1,0,0,0,0,0,44,1,32,22,22,89,22,67,0,0,0,0,0,0,0,0,0,0,0,0,0,0,0,0,0,0,0,0,0,0,0,0,0,0,0,0
127,0,96,10,0,0,0,0,0,0,1,0,0,0,0,0,44,1,27,22,22,89,22,67,9,0,0,0,0,0,0,0,0,0,0,0,0,0,0,0,0,0,0,0,0,0,0,0,0,0,0,0
127,0,96,10,0,0,0,0,0,0,1,0,0,0,0,0,44,1,45,22,22,89,22,67,19,0,0,0,0,0,0,0,0,0,0,0,0,0,0,0,0,0,0,0,0,0,0,0,0,0,0,0
127,0,96,10,0,0,0,0,0,0,1,0,0,0,0,0,44,1,36,22,22,89,22,67,19,0,0,0,0,0,0,0,0,0,0,0,0,0,0,0,0,0,0,0,0,0,0,0,0,0,0,0
127,0,96,10,0,0,0,0,0,0,1,0,0,0,0,0,44,1,26,22,22,89,22,67,30,0,0,0,0,0,0,0,0,0,0,0,0,0,0,0,0,0,0,0,0,0,0,0,0,0,0,0
127,0,94,10,0,0,0,0,0,0,1,0,0,0,0,0,44,1,41,22,22,89,22,67,40,0,0,0,0,0,0,0,0,0,0,0,0,0,0,0,0,0,0,0,0,0,0,0,0,0,0,0
127,0,96,10,0,0,0,0,0,0,1,0,0,0,0,0,44,1,32,22,22,89,22,67,40,0,0,0,0,0,0,0,0,0,0,0,0,0,0,0,0,0,0,0,0,0,0,0,0,0,0,0
127,0,96,10,0,0,0,0,0,0,1,0,0,0,0,0,44,1,37,22,22,89,22,67,19,0,0,0,0,0,0,0,0,0,0,0,0,0,0,0,0,0,0,0,0,0,0,0,0,0,0,0
127,0,96,10,0,0,0,0,0,0,1,0,0,0,0,0,44,1,36,22,22,89,22,66,80,0,0,0,0,0,0,0,0,0,0,0,0,0,0,0,0,0,0,0,0,0,0,0,0,0,0,0
127,0,96,10,0,0,0,0,0,0,1,0,0,0,0,0,44,1,32,22,22,89,22,66,69,0,0,0,0,0,0,0,0,0,0,0,0,0,0,0,0,0,0,0,0,0,0,0,0,0,0,0
127,0,96,10,0,0,0,0,0,0,1,0,0,0,0,0,44,1,39,22,22,89,22,66,69,0,0,0,0,0,0,0,0,0,0,0,0,0,0,0,0,0,0,0,0,0,0,0,0,0,0,0
127,0,96,10,0,0,0,0,0,0,1,0,0,0,0,0,44,1,21,22,22,89,22,66,69,0,0,0,0,0,0,0,0,0,0,0,0,0,0,0,0,0,0,0,0,0,0,0,0,0,0,0
127,0,96,10,0,0,0,0,0,0,1,0,0,0,0,0,44,1,42,22,22,89,22,66,69,0,0,0,0,0,0,0,0,0,0,0,0,0,0,0,0,0,0,0,0,0,0,0,0,0,0,0
127,0,96,10,0,0,0,0,0,0,1,0,0,0,0,0,44,1,32,22,22,89,22,66,80,0,0,0,0,0,0,0,0,0,0,0,0,0,0,0,0,0,0,0,0,0,0,0,0,0,0,0
127,0,96,9,0,0,0,0,0,0,1,0,0,0,0,0,44,1,34,22,22,89,22,66,90,0,0,0,0,0,0,0,0,0,0,0,0,0,0,0,0,0,0,0,0,0,0,0,0,0,0,0
127,0,96,10,0,0,0,0,0,0,1,0,0,0,0,0,44,1,40,22,22,89,22,66,90,0,0,0,0,0,0,0,0,0,0,0,0,0,0,0,0,0,0,0,0,0,0,0,0,0,0,0
127,0,96,10,0,0,0,0,0,0,1,0,0,0,0,0,44,1,27,22,22,89,22,67,0,0,0,0,0,0,0,0,0,0,0,0,0,0,0,0,0,0,0,0,0,0,0,0,0,0,0,0
127,0,96,10,0,0,0,0,0,0,1,0,0,0,0,0,44,1,28,22,22,89,22,67,0,0,0,0,0,0,0,0,0,0,0,0,0,0,0,0,0,0,0,0,0,0,0,0,0,0,0,0
127,0,96,10,0,0,0,0,0,0,1,0,0,0,0,0,44,1,45,22,22,89,22,66,69,0,0,0,0,0,0,0,0,0,0,0,0,0,0,0,0,0,0,0,0,0,0,0,0,0,0,0
127,0,96,10,0,0,0,0,0,0,1,0,0,0,0,0,44,1,38,22,22,89,22,66,50,0,0,0,0,0,0,0,0,0,0,0,0,0,0,0,0,0,0,0,0,0,0,0,0,0,0,0
127,0,96,10,0,0,0,0,0,0,1,0,0,0,0,0,44,1,29,22,22,89,22,66,50,0,0,0,0,0,0,0,0,0,0,0,0,0,0,0,0,0,0,0,0,0,0,0,0,0,0,0
127,0,96,10,0,0,0,0,0,0,1,0,0,0,0,0,44,1,27,22,22,89,22,66,59,0,0,0,0,0,0,0,0,0,0,0,0,0,0,0,0,0,0,0,0,0,0,0,0,0,0,0
127,0,96,10,0,0,0,0,0,0,1,0,0,0,0,0,44,1,42,22,22,89,22,66,69,0,0,0,0,0,0,0,0,0,0,0,0,0,0,0,0,0,0,0,0,0,0,0,0,0,0,0
127,0,96,10,0,0,0,0,0,0,1,0,0,0,0,0,44,1,36,22,22,89,22,66,69,0,0,0,0,0,0,0,0,0,0,0,0,0,0,0,0,0,0,0,0,0,0,0,0,0,0,0
127,0,96,10,0,0,0,0,0,0,1,0,0,0,0,0,44,1,22,22,22,89,22,66,80,0,0,0,0,0,0,0,0,0,0,0,0,0,0,0,0,0,0,0,0,0,0,0,0,0,0,0
127,0,96,10,0,0,0,0,0,0,1,0,0,0,0,0,44,1,42,22,22,89,22,66,90,0,0,0,0,0,0,0,0,0,0,0,0,0,0,0,0,0,0,0,0,0,0,0,0,0,0,0
127,0,96,10,0,0,0,0,0,0,1,0,0,0,0,0,44,1,33,22,22,89,22,66,90,0,0,0,0,0,0,0,0,0,0,0,0,0,0,0,0,0,0,0,0,0,0,0,0,0,0,0
127,0,94,10,0,0,0,0,0,0,1,0,0,0,0,0,44,1,36,22,22,89,22,67,0,0,0,0,0,0,0,0,0,0,0,0,0,0,0,0,0,0,0,0,0,0,0,0,0,0,0,0
127,0,96,10,0,0,0,0,0,0,1,0,0,0,0,0,44,1,36,22,22,89,22,67,0,0,0,0,0,0,0,0,0,0,0,0,0,0,0,0,0,0,0,0,0,0,0,0,0,0,0,0
127,0,96,9,0,0,0,0,0,0,1,0,0,0,0,0,44,1,32,22,22,89,22,66,59,0,0,0,0,0,0,0,0,0,0,0,0,0,0,0,0,0,0,0,0,0,0,0,0,0,0,0
127,0,96,10,0,0,0,0,0,0,1,0,0,0,0,0,44,1,36,22,22,89,22,66,40,0,0,0,0,0,0,0,0,0,0,0,0,0,0,0,0,0,0,0,0,0,0,0,0,0,0,0
127,0,94,10,0,0,0,0,0,0,1,0,0,0,0,0,44,1,29,22,22,89,22,66,19,0,0,0,0,0,0,0,0,0,0,0,0,0,0,0,0,0,0,0,0,0,0,0,0,0,0,0
127,0,96,10,0,0,0,0,0,0,1,0,0,0,0,0,44,1,36,22,22,89,22,66,9,0,0,0,0,0,0,0,0,0,0,0,0,0,0,0,0,0,0,0,0,0,0,0,0,0,0,0
127,0,96,10,0,0,0,0,0,0,1,0,0,0,0,0,44,1,27,22,22,89,22,66,30,0,0,0,0,0,0,0,0,0,0,0,0,0,0,0,0,0,0,0,0,0,0,0,0,0,0,0
127,0,96,10,0,0,0,0,0,0,1,0,0,0,0,0,44,1,34,22,22,89,22,66,30,0,0,0,0,0,0,0,0,0,0,0,0,0,0,0,0,0,0,0,0,0,0,0,0,0,0,0
127,0,96,10,0,0,0,0,0,0,1,0,0,0,0,0,44,1,32,22,22,89,22,66,40,0,0,0,0,0,0,0,0,0,0,0,0,0,0,0,0,0,0,0,0,0,0,0,0,0,0,0
127,0,96,10,0,0,0,0,0,0,1,0,0,0,0,0,44,1,36,22,22,89,22,66,40,0,0,0,0,0,0,0,0,0,0,0,0,0,0,0,0,0,0,0,0,0,0,0,0,0,0,0
127,0,96,10,0,0,0,0,0,0,1,0,0,0,0,0,44,1,27,22,22,89,22,66,50,0,0,0,0,0,0,0,0,0,0,0,0,0,0,0,0,0,0,0,0,0,0,0,0,0,0,0
127,0,96,10,0,0,0,0,0,0,1,0,0,0,0,0,44,1,36,22,22,89,22,66,50,0,0,0,0,0,0,0,0,0,0,0,0,0,0,0,0,0,0,0,0,0,0,0,0,0,0,0
127,0,96,10,0,0,0,0,0,0,1,0,0,0,0,0,44,1,33,22,22,89,22,66,40,0,0,0,0,0,0,0,0,0,0,0,0,0,0,0,0,0,0,0,0,0,0,0,0,0,0,0
127,0,96,10,0,0,0,0,0,0,1,0,0,0,0,0,44,1,35,22,22,89,22,66,9,0,0,0,0,0,0,0,0,0,0,0,0,0,0,0,0,0,0,0,0,0,0,0,0,0,0,0
127,0,96,10,0,0,0,0,0,0,1,0,0,0,0,0,44,1,34,22,22,89,22,66,0,0,0,0,0,0,0,0,0,0,0,0,0,0,0,0,0,0,0,0,0,0,0,0,0,0,0,0
127,0,96,10,0,0,0,0,0,0,1,0,0,0,0,0,44,1,34,22,22,89,22,66,0,0,0,0,0,0,0,0,0,0,0,0,0,0,0,0,0,0,0,0,0,0,0,0,0,0,0,0
127,0,96,10,0,0,0,0,0,0,1,0,0,0,0,0,44,1,36,22,22,89,22,66,9,0,0,0,0,0,0,0,0,0,0,0,0,0,0,0,0,0,0,0,0,0,0,0,0,0,0,0
127,0,96,10,0,0,0,0,0,0,1,0,0,0,0,0,44,1,33,22,22,89,22,66,9,0,0,0,0,0,0,0,0,0,0,0,0,0,0,0,0,0,0,0,0,0,0,0,0,0,0,0
127,0,96,10,0,0,0,0,0,0,1,0,0,0,0,0,44,1,41,22,22,89,22,66,30,0,0,0,0,0,0,0,0,0,0,0,0,0,0,0,0,0,0,0,0,0,0,0,0,0,0,0
127,0,96,10,0,0,0,0,0,0,1,0,0,0,0,0,44,1,20,22,22,89,22,66,40,0,0,0,0,0,0,0,0,0,0,0,0,0,0,0,0,0,0,0,0,0,0,0,0,0,0,0
127,0,96,10,0,0,0,0,0,0,1,0,0,0,0,0,44,1,40,22,22,89,22,66,50,0,0,0,0,0,0,0,0,0,0,0,0,0,0,0,0,0,0,0,0,0,0,0,0,0,0,0
127,0,96,10,0,0,0,0,0,0,1,0,0,0,0,0,44,1,17,22,22,89,22,66,59,0,0,0,0,0,0,0,0,0,0,0,0,0,0,0,0,0,0,0,0,0,0,0,0,0,0,0
127,0,96,10,0,0,0,0,0,0,1,0,0,0,0,0,44,1,40,22,22,89,22,66,59,0,0,0,0,0,0,0,0,0,0,0,0,0,0,0,0,0,0,0,0,0,0,0,0,0,0,0
127,0,96,10,0,0,0,0,0,0,1,0,0,0,0,0,44,1,21,22,22,89,22,66,40,0,0,0,0,0,0,0,0,0,0,0,0,0,0,0,0,0,0,0,0,0,0,0,0,0,0,0
127,0,96,11,0,0,0,0,0,0,1,0,0,0,0,0,44,1,42,22,22,89,22,66,30,0,0,0,0,0,0,0,0,0,0,0,0,0,0,0,0,0,0,0,0,0,0,0,0,0,0,0
127,0,96,10,0,0,0,0,0,0,1,0,0,0,0,0,44,1,35,22,22,89,22,66,19,0,0,0,0,0,0,0,0,0,0,0,0,0,0,0,0,0,0,0,0,0,0,0,0,0,0,0
127,0,96,10,0,0,0,0,0,0,1,0,0,0,0,0,44,1,21,22,22,89,22,66,19,0,0,0,0,0,0,0,0,0,0,0,0,0,0,0,0,0,0,0,0,0,0,0,0,0,0,0
127,0,96,10,0,0,0,0,0,0,1,0,0,0,0,0,44,1,41,22,22,89,22,66,30,0,0,0,0,0,0,0,0,0,0,0,0,0,0,0,0,0,0,0,0,0,0,0,0,0,0,0
127,0,96,10,0,0,0,0,0,0,1,0,0,0,0,0,44,1,38,22,22,79,22,66,30,0,0,0,0,0,0,0,0,0,0,0,0,0,0,0,0,0,0,0,0,0,0,0,0,0,0,0
127,0,96,10,0,0,0,0,0,0,1,0,0,0,0,0,44,1,34,22,22,89,22,66,50,0,0,0,0,0,0,0,0,0,0,0,0,0,0,0,0,0,0,0,0,0,0,0,0,0,0,0
127,0,96,10,0,0,0,0,0,0,1,0,0,0,0,0,44,1,18,22,22,89,22,66,50,0,0,0,0,0,0,0,0,0,0,0,0,0,0,0,0,0,0,0,0,0,0,0,0,0,0,0
127,0,96,10,0,0,0,0,0,0,1,0,0,0,0,0,44,1,36,22,22,89,22,66,59,0,0,0,0,0,0,0,0,0,0,0,0,0,0,0,0,0,0,0,0,0,0,0,0,0,0,0
127,0,94,10,0,0,0,0,0,0,1,0,0,0,0,0,44,1,39,22,22,79,22,66,59,0,0,0,0,0,0,0,0,0,0,0,0,0,0,0,0,0,0,0,0,0,0,0,0,0,0,0
127,0,96,10,0,0,0,0,0,0,1,0,0,0,0,0,44,1,27,22,22,79,22,66,69,0,0,0,0,0,0,0,0,0,0,0,0,0,0,0,0,0,0,0,0,0,0,0,0,0,0,0
127,0,96,10,0,0,0,0,0,0,1,0,0,0,0,0,44,1,35,22,22,79,22,66,59,0,0,0,0,0,0,0,0,0,0,0,0,0,0,0,0,0,0,0,0,0,0,0,0,0,0,0
127,0,96,10,0,0,0,0,0,0,1,0,0,0,0,0,44,1,36,22,22,79,22,66,30,0,0,0,0,0,0,0,0,0,0,0,0,0,0,0,0,0,0,0,0,0,0,0,0,0,0,0
127,0,96,10,0,0,0,0,0,0,1,0,0,0,0,0,44,1,27,22,22,89,22,66,30,0,0,0,0,0,0,0,0,0,0,0,0,0,0,0,0,0,0,0,0,0,0,0,0,0,0,0
127,0,96,10,0,0,0,0,0,0,1,0,0,0,0,0,44,1,36,22,22,79,22,66,19,0,0,0,0,0,0,0,0,0,0,0,0,0,0,0,0,0,0,0,0,0,0,0,0,0,0,0
127,0,96,10,0,0,0,0,0,0,1,0,0,0,0,0,44,1,27,22,22,89,22,66,50,0,0,0,0,0,0,0,0,0,0,0,0,0,0,0,0,0,0,0,0,0,0,0,0,0,0,0
127,0,96,10,0,0,0,0,0,0,1,0,0,0,0,0,44,1,35,22,22,79,22,66,40,0,0,0,0,0,0,0,0,0,0,0,0,0,0,0,0,0,0,0,0,0,0,0,0,0,0,0
127,0,96,10,0,0,0,0,0,0,1,0,0,0,0,0,44,1,37,22,22,79,22,66,59,0,0,0,0,0,0,0,0,0,0,0,0,0,0,0,0,0,0,0,0,0,0,0,0,0,0,0
127,0,96,10,0,0,0,0,0,0,1,0,0,0,0,0,44,1,24,22,22,79,22,66,69,0,0,0,0,0,0,0,0,0,0,0,0,0,0,0,0,0,0,0,0,0,0,0,0,0,0,0
127,0,96,10,0,0,0,0,0,0,1,0,0,0,0,0,44,1,38,22,22,79,22,66,80,0,0,0,0,0,0,0,0,0,0,0,0,0,0,0,0,0,0,0,0,0,0,0,0,0,0,0
127,0,96,10,0,0,0,0,0,0,1,0,0,0,0,0,44,1,22,22,22,79,22,66,90,0,0,0,0,0,0,0,0,0,0,0,0,0,0,0,0,0,0,0,0,0,0,0,0,0,0,0
127,0,96,10,0,0,0,0,0,0,1,0,0,0,0,0,44,1,36,22,22,79,22,66,90,0,0,0,0,0,0,0,0,0,0,0,0,0,0,0,0,0,0,0,0,0,0,0,0,0,0,0
127,0,96,10,0,0,0,0,0,0,1,0,0,0,0,0,44,1,36,22,22,79,22,66,69,0,0,0,0,0,0,0,0,0,0,0,0,0,0,0,0,0,0,0,0,0,0,0,0,0,0,0
127,0,96,10,0,0,0,0,0,0,1,0,0,0,0,0,44,1,30,22,22,79,22,66,40,0,0,0,0,0,0,0,0,0,0,0,0,0,0,0,0,0,0,0,0,0,0,0,0,0,0,0
127,0,94,10,0,0,0,0,0,0,1,0,0,0,0,0,44,1,42,22,22,79,22,66,40,0,0,0,0,0,0,0,0,0,0,0,0,0,0,0,0,0,0,0,0,0,0,0,0,0,0,0
127,0,96,10,0,0,0,0,0,0,1,0,0,0,0,0,44,1,22,22,22,79,22,66,40,0,0,0,0,0,0,0,0,0,0,0,0,0,0,0,0,0,0,0,0,0,0,0,0,0,0,0
127,0,96,10,0,0,0,0,0,0,1,0,0,0,0,0,44,1,40,22,22,79,22,66,50,0,0,0,0,0,0,0,0,0,0,0,0,0,0,0,0,0,0,0,0,0,0,0,0,0,0,0
127,0,96,10,0,0,0,0,0,0,1,0,0,0,0,0,44,1,18,22,22,79,22,66,59,0,0,0,0,0,0,0,0,0,0,0,0,0,0,0,0,0,0,0,0,0,0,0,0,0,0,0
127,0,96,10,0,0,0,0,0,0,1,0,0,0,0,0,44,1,38,22,22,79,22,66,69,0,0,0,0,0,0,0,0,0,0,0,0,0,0,0,0,0,0,0,0,0,0,0,0,0,0,0
127,0,96,10,0,0,0,0,0,0,1,0,0,0,0,0,44,1,18,22,22,79,22,66,80,0,0,0,0,0,0,0,0,0,0,0,0,0,0,0,0,0,0,0,0,0,0,0,0,0,0,0
127,0,96,11,0,0,0,0,0,0,1,0,0,0,0,0,44,1,40,22,22,79,22,66,90,0,0,0,0,0,0,0,0,0,0,0,0,0,0,0,0,0,0,0,0,0,0,0,0,0,0,0
127,0,96,10,0,0,0,0,0,0,1,0,0,0,0,0,44,1,18,22,22,79,22,66,90,0,0,0,0,0,0,0,0,0,0,0,0,0,0,0,0,0,0,0,0,0,0,0,0,0,0,0
127,0,96,10,0,0,0,0,0,0,1,0,0,0,0,0,44,1,38,22,22,79,22,67,0,0,0,0,0,0,0,0,0,0,0,0,0,0,0,0,0,0,0,0,0,0,0,0,0,0,0,0
127,0,96,10,0,0,0,0,0,0,1,0,0,0,0,0,44,1,25,22,22,79,22,66,80,0,0,0,0,0,0,0,0,0,0,0,0,0,0,0,0,0,0,0,0,0,0,0,0,0,0,0
127,0,96,10,0,0,0,0,0,0,1,0,0,0,0,0,44,1,36,22,22,89,22,66,69,0,0,0,0,0,0,0,0,0,0,0,0,0,0,0,0,0,0,0,0,0,0,0,0,0,0,0
127,0,96,10,0,0,0,0,0,0,1,0,0,0,0,0,44,1,32,22,22,79,22,66,59,0,0,0,0,0,0,0,0,0,0,0,0,0,0,0,0,0,0,0,0,0,0,0,0,0,0,0
127,0,96,10,0,0,0,0,0,0,1,0,0,0,0,0,44,1,35,22,22,79,22,66,59,0,0,0,0,0,0,0,0,0,0,0,0,0,0,0,0,0,0,0,0,0,0,0,0,0,0,0
127,0,96,10,0,0,0,0,0,0,1,0,0,0,0,0,44,1,34,22,22,79,22,66,69,0,0,0,0,0,0,0,0,0,0,0,0,0,0,0,0,0,0,0,0,0,0,0,0,0,0,0
127,0,96,10,0,0,0,0,0,0,1,0,0,0,0,0,44,1,35,22,22,79,22,66,80,0,0,0,0,0,0,0,0,0,0,0,0,0,0,0,0,0,0,0,0,0,0,0,0,0,0,0
127,0,96,10,0,0,0,0,0,0,1,0,0,0,0,0,44,1,32,22,22,79,22,66,90,0,0,0,0,0,0,0,0,0,0,0,0,0,0,0,0,0,0,0,0,0,0,0,0,0,0,0
127,0,96,10,0,0,0,0,0,0,1,0,0,0,0,0,44,1,36,22,22,79,22,66,90,0,0,0,0,0,0,0,0,0,0,0,0,0,0,0,0,0,0,0,0,0,0,0,0,0,0,0
127,0,96,10,0,0,0,0,0,0,1,0,0,0,0,0,44,1,25,22,22,79,22,67,0,0,0,0,0,0,0,0,0,0,0,0,0,0,0,0,0,0,0,0,0,0,0,0,0,0,0,0
127,0,96,10,0,0,0,0,0,0,1,0,0,0,0,0,44,1,38,22,22,79,22,67,19,0,0,0,0,0,0,0,0,0,0,0,0,0,0,0,0,0,0,0,0,0,0,0,0,0,0,0
127,0,96,10,0,0,0,0,0,0,1,0,0,0,0,0,44,1,18,22,22,79,22,67,30,0,0,0,0,0,0,0,0,0,0,0,0,0,0,0,0,0,0,0,0,0,0,0,0,0,0,0
127,0,96,10,0,0,0,0,0,0,1,0,0,0,0,0,44,1,41,22,22,79,22,67,0,0,0,0,0,0,0,0,0,0,0,0,0,0,0,0,0,0,0,0,0,0,0,0,0,0,0,0
127,0,96,10,0,0,0,0,0,0,1,0,0,0,0,0,44,1,29,22,22,79,22,66,80,0,0,0,0,0,0,0,0,0,0,0,0,0,0,0,0,0,0,0,0,0,0,0,0,0,0,0
127,0,94,10,0,0,0,0,0,0,1,0,0,0,0,0,44,1,34,22,22,79,22,66,80,0,0,0,0,0,0,0,0,0,0,0,0,0,0,0,0,0,0,0,0,0,0,0,0,0,0,0
127,0,96,10,0,0,0,0,0,0,1,0,0,0,0,0,44,1,37,22,22,79,22,66,90,0,0,0,0,0,0,0,0,0,0,0,0,0,0,0,0,0,0,0,0,0,0,0,0,0,0,0
127,0,96,10,0,0,0,0,0,0,1,0,0,0,0,0,44,1,20,22,22,79,22,67,0,0,0,0,0,0,0,0,0,0,0,0,0,0,0,0,0,0,0,0,0,0,0,0,0,0,0,0
127,0,96,10,0,0,0,0,0,0,1,0,0,0,0,0,44,1,38,22,22,79,22,67,0,0,0,0,0,0,0,0,0,0,0,0,0,0,0,0,0,0,0,0,0,0,0,0,0,0,0,0
127,0,96,10,0,0,0,0,0,0,1,0,0,0,0,0,44,1,36,22,22,79,22,67,19,0,0,0,0,0,0,0,0,0,0,0,0,0,0,0,0,0,0,0,0,0,0,0,0,0,0,0
127,0,96,10,0,0,0,0,0,0,1,0,0,0,0,0,44,1,20,22,22,79,22,67,19,0,0,0,0,0,0,0,0,0,0,0,0,0,0,0,0,0,0,0,0,0,0,0,0,0,0,0
127,0,96,10,0,0,0,0,0,0,1,0,0,0,0,0,44,1,40,22,22,79,22,67,30,0,0,0,0,0,0,0,0,0,0,0,0,0,0,0,0,0,0,0,0,0,0,0,0,0,0,0
127,0,96,10,0,0,0,0,0,0,1,0,0,0,0,0,44,1,22,22,22,79,22,67,30,0,0,0,0,0,0,0,0,0,0,0,0,0,0,0,0,0,0,0,0,0,0,0,0,0,0,0
127,0,96,10,0,0,0,0,0,0,1,0,0,0,0,0,44,1,41,22,22,79,22,67,30,0,0,0,0,0,0,0,0,0,0,0,0,0,0,0,0,0,0,0,0,0,0,0,0,0,0,0
127,0,96,10,0,0,0,0,0,0,1,0,0,0,0,0,44,1,21,22,22,79,22,67,19,0,0,0,0,0,0,0,0,0,0,0,0,0,0,0,0,0,0,0,0,0,0,0,0,0,0,0
127,0,96,10,0,0,0,0,0,0,1,0,0,0,0,0,44,1,40,22,22,79,22,67,0,0,0,0,0,0,0,0,0,0,0,0,0,0,0,0,0,0,0,0,0,0,0,0,0,0,0,0
127,0,96,10,0,0,0,0,0,0,1,0,0,0,0,0,44,1,21,22,22,79,22,67,0,0,0,0,0,0,0,0,0,0,0,0,0,0,0,0,0,0,0,0,0,0,0,0,0,0,0,0
127,0,96,10,0,0,0,0,0,0,1,0,0,0,0,0,44,1,37,22,22,79,22,67,0,0,0,0,0,0,0,0,0,0,0,0,0,0,0,0,0,0,0,0,0,0,0,0,0,0,0,0
127,0,96,10,0,0,0,0,0,0,1,0,0,0,0,0,44,1,32,22,22,79,22,67,9,0,0,0,0,0,0,0,0,0,0,0,0,0,0,0,0,0,0,0,0,0,0,0,0,0,0,0
127,0,96,10,0,0,0,0,0,0,1,0,0,0,0,0,44,1,34,22,22,79,22,67,19,0,0,0,0,0,0,0,0,0,0,0,0,0,0,0,0,0,0,0,0,0,0,0,0,0,0,0
127,0,96,10,0,0,0,0,0,0,1,0,0,0,0,0,44,1,37,22,22,79,22,67,30,0,0,0,0,0,0,0,0,0,0,0,0,0,0,0,0,0,0,0,0,0,0,0,0,0,0,0
127,0,96,10,0,0,0,0,0,0,1,0,0,0,0,0,44,1,32,22,22,79,22,67,30,0,0,0,0,0,0,0,0,0,0,0,0,0,0,0,0,0,0,0,0,0,0,0,0,0,0,0
127,0,96,10,0,0,0,0,0,0,1,0,0,0,0,0,44,1,42,22,22,79,22,67,40,0,0,0,0,0,0,0,0,0,0,0,0,0,0,0,0,0,0,0,0,0,0,0,0,0,0,0
127,0,96,10,0,0,0,0,0,0,1,0,0,0,0,0,44,1,27,22,22,79,22,67,40,0,0,0,0,0,0,0,0,0,0,0,0,0,0,0,0,0,0,0,0,0,0,0,0,0,0,0
127,0,96,10,0,0,0,0,0,0,1,0,0,0,0,0,44,1,42,22,22,79,22,67,30,0,0,0,0,0,0,0,0,0,0,0,0,0,0,0,0,0,0,0,0,0,0,0,0,0,0,0
127,0,96,10,0,0,0,0,0,0,1,0,0,0,0,0,44,1,27,22,22,79,22,67,9,0,0,0,0,0,0,0,0,0,0,0,0,0,0,0,0,0,0,0,0,0,0,0,0,0,0,0
127,0,96,10,0,0,0,0,0,0,1,0,0,0,0,0,44,1,41,22,22,79,22,66,90,0,0,0,0,0,0,0,0,0,0,0,0,0,0,0,0,0,0,0,0,0,0,0,0,0,0,0
127,0,96,9,0,0,0,0,0,0,1,0,0,0,0,0,44,1,33,22,22,79,22,66,90,0,0,0,0,0,0,0,0,0,0,0,0,0,0,0,0,0,0,0,0,0,0,0,0,0,0,0
127,0,96,10,0,0,0,0,0,0,1,0,0,0,0,0,44,1,35,22,22,79,22,66,90,0,0,0,0,0,0,0,0,0,0,0,0,0,0,0,0,0,0,0,0,0,0,0,0,0,0,0
127,0,96,10,0,0,0,0,0,0,1,0,0,0,0,0,44,1,36,22,22,79,22,66,90,0,0,0,0,0,0,0,0,0,0,0,0,0,0,0,0,0,0,0,0,0,0,0,0,0,0,0
127,0,96,10,0,0,0,0,0,0,1,0,0,0,0,0,44,1,30,22,22,79,22,67,9,0,0,0,0,0,0,0,0,0,0,0,0,0,0,0,0,0,0,0,0,0,0,0,0,0,0,0
127,0,96,10,0,0,0,0,0,0,1,0,0,0,0,0,44,1,36,22,22,79,22,67,19,0,0,0,0,0,0,0,0,0,0,0,0,0,0,0,0,0,0,0,0,0,0,0,0,0,0,0
127,0,96,10,0,0,0,0,0,0,1,0,0,0,0,0,44,1,25,22,22,79,22,67,30,0,0,0,0,0,0,0,0,0,0,0,0,0,0,0,0,0,0,0,0,0,0,0,0,0,0,0
127,0,96,10,0,0,0,0,0,0,1,0,0,0,0,0,44,1,40,22,22,79,22,67,30,0,0,0,0,0,0,0,0,0,0,0,0,0,0,0,0,0,0,0,0,0,0,0,0,0,0,0
127,0,96,10,0,0,0,0,0,0,1,0,0,0,0,0,44,1,33,22,22,79,22,67,40,0,0,0,0,0,0,0,0,0,0,0,0,0,0,0,0,0,0,0,0,0,0,0,0,0,0,0
127,0,96,10,0,0,0,0,0,0,1,0,0,0,0,0,44,1,25,22,22,79,22,67,40,0,0,0,0,0,0,0,0,0,0,0,0,0,0,0,0,0,0,0,0,0,0,0,0,0,0,0
127,0,96,10,0,0,0,0,0,0,1,0,0,0,0,0,44,1,42,22,22,79,22,67,9,0,0,0,0,0,0,0,0,0,0,0,0,0,0,0,0,0,0,0,0,0,0,0,0,0,0,0
127,0,96,10,0,0,0,0,0,0,1,0,0,0,0,0,44,1,38,22,22,79,22,67,0,0,0,0,0,0,0,0,0,0,0,0,0,0,0,0,0,0,0,0,0,0,0,0,0,0,0,0
127,0,96,10,0,0,0,0,0,0,1,0,0,0,0,0,44,1,33,22,22,79,22,67,0,0,0,0,0,0,0,0,0,0,0,0,0,0,0,0,0,0,0,0,0,0,0,0,0,0,0,0
127,0,96,10,0,0,0,0,0,0,1,0,0,0,0,0,44,1,18,22,22,79,22,67,0,0,0,0,0,0,0,0,0,0,0,0,0,0,0,0,0,0,0,0,0,0,0,0,0,0,0,0
127,0,96,10,0,0,0,0,0,0,1,0,0,0,0,0,44,1,30,22,22,79,22,67,19,0,0,0,0,0,0,0,0,0,0,0,0,0,0,0,0,0,0,0,0,0,0,0,0,0,0,0
127,0,96,10,0,0,0,0,0,0,1,0,0,0,0,0,44,1,41,22,22,79,22,67,19,0,0,0,0,0,0,0,0,0,0,0,0,0,0,0,0,0,0,0,0,0,0,0,0,0,0,0
127,0,96,10,0,0,0,0,0,0,1,0,0,0,0,0,44,1,37,22,22,79,22,67,19,0,0,0,0,0,0,0,0,0,0,0,0,0,0,0,0,0,0,0,0,0,0,0,0,0,0,0
127,0,96,10,0,0,0,0,0,0,1,0,0,0,0,0,44,1,32,22,22,79,22,67,30,0,0,0,0,0,0,0,0,0,0,0,0,0,0,0,0,0,0,0,0,0,0,0,0,0,0,0
127,0,96,10,0,0,0,0,0,0,1,0,0,0,0,0,44,1,18,22,22,79,22,67,40,0,0,0,0,0,0,0,0,0,0,0,0,0,0,0,0,0,0,0,0,0,0,0,0,0,0,0
127,0,96,10,0,0,0,0,0,0,1,0,0,0,0,0,44,1,27,22,22,79,22,67,40,0,0,0,0,0,0,0,0,0,0,0,0,0,0,0,0,0,0,0,0,0,0,0,0,0,0,0
127,0,96,10,0,0,0,0,0,0,1,0,0,0,0,0,44,1,41,22,22,79,22,67,30,0,0,0,0,0,0,0,0,0,0,0,0,0,0,0,0,0,0,0,0,0,0,0,0,0,0,0
127,0,96,10,0,0,0,0,0,0,1,0,0,0,0,0,44,1,40,22,22,79,22,66,90,0,0,0,0,0,0,0,0,0,0,0,0,0,0,0,0,0,0,0,0,0,0,0,0,0,0,0
127,0,96,10,0,0,0,0,0,0,1,0,0,0,0,0,44,1,36,22,22,79,22,66,69,0,0,0,0,0,0,0,0,0,0,0,0,0,0,0,0,0,0,0,0,0,0,0,0,0,0,0
127,0,96,9,0,0,0,0,0,0,1,0,0,0,0,0,44,1,27,22,22,79,22,66,69,0,0,0,0,0,0,0,0,0,0,0,0,0,0,0,0,0,0,0,0,0,0,0,0,0,0,0
127,0,96,10,0,0,0,0,0,0,1,0,0,0,0,0,44,1,25,22,22,79,22,66,69,0,0,0,0,0,0,0,0,0,0,0,0,0,0,0,0,0,0,0,0,0,0,0,0,0,0,0
127,0,98,10,0,0,0,0,0,0,1,0,0,0,0,0,44,1,40,22,22,79,22,66,80,0,0,0,0,0,0,0,0,0,0,0,0,0,0,0,0,0,0,0,0,0,0,0,0,0,0,0
127,0,96,10,0,0,0,0,0,0,1,0,0,0,0,0,44,1,34,22,22,79,22,66,90,0,0,0,0,0,0,0,0,0,0,0,0,0,0,0,0,0,0,0,0,0,0,0,0,0,0,0
127,0,96,10,0,0,0,0,0,0,1,0,0,0,0,0,44,1,23,22,22,79,22,67,0,0,0,0,0,0,0,0,0,0,0,0,0,0,0,0,0,0,0,0,0,0,0,0,0,0,0,0
127,0,96,10,0,0,0,0,0,0,1,0,0,0,0,0,44,1,40,22,22,79,22,67,19,0,0,0,0,0,0,0,0,0,0,0,0,0,0,0,0,0,0,0,0,0,0,0,0,0,0,0
127,0,94,10,0,0,0,0,0,0,1,0,0,0,0,0,44,1,23,22,22,79,22,67,30,0,0,0,0,0,0,0,0,0,0,0,0,0,0,0,0,0,0,0,0,0,0,0,0,0,0,0
127,0,96,10,0,0,0,0,0,0,1,0,0,0,0,0,44,1,42,22,22,79,22,67,30,0,0,0,0,0,0,0,0,0,0,0,0,0,0,0,0,0,0,0,0,0,0,0,0,0,0,0
127,0,96,9,0,0,0,0,0,0,1,0,0,0,0,0,44,1,34,22,22,79,22,67,30,0,0,0,0,0,0,0,0,0,0,0,0,0,0,0,0,0,0,0,0,0,0,0,0,0,0,0
127,0,96,10,0,0,0,0,0,0,1,0,0,0,0,0,44,1,26,22,22,79,22,66,90,0,0,0,0,0,0,0,0,0,0,0,0,0,0,0,0,0,0,0,0,0,0,0,0,0,0,0
127,0,96,10,0,0,0,0,0,0,1,0,0,0,0,0,44,1,40,22,22,79,22,66,80,0,0,0,0,0,0,0,0,0,0,0,0,0,0,0,0,0,0,0,0,0,0,0,0,0,0,0
127,0,96,10,0,0,0,0,0,0,1,0,0,0,0,0,44,1,32,22,22,79,22,66,80,0,0,0,0,0,0,0,0,0,0,0,0,0,0,0,0,0,0,0,0,0,0,0,0,0,0,0
127,0,96,10,0,0,0,0,0,0,1,0,0,0,0,0,44,1,26,22,22,79,22,66,90,0,0,0,0,0,0,0,0,0,0,0,0,0,0,0,0,0,0,0,0,0,0,0,0,0,0,0
127,0,96,10,0,0,0,0,0,0,1,0,0,0,0,0,44,1,41,22,22,79,22,66,90,0,0,0,0,0,0,0,0,0,0,0,0,0,0,0,0,0,0,0,0,0,0,0,0,0,0,0
127,0,96,10,0,0,0,0,0,0,1,0,0,0,0,0,44,1,34,22,22,79,22,67,0,0,0,0,0,0,0,0,0,0,0,0,0,0,0,0,0,0,0,0,0,0,0,0,0,0,0,0
127,0,96,10,0,0,0,0,0,0,1,0,0,0,0,0,44,1,22,22,22,79,22,67,0,0,0,0,0,0,0,0,0,0,0,0,0,0,0,0,0,0,0,0,0,0,0,0,0,0,0,0
127,0,96,10,0,0,0,0,0,0,1,0,0,0,0,0,44,1,41,22,22,79,22,67,19,0,0,0,0,0,0,0,0,0,0,0,0,0,0,0,0,0,0,0,0,0,0,0,0,0,0,0
127,0,96,10,0,0,0,0,0,0,1,0,0,0,0,0,44,1,36,22,22,79,22,67,30,0,0,0,0,0,0,0,0,0,0,0,0,0,0,0,0,0,0,0,0,0,0,0,0,0,0,0
127,0,96,10,0,0,0,0,0,0,1,0,0,0,0,0,44,1,18,22,22,79,22,67,9,0,0,0,0,0,0,0,0,0,0,0,0,0,0,0,0,0,0,0,0,0,0,0,0,0,0,0
127,0,96,10,0,0,0,0,0,0,1,0,0,0,0,0,44,1,38,22,22,79,22,66,69,0,0,0,0,0,0,0,0,0,0,0,0,0,0,0,0,0,0,0,0,0,0,0,0,0,0,0
127,0,96,10,0,0,0,0,0,0,1,0,0,0,0,0,44,1,37,22,22,79,22,66,59,0,0,0,0,0,0,0,0,0,0,0,0,0,0,0,0,0,0,0,0,0,0,0,0,0,0,0
127,0,96,10,0,0,0,0,0,0,1,0,0,0,0,0,44,1,18,22,22,79,22,66,40,0,0,0,0,0,0,0,0,0,0,0,0,0,0,0,0,0,0,0,0,0,0,0,0,0,0,0
127,0,96,10,0,0,0,0,0,0,1,0,0,0,0,0,44,1,42,22,22,79,22,66,30,0,0,0,0,0,0,0,0,0,0,0,0,0,0,0,0,0,0,0,0,0,0,0,0,0,0,0
127,0,96,10,0,0,0,0,0,0,1,0,0,0,0,0,44,1,34,22,22,79,22,66,59,0,0,0,0,0,0,0,0,0,0,0,0,0,0,0,0,0,0,0,0,0,0,0,0,0,0,0
127,0,96,10,0,0,0,0,0,0,1,0,0,0,0,0,44,1,27,22,22,79,22,66,69,0,0,0,0,0,0,0,0,0,0,0,0,0,0,0,0,0,0,0,0,0,0,0,0,0,0,0
127,0,96,10,0,0,0,0,0,0,1,0,0,0,0,0,44,1,37,22,22,79,22,66,80,0,0,0,0,0,0,0,0,0,0,0,0,0,0,0,0,0,0,0,0,0,0,0,0,0,0,0
127,0,96,10,0,0,0,0,0,0,1,0,0,0,0,0,44,1,18,22,22,79,22,66,80,0,0,0,0,0,0,0,0,0,0,0,0,0,0,0,0,0,0,0,0,0,0,0,0,0,0,0
127,0,96,10,0,0,0,0,0,0,1,0,0,0,0,0,44,1,40,22,22,79,22,66,90,0,0,0,0,0,0,0,0,0,0,0,0,0,0,0,0,0,0,0,0,0,0,0,0,0,0,0
127,0,96,10,0,0,0,0,0,0,1,0,0,0,0,0,44,1,24,22,22,79,22,67,0,0,0,0,0,0,0,0,0,0,0,0,0,0,0,0,0,0,0,0,0,0,0,0,0,0,0,0
127,0,96,10,0,0,0,0,0,0,1,0,0,0,0,0,44,1,42,22,22,79,22,67,0,0,0,0,0,0,0,0,0,0,0,0,0,0,0,0,0,0,0,0,0,0,0,0,0,0,0,0
127,0,96,10,0,0,0,0,0,0,1,0,0,0,0,0,44,1,28,22,22,79,22,66,90,0,0,0,0,0,0,0,0,0,0,0,0,0,0,0,0,0,0,0,0,0,0,0,0,0,0,0
127,0,96,10,0,0,0,0,0,0,1,0,0,0,0,0,44,1,39,22,22,79,22,66,69,0,0,0,0,0,0,0,0,0,0,0,0,0,0,0,0,0,0,0,0,0,0,0,0,0,0,0
127,0,96,10,0,0,0,0,0,0,1,0,0,0,0,0,44,1,33,22,22,79,22,66,59,0,0,0,0,0,0,0,0,0,0,0,0,0,0,0,0,0,0,0,0,0,0,0,0,0,0,0
127,0,96,10,0,0,0,0,0,0,1,0,0,0,0,0,44,1,34,22,22,79,22,66,59,0,0,0,0,0,0,0,0,0,0,0,0,0,0,0,0,0,0,0,0,0,0,0,0,0,0,0
127,0,96,10,0,0,0,0,0,0,1,0,0,0,0,0,44,1,35,22,22,70,22,66,59,0,0,0,0,0,0,0,0,0,0,0,0,0,0,0,0,0,0,0,0,0,0,0,0,0,0,0
127,0,96,10,0,0,0,0,0,0,1,0,0,0,0,0,44,1,27,22,22,79,22,66,80,0,0,0,0,0,0,0,0,0,0,0,0,0,0,0,0,0,0,0,0,0,0,0,0,0,0,0
127,0,96,10,0,0,0,0,0,0,1,0,0,0,0,0,44,1,33,22,22,79,22,66,80,0,0,0,0,0,0,0,0,0,0,0,0,0,0,0,0,0,0,0,0,0,0,0,0,0,0,0
127,0,96,10,0,0,0,0,0,0,1,0,0,0,0,0,44,1,37,22,22,70,22,66,80,0,0,0,0,0,0,0,0,0,0,0,0,0,0,0,0,0,0,0,0,0,0,0,0,0,0,0
127,0,96,9,0,0,0,0,0,0,1,0,0,0,0,0,44,1,33,22,22,70,22,66,90,0,0,0,0,0,0,0,0,0,0,0,0,0,0,0,0,0,0,0,0,0,0,0,0,0,0,0
127,0,96,10,0,0,0,0,0,0,1,0,0,0,0,0,44,1,41,22,22,70,22,67,0,0,0,0,0,0,0,0,0,0,0,0,0,0,0,0,0,0,0,0,0,0,0,0,0,0,0,0
127,0,96,10,0,0,0,0,0,0,1,0,0,0,0,0,44,1,32,22,22,70,22,67,9,0,0,0,0,0,0,0,0,0,0,0,0,0,0,0,0,0,0,0,0,0,0,0,0,0,0,0
127,0,96,10,0,0,0,0,0,0,1,0,0,0,0,0,44,1,39,22,22,79,22,67,0,0,0,0,0,0,0,0,0,0,0,0,0,0,0,0,0,0,0,0,0,0,0,0,0,0,0,0
127,0,96,10,0,0,0,0,0,0,1,0,0,0,0,0,44,1,33,22,22,70,22,66,80,0,0,0,0,0,0,0,0,0,0,0,0,0,0,0,0,0,0,0,0,0,0,0,0,0,0,0
127,0,96,10,0,0,0,0,0,0,1,0,0,0,0,0,44,1,38,22,22,70,22,66,69,0,0,0,0,0,0,0,0,0,0,0,0,0,0,0,0,0,0,0,0,0,0,0,0,0,0,0
127,0,96,10,0,0,0,0,0,0,1,0,0,0,0,0,44,1,34,22,22,70,22,66,80,0,0,0,0,0,0,0,0,0,0,0,0,0,0,0,0,0,0,0,0,0,0,0,0,0,0,0
127,0,96,10,0,0,0,0,0,0,1,0,0,0,0,0,44,1,35,22,22,70,22,66,90,0,0,0,0,0,0,0,0,0,0,0,0,0,0,0,0,0,0,0,0,0,0,0,0,0,0,0
127,0,96,10,0,0,0,0,0,0,1,0,0,0,0,0,44,1,35,22,22,70,22,66,90,0,0,0,0,0,0,0,0,0,0,0,0,0,0,0,0,0,0,0,0,0,0,0,0,0,0,0
127,0,96,10,0,0,0,0,0,0,1,0,0,0,0,0,44,1,30,22,22,70,22,66,90,0,0,0,0,0,0,0,0,0,0,0,0,0,0,0,0,0,0,0,0,0,0,0,0,0,0,0
127,0,96,10,0,0,0,0,0,0,1,0,0,0,0,0,44,1,36,22,22,70,22,67,0,0,0,0,0,0,0,0,0,0,0,0,0,0,0,0,0,0,0,0,0,0,0,0,0,0,0,0
127,0,96,10,0,0,0,0,0,0,1,0,0,0,0,0,44,1,25,22,22,70,22,67,0,0,0,0,0,0,0,0,0,0,0,0,0,0,0,0,0,0,0,0,0,0,0,0,0,0,0,0
127,0,96,10,0,0,0,0,0,0,1,0,0,0,0,0,44,1,36,22,22,70,22,67,9,0,0,0,0,0,0,0,0,0,0,0,0,0,0,0,0,0,0,0,0,0,0,0,0,0,0,0
127,0,96,10,0,0,0,0,0,0,1,0,0,0,0,0,44,1,33,22,22,70,22,67,0,0,0,0,0,0,0,0,0,0,0,0,0,0,0,0,0,0,0,0,0,0,0,0,0,0,0,0
127,0,96,10,0,0,0,0,0,0,1,0,0,0,0,0,44,1,32,22,22,70,22,66,90,0,0,0,0,0,0,0,0,0,0,0,0,0,0,0,0,0,0,0,0,0,0,0,0,0,0,0
127,0,96,10,0,0,0,0,0,0,1,0,0,0,0,0,44,1,41,22,22,70,22,66,69,0,0,0,0,0,0,0,0,0,0,0,0,0,0,0,0,0,0,0,0,0,0,0,0,0,0,0
127,0,96,10,0,0,0,0,0,0,1,0,0,0,0,0,44,1,20,22,22,70,22,66,69,0,0,0,0,0,0,0,0,0,0,0,0,0,0,0,0,0,0,0,0,0,0,0,0,0,0,0
127,0,96,10,0,0,0,0,0,0,1,0,0,0,0,0,44,1,36,22,22,70,22,66,69,0,0,0,0,0,0,0,0,0,0,0,0,0,0,0,0,0,0,0,0,0,0,0,0,0,0,0
127,0,96,10,0,0,0,0,0,0,1,0,0,0,0,0,44,1,36,22,22,70,22,66,90,0,0,0,0,0,0,0,0,0,0,0,0,0,0,0,0,0,0,0,0,0,0,0,0,0,0,0
127,0,96,10,0,0,0,0,0,0,1,0,0,0,0,0,44,1,27,22,22,70,22,67,0,0,0,0,0,0,0,0,0,0,0,0,0,0,0,0,0,0,0,0,0,0,0,0,0,0,0,0
127,0,96,10,0,0,0,0,0,0,1,0,0,0,0,0,44,1,41,22,22,70,22,67,9,0,0,0,0,0,0,0,0,0,0,0,0,0,0,0,0,0,0,0,0,0,0,0,0,0,0,0
127,0,96,10,0,0,0,0,0,0,1,0,0,0,0,0,44,1,18,22,22,70,22,67,19,0,0,0,0,0,0,0,0,0,0,0,0,0,0,0,0,0,0,0,0,0,0,0,0,0,0,0
127,0,96,10,0,0,0,0,0,0,1,0,0,0,0,0,44,1,37,22,22,70,22,67,19,0,0,0,0,0,0,0,0,0,0,0,0,0,0,0,0,0,0,0,0,0,0,0,0,0,0,0
127,0,96,10,0,0,0,0,0,0,1,0,0,0,0,0,44,1,27,22,22,70,22,67,19,0,0,0,0,0,0,0,0,0,0,0,0,0,0,0,0,0,0,0,0,0,0,0,0,0,0,0
127,0,96,10,0,0,0,0,0,0,1,0,0,0,0,0,44,1,35,22,22,70,22,67,0,0,0,0,0,0,0,0,0,0,0,0,0,0,0,0,0,0,0,0,0,0,0,0,0,0,0,0
127,0,96,10,0,0,0,0,0,0,1,0,0,0,0,0,44,1,35,22,22,79,22,66,80,0,0,0,0,0,0,0,0,0,0,0,0,0,0,0,0,0,0,0,0,0,0,0,0,0,0,0
127,0,96,10,0,0,0,0,0,0,1,0,0,0,0,0,44,1,32,22,22,70,22,66,59,0,0,0,0,0,0,0,0,0,0,0,0,0,0,0,0,0,0,0,0,0,0,0,0,0,0,0
127,0,96,10,0,0,0,0,0,0,1,0,0,0,0,0,44,1,41,22,22,70,22,66,50,0,0,0,0,0,0,0,0,0,0,0,0,0,0,0,0,0,0,0,0,0,0,0,0,0,0,0
127,0,96,9,0,0,0,0,0,0,1,0,0,0,0,0,44,1,22,22,22,70,22,66,59,0,0,0,0,0,0,0,0,0,0,0,0,0,0,0,0,0,0,0,0,0,0,0,0,0,0,0
127,0,96,10,0,0,0,0,0,0,1,0,0,0,0,0,44,1,39,22,22,70,22,66,80,0,0,0,0,0,0,0,0,0,0,0,0,0,0,0,0,0,0,0,0,0,0,0,0,0,0,0
127,0,96,10,0,0,0,0,0,0,1,0,0,0,0,0,44,1,22,22,22,70,22,66,90,0,0,0,0,0,0,0,0,0,0,0,0,0,0,0,0,0,0,0,0,0,0,0,0,0,0,0
127,0,96,10,0,0,0,0,0,0,1,0,0,0,0,0,44,1,36,22,22,70,22,66,90,0,0,0,0,0,0,0,0,0,0,0,0,0,0,0,0,0,0,0,0,0,0,0,0,0,0,0
127,0,96,10,0,0,0,0,0,0,1,0,0,0,0,0,44,1,32,22,22,70,22,67,0,0,0,0,0,0,0,0,0,0,0,0,0,0,0,0,0,0,0,0,0,0,0,0,0,0,0,0
127,0,96,10,0,0,0,0,0,0,1,0,0,0,0,0,44,1,33,22,22,70,22,67,9,0,0,0,0,0,0,0,0,0,0,0,0,0,0,0,0,0,0,0,0,0,0,0,0,0,0,0
127,0,96,10,0,0,0,0,0,0,1,0,0,0,0,0,44,1,40,22,22,70,22,67,0,0,0,0,0,0,0,0,0,0,0,0,0,0,0,0,0,0,0,0,0,0,0,0,0,0,0,0
127,0,96,10,0,0,0,0,0,0,1,0,0,0,0,0,44,1,26,22,22,70,22,66,80,0,0,0,0,0,0,0,0,0,0,0,0,0,0,0,0,0,0,0,0,0,0,0,0,0,0,0
127,0,96,10,0,0,0,0,0,0,1,0,0,0,0,0,44,1,40,22,22,70,22,66,69,0,0,0,0,0,0,0,0,0,0,0,0,0,0,0,0,0,0,0,0,0,0,0,0,0,0,0
127,0,96,10,0,0,0,0,0,0,1,0,0,0,0,0,44,1,21,22,22,70,22,66,59,0,0,0,0,0,0,0,0,0,0,0,0,0,0,0,0,0,0,0,0,0,0,0,0,0,0,0
127,0,96,10,0,0,0,0,0,0,1,0,0,0,0,0,44,1,34,22,22,70,22,66,40,0,0,0,0,0,0,0,0,0,0,0,0,0,0,0,0,0,0,0,0,0,0,0,0,0,0,0
127,0,96,10,0,0,0,0,0,0,1,0,0,0,0,0,44,1,39,22,22,70,22,66,50,0,0,0,0,0,0,0,0,0,0,0,0,0,0,0,0,0,0,0,0,0,0,0,0,0,0,0
127,0,96,10,0,0,0,0,0,0,1,0,0,0,0,0,44,1,22,22,22,70,22,66,59,0,0,0,0,0,0,0,0,0,0,0,0,0,0,0,0,0,0,0,0,0,0,0,0,0,0,0
127,0,96,10,0,0,0,0,0,0,1,0,0,0,0,0,44,1,37,22,22,70,22,66,69,0,0,0,0,0,0,0,0,0,0,0,0,0,0,0,0,0,0,0,0,0,0,0,0,0,0,0
127,0,94,10,0,0,0,0,0,0,1,0,0,0,0,0,44,1,33,22,22,70,22,66,69,0,0,0,0,0,0,0,0,0,0,0,0,0,0,0,0,0,0,0,0,0,0,0,0,0,0,0
127,0,96,10,0,0,0,0,0,0,1,0,0,0,0,0,44,1,21,22,22,70,22,66,80,0,0,0,0,0,0,0,0,0,0,0,0,0,0,0,0,0,0,0,0,0,0,0,0,0,0,0
127,0,96,10,0,0,0,0,0,0,1,0,0,0,0,0,44,1,36,22,22,70,22,66,80,0,0,0,0,0,0,0,0,0,0,0,0,0,0,0,0,0,0,0,0,0,0,0,0,0,0,0
127,0,96,10,0,0,0,0,0,0,1,0,0,0,0,0,44,1,41,22,22,70,22,66,90,0,0,0,0,0,0,0,0,0,0,0,0,0,0,0,0,0,0,0,0,0,0,0,0,0,0,0
127,0,96,10,0,0,0,0,0,0,1,0,0,0,0,0,44,1,26,22,22,70,22,66,69,0,0,0,0,0,0,0,0,0,0,0,0,0,0,0,0,0,0,0,0,0,0,0,0,0,0,0
127,0,96,10,0,0,0,0,0,0,1,0,0,0,0,0,44,1,27,22,22,70,22,66,40,0,0,0,0,0,0,0,0,0,0,0,0,0,0,0,0,0,0,0,0,0,0,0,0,0,0,0
127,0,96,10,0,0,0,0,0,0,1,0,0,0,0,0,44,1,38,22,22,70,22,66,30,0,0,0,0,0,0,0,0,0,0,0,0,0,0,0,0,0,0,0,0,0,0,0,0,0,0,0
127,0,96,10,0,0,0,0,0,0,1,0,0,0,0,0,44,1,28,22,22,70,22,66,40,0,0,0,0,0,0,0,0,0,0,0,0,0,0,0,0,0,0,0,0,0,0,0,0,0,0,0
127,0,96,10,0,0,0,0,0,0,1,0,0,0,0,0,44,1,30,22,22,70,22,66,59,0,0,0,0,0,0,0,0,0,0,0,0,0,0,0,0,0,0,0,0,0,0,0,0,0,0,0
127,0,96,10,0,0,0,0,0,0,1,0,0,0,0,0,44,1,40,22,22,70,22,66,59,0,0,0,0,0,0,0,0,0,0,0,0,0,0,0,0,0,0,0,0,0,0,0,0,0,0,0
127,0,96,10,0,0,0,0,0,0,1,0,0,0,0,0,44,1,21,22,22,70,22,66,69,0,0,0,0,0,0,0,0,0,0,0,0,0,0,0,0,0,0,0,0,0,0,0,0,0,0,0
127,0,96,10,0,0,0,0,0,0,1,0,0,0,0,0,44,1,35,22,22,70,22,66,80,0,0,0,0,0,0,0,0,0,0,0,0,0,0,0,0,0,0,0,0,0,0,0,0,0,0,0
127,0,96,9,0,0,0,0,0,0,1,0,0,0,0,0,44,1,41,22,22,70,22,66,80,0,0,0,0,0,0,0,0,0,0,0,0,0,0,0,0,0,0,0,0,0,0,0,0,0,0,0
127,0,96,10,0,0,0,0,0,0,1,0,0,0,0,0,44,1,38,22,22,70,22,66,90,0,0,0,0,0,0,0,0,0,0,0,0,0,0,0,0,0,0,0,0,0,0,0,0,0,0,0
127,0,96,10,0,0,0,0,0,0,1,0,0,0,0,0,44,1,21,22,22,70,22,66,40,0,0,0,0,0,0,0,0,0,0,0,0,0,0,0,0,0,0,0,0,0,0,0,0,0,0,0
127,0,96,10,0,0,0,0,0,0,1,0,0,0,0,0,44,1,37,22,22,70,22,66,30,0,0,0,0,0,0,0,0,0,0,0,0,0,0,0,0,0,0,0,0,0,0,0,0,0,0,0
127,0,96,10,0,0,0,0,0,0,1,0,0,0,0,0,44,1,25,22,22,70,22,66,19,0,0,0,0,0,0,0,0,0,0,0,0,0,0,0,0,0,0,0,0,0,0,0,0,0,0,0
127,0,96,10,0,0,0,0,0,0,1,0,0,0,0,0,44,1,36,22,22,70,22,66,19,0,0,0,0,0,0,0,0,0,0,0,0,0,0,0,0,0,0,0,0,0,0,0,0,0,0,0
127,0,96,10,0,0,0,0,0,0,1,0,0,0,0,0,44,1,25,22,22,70,22,66,30,0,0,0,0,0,0,0,0,0,0,0,0,0,0,0,0,0,0,0,0,0,0,0,0,0,0,0
127,0,96,9,0,0,0,0,0,0,1,0,0,0,0,0,44,1,38,22,22,70,22,66,30,0,0,0,0,0,0,0,0,0,0,0,0,0,0,0,0,0,0,0,0,0,0,0,0,0,0,0
127,0,96,10,0,0,0,0,0,0,1,0,0,0,0,0,44,1,18,22,22,70,22,66,59,0,0,0,0,0,0,0,0,0,0,0,0,0,0,0,0,0,0,0,0,0,0,0,0,0,0,0
127,0,96,10,0,0,0,0,0,0,1,0,0,0,0,0,44,1,42,22,22,70,22,66,59,0,0,0,0,0,0,0,0,0,0,0,0,0,0,0,0,0,0,0,0,0,0,0,0,0,0,0
127,0,94,10,0,0,0,0,0,0,1,0,0,0,0,0,44,1,35,22,22,70,22,66,69,0,0,0,0,0,0,0,0,0,0,0,0,0,0,0,0,0,0,0,0,0,0,0,0,0,0,0
127,0,94,10,0,0,0,0,0,0,1,0,0,0,0,0,44,1,20,22,22,70,22,66,69,0,0,0,0,0,0,0,0,0,0,0,0,0,0,0,0,0,0,0,0,0,0,0,0,0,0,0
127,0,96,9,0,0,0,0,0,0,1,0,0,0,0,0,44,1,41,22,22,70,22,66,50,0,0,0,0,0,0,0,0,0,0,0,0,0,0,0,0,0,0,0,0,0,0,0,0,0,0,0
127,0,96,10,0,0,0,0,0,0,1,0,0,0,0,0,44,1,36,22,22,70,22,66,19,0,0,0,0,0,0,0,0,0,0,0,0,0,0,0,0,0,0,0,0,0,0,0,0,0,0,0
127,0,96,10,0,0,0,0,0,0,1,0,0,0,0,0,44,1,18,22,22,70,22,66,0,0,0,0,0,0,0,0,0,0,0,0,0,0,0,0,0,0,0,0,0,0,0,0,0,0,0,0
127,0,96,10,0,0,0,0,0,0,1,0,0,0,0,0,44,1,40,22,22,70,22,66,0,0,0,0,0,0,0,0,0,0,0,0,0,0,0,0,0,0,0,0,0,0,0,0,0,0,0,0
127,0,96,10,0,0,0,0,0,0,1,0,0,0,0,0,44,1,26,22,22,70,22,66,0,0,0,0,0,0,0,0,0,0,0,0,0,0,0,0,0,0,0,0,0,0,0,0,0,0,0,0
127,0,96,10,0,0,0,0,0,0,1,0,0,0,0,0,44,1,38,22,22,70,22,66,9,0,0,0,0,0,0,0,0,0,0,0,0,0,0,0,0,0,0,0,0,0,0,0,0,0,0,0
127,0,96,10,0,0,0,0,0,0,1,0,0,0,0,0,44,1,36,22,22,60,22,66,9,0,0,0,0,0,0,0,0,0,0,0,0,0,0,0,0,0,0,0,0,0,0,0,0,0,0,0
127,0,94,10,0,0,0,0,0,0,1,0,0,0,0,0,44,1,17,22,22,60,22,66,19,0,0,0,0,0,0,0,0,0,0,0,0,0,0,0,0,0,0,0,0,0,0,0,0,0,0,0
127,0,96,10,0,0,0,0,0,0,1,0,0,0,0,0,44,1,41,22,22,60,22,66,30,0,0,0,0,0,0,0,0,0,0,0,0,0,0,0,0,0,0,0,0,0,0,0,0,0,0,0
127,0,96,10,0,0,0,0,0,0,1,0,0,0,0,0,44,1,36,22,22,60,22,66,40,0,0,0,0,0,0,0,0,0,0,0,0,0,0,0,0,0,0,0,0,0,0,0,0,0,0,0
127,0,96,10,0,0,0,0,0,0,1,0,0,0,0,0,44,1,18,22,22,60,22,66,59,0,0,0,0,0,0,0,0,0,0,0,0,0,0,0,0,0,0,0,0,0,0,0,0,0,0,0
127,0,96,10,0,0,0,0,0,0,1,0,0,0,0,0,44,1,42,22,22,70,22,66,40,0,0,0,0,0,0,0,0,0,0,0,0,0,0,0,0,0,0,0,0,0,0,0,0,0,0,0
127,0,96,10,0,0,0,0,0,0,1,0,0,0,0,0,44,1,35,22,22,60,22,66,9,0,0,0,0,0,0,0,0,0,0,0,0,0,0,0,0,0,0,0,0,0,0,0,0,0,0,0
127,0,96,10,0,0,0,0,0,0,1,0,0,0,0,0,44,1,23,22,22,60,22,66,0,0,0,0,0,0,0,0,0,0,0,0,0,0,0,0,0,0,0,0,0,0,0,0,0,0,0,0
127,0,96,10,0,0,0,0,0,0,1,0,0,0,0,0,44,1,41,22,22,70,22,66,19,0,0,0,0,0,0,0,0,0,0,0,0,0,0,0,0,0,0,0,0,0,0,0,0,0,0,0
127,0,96,10,0,0,0,0,0,0,1,0,0,0,0,0,44,1,36,22,22,60,22,66,9,0,0,0,0,0,0,0,0,0,0,0,0,0,0,0,0,0,0,0,0,0,0,0,0,0,0,0
127,0,96,10,0,0,0,0,0,0,1,0,0,0,0,0,44,1,32,22,22,60,22,66,19,0,0,0,0,0,0,0,0,0,0,0,0,0,0,0,0,0,0,0,0,0,0,0,0,0,0,0
127,0,96,10,0,0,0,0,0,0,1,0,0,0,0,0,44,1,25,22,22,60,22,66,30,0,0,0,0,0,0,0,0,0,0,0,0,0,0,0,0,0,0,0,0,0,0,0,0,0,0,0
127,0,96,10,0,0,0,0,0,0,1,0,0,0,0,0,44,1,17,22,22,60,22,66,50,0,0,0,0,0,0,0,0,0,0,0,0,0,0,0,0,0,0,0,0,0,0,0,0,0,0,0
127,0,96,10,0,0,0,0,0,0,1,0,0,0,0,0,44,1,21,22,22,60,22,66,69,0,0,0,0,0,0,0,0,0,0,0,0,0,0,0,0,0,0,0,0,0,0,0,0,0,0,0
127,0,96,10,0,0,0,0,0,0,1,0,0,0,0,0,44,1,25,22,22,60,22,66,80,0,0,0,0,0,0,0,0,0,0,0,0,0,0,0,0,0,0,0,0,0,0,0,0,0,0,0
127,0,96,10,0,0,0,0,0,0,1,0,0,0,0,0,44,1,34,22,22,60,22,66,80,0,0,0,0,0,0,0,0,0,0,0,0,0,0,0,0,0,0,0,0,0,0,0,0,0,0,0
127,0,96,10,0,0,0,0,0,0,1,0,0,0,0,0,44,1,41,22,22,60,22,66,59,0,0,0,0,0,0,0,0,0,0,0,0,0,0,0,0,0,0,0,0,0,0,0,0,0,0,0
127,0,96,10,0,0,0,0,0,0,1,0,0,0,0,0,44,1,38,22,22,60,22,66,30,0,0,0,0,0,0,0,0,0,0,0,0,0,0,0,0,0,0,0,0,0,0,0,0,0,0,0
127,0,96,10,0,0,0,0,0,0,1,0,0,0,0,0,44,1,36,22,22,60,22,66,19,0,0,0,0,0,0,0,0,0,0,0,0,0,0,0,0,0,0,0,0,0,0,0,0,0,0,0
127,0,96,10,0,0,0,0,0,0,1,0,0,0,0,0,44,1,32,22,22,60,22,66,9,0,0,0,0,0,0,0,0,0,0,0,0,0,0,0,0,0,0,0,0,0,0,0,0,0,0,0
127,0,96,10,0,0,0,0,0,0,1,0,0,0,0,0,44,1,18,22,22,60,22,66,19,0,0,0,0,0,0,0,0,0,0,0,0,0,0,0,0,0,0,0,0,0,0,0,0,0,0,0
127,0,96,10,0,0,0,0,0,0,1,0,0,0,0,0,44,1,34,22,22,60,22,66,30,0,0,0,0,0,0,0,0,0,0,0,0,0,0,0,0,0,0,0,0,0,0,0,0,0,0,0
127,0,96,10,0,0,0,0,0,0,1,0,0,0,0,0,44,1,41,22,22,60,22,66,40,0,0,0,0,0,0,0,0,0,0,0,0,0,0,0,0,0,0,0,0,0,0,0,0,0,0,0
127,0,96,10,0,0,0,0,0,0,1,0,0,0,0,0,44,1,36,22,22,60,22,66,59,0,0,0,0,0,0,0,0,0,0,0,0,0,0,0,0,0,0,0,0,0,0,0,0,0,0,0
127,0,96,10,0,0,0,0,0,0,1,0,0,0,0,0,44,1,18,22,22,60,22,66,59,0,0,0,0,0,0,0,0,0,0,0,0,0,0,0,0,0,0,0,0,0,0,0,0,0,0,0
127,0,96,10,0,0,0,0,0,0,1,0,0,0,0,0,44,1,36,22,22,60,22,66,59,0,0,0,0,0,0,0,0,0,0,0,0,0,0,0,0,0,0,0,0,0,0,0,0,0,0,0
127,0,96,10,0,0,0,0,0,0,1,0,0,0,0,0,44,1,38,22,22,60,22,66,59,0,0,0,0,0,0,0,0,0,0,0,0,0,0,0,0,0,0,0,0,0,0,0,0,0,0,0
127,0,96,10,0,0,0,0,0,0,1,0,0,0,0,0,44,1,33,22,22,60,22,66,30,0,0,0,0,0,0,0,0,0,0,0,0,0,0,0,0,0,0,0,0,0,0,0,0,0,0,0
127,0,96,10,0,0,0,0,0,0,1,0,0,0,0,0,44,1,18,22,22,60,22,66,19,0,0,0,0,0,0,0,0,0,0,0,0,0,0,0,0,0,0,0,0,0,0,0,0,0,0,0
127,0,96,10,0,0,0,0,0,0,1,0,0,0,0,0,44,1,33,22,22,60,22,66,9,0,0,0,0,0,0,0,0,0,0,0,0,0,0,0,0,0,0,0,0,0,0,0,0,0,0,0
127,0,96,10,0,0,0,0,0,0,1,0,0,0,0,0,44,1,41,22,22,60,22,66,9,0,0,0,0,0,0,0,0,0,0,0,0,0,0,0,0,0,0,0,0,0,0,0,0,0,0,0
127,0,96,10,0,0,0,0,0,0,1,0,0,0,0,0,44,1,37,22,22,60,22,66,19,0,0,0,0,0,0,0,0,0,0,0,0,0,0,0,0,0,0,0,0,0,0,0,0,0,0,0
127,0,96,10,0,0,0,0,0,0,1,0,0,0,0,0,44,1,33,22,22,60,22,66,30,0,0,0,0,0,0,0,0,0,0,0,0,0,0,0,0,0,0,0,0,0,0,0,0,0,0,0
127,0,96,10,0,0,0,0,0,0,1,0,0,0,0,0,44,1,18,22,22,60,22,66,30,0,0,0,0,0,0,0,0,0,0,0,0,0,0,0,0,0,0,0,0,0,0,0,0,0,0,0
127,0,96,10,0,0,0,0,0,0,1,0,0,0,0,0,44,1,28,22,22,60,22,66,40,0,0,0,0,0,0,0,0,0,0,0,0,0,0,0,0,0,0,0,0,0,0,0,0,0,0,0
127,0,96,10,0,0,0,0,0,0,1,0,0,0,0,0,44,1,42,22,22,60,22,66,59,0,0,0,0,0,0,0,0,0,0,0,0,0,0,0,0,0,0,0,0,0,0,0,0,0,0,0
127,0,96,10,0,0,0,0,0,0,1,0,0,0,0,0,44,1,37,22,22,60,22,66,69,0,0,0,0,0,0,0,0,0,0,0,0,0,0,0,0,0,0,0,0,0,0,0,0,0,0,0
127,0,96,11,0,0,0,0,0,0,1,0,0,0,0,0,44,1,28,22,22,60,22,66,69,0,0,0,0,0,0,0,0,0,0,0,0,0,0,0,0,0,0,0,0,0,0,0,0,0,0,0
127,0,96,10,0,0,0,0,0,0,1,0,0,0,0,0,44,1,26,22,22,60,22,66,59,0,0,0,0,0,0,0,0,0,0,0,0,0,0,0,0,0,0,0,0,0,0,0,0,0,0,0
127,0,96,10,0,0,0,0,0,0,1,0,0,0,0,0,44,1,41,22,22,60,22,66,30,0,0,0,0,0,0,0,0,0,0,0,0,0,0,0,0,0,0,0,0,0,0,0,0,0,0,0
127,0,96,10,0,0,0,0,0,0,1,0,0,0,0,0,44,1,35,22,22,60,22,66,9,0,0,0,0,0,0,0,0,0,0,0,0,0,0,0,0,0,0,0,0,0,0,0,0,0,0,0
127,0,96,10,0,0,0,0,0,0,1,0,0,0,0,0,44,1,24,22,22,60,22,66,9,0,0,0,0,0,0,0,0,0,0,0,0,0,0,0,0,0,0,0,0,0,0,0,0,0,0,0
127,0,94,10,0,0,0,0,0,0,1,0,0,0,0,0,44,1,40,22,22,60,22,66,19,0,0,0,0,0,0,0,0,0,0,0,0,0,0,0,0,0,0,0,0,0,0,0,0,0,0,0
127,0,96,10,0,0,0,0,0,0,1,0,0,0,0,0,44,1,27,22,22,60,22,66,30,0,0,0,0,0,0,0,0,0,0,0,0,0,0,0,0,0,0,0,0,0,0,0,0,0,0,0
127,0,96,10,0,0,0,0,0,0,1,0,0,0,0,0,44,1,35,22,22,60,22,66,40,0,0,0,0,0,0,0,0,0,0,0,0,0,0,0,0,0,0,0,0,0,0,0,0,0,0,0
127,0,96,10,0,0,0,0,0,0,1,0,0,0,0,0,44,1,37,22,22,60,22,66,50,0,0,0,0,0,0,0,0,0,0,0,0,0,0,0,0,0,0,0,0,0,0,0,0,0,0,0
127,0,96,10,0,0,0,0,0,0,1,0,0,0,0,0,44,1,20,22,22,60,22,66,59,0,0,0,0,0,0,0,0,0,0,0,0,0,0,0,0,0,0,0,0,0,0,0,0,0,0,0
127,0,96,10,0,0,0,0,0,0,1,0,0,0,0,0,44,1,36,22,22,60,22,66,69,0,0,0,0,0,0,0,0,0,0,0,0,0,0,0,0,0,0,0,0,0,0,0,0,0,0,0
127,0,96,10,0,0,0,0,0,0,1,0,0,0,0,0,44,1,39,22,22,60,22,66,69,0,0,0,0,0,0,0,0,0,0,0,0,0,0,0,0,0,0,0,0,0,0,0,0,0,0,0
127,0,96,10,0,0,0,0,0,0,1,0,0,0,0,0,44,1,32,22,22,60,22,66,40,0,0,0,0,0,0,0,0,0,0,0,0,0,0,0,0,0,0,0,0,0,0,0,0,0,0,0
127,0,96,10,0,0,0,0,0,0,1,0,0,0,0,0,44,1,23,22,22,60,22,66,19,0,0,0,0,0,0,0,0,0,0,0,0,0,0,0,0,0,0,0,0,0,0,0,0,0,0,0
127,0,96,10,0,0,0,0,0,0,1,0,0,0,0,0,44,1,41,22,22,60,22,66,19,0,0,0,0,0,0,0,0,0,0,0,0,0,0,0,0,0,0,0,0,0,0,0,0,0,0,0
127,0,96,10,0,0,0,0,0,0,1,0,0,0,0,0,44,1,38,22,22,60,22,66,19,0,0,0,0,0,0,0,0,0,0,0,0,0,0,0,0,0,0,0,0,0,0,0,0,0,0,0
127,0,96,10,0,0,0,0,0,0,1,0,0,0,0,0,44,1,33,22,22,60,22,66,30,0,0,0,0,0,0,0,0,0,0,0,0,0,0,0,0,0,0,0,0,0,0,0,0,0,0,0
127,0,94,10,0,0,0,0,0,0,1,0,0,0,0,0,44,1,18,22,22,60,22,66,40,0,0,0,0,0,0,0,0,0,0,0,0,0,0,0,0,0,0,0,0,0,0,0,0,0,0,0
127,0,96,10,0,0,0,0,0,0,1,0,0,0,0,0,44,1,33,22,22,60,22,66,40,0,0,0,0,0,0,0,0,0,0,0,0,0,0,0,0,0,0,0,0,0,0,0,0,0,0,0
127,0,96,10,0,0,0,0,0,0,1,0,0,0,0,0,44,1,41,22,22,60,22,66,40,0,0,0,0,0,0,0,0,0,0,0,0,0,0,0,0,0,0,0,0,0,0,0,0,0,0,0
127,0,96,10,0,0,0,0,0,0,1,0,0,0,0,0,44,1,38,22,22,60,22,66,50,0,0,0,0,0,0,0,0,0,0,0,0,0,0,0,0,0,0,0,0,0,0,0,0,0,0,0
127,0,96,10,0,0,0,0,0,0,1,0,0,0,0,0,44,1,34,22,22,60,22,66,59,0,0,0,0,0,0,0,0,0,0,0,0,0,0,0,0,0,0,0,0,0,0,0,0,0,0,0
127,0,96,10,0,0,0,0,0,0,1,0,0,0,0,0,44,1,22,22,22,60,22,66,59,0,0,0,0,0,0,0,0,0,0,0,0,0,0,0,0,0,0,0,0,0,0,0,0,0,0,0
127,0,96,10,0,0,0,0,0,0,1,0,0,0,0,0,44,1,27,22,22,60,22,66,30,0,0,0,0,0,0,0,0,0,0,0,0,0,0,0,0,0,0,0,0,0,0,0,0,0,0,0
127,0,96,10,0,0,0,0,0,0,1,0,0,0,0,0,44,1,42,22,22,60,22,66,19,0,0,0,0,0,0,0,0,0,0,0,0,0,0,0,0,0,0,0,0,0,0,0,0,0,0,0
127,0,96,10,0,0,0,0,0,0,1,0,0,0,0,0,44,1,38,22,22,60,22,66,19,0,0,0,0,0,0,0,0,0,0,0,0,0,0,0,0,0,0,0,0,0,0,0,0,0,0,0
127,0,96,10,0,0,0,0,0,0,1,0,0,0,0,0,44,1,28,22,22,60,22,66,19,0,0,0,0,0,0,0,0,0,0,0,0,0,0,0,0,0,0,0,0,0,0,0,0,0,0,0
127,0,96,9,0,0,0,0,0,0,1,0,0,0,0,0,44,1,32,22,22,60,22,66,19,0,0,0,0,0,0,0,0,0,0,0,0,0,0,0,0,0,0,0,0,0,0,0,0,0,0,0
127,0,96,10,0,0,0,0,0,0,1,0,0,0,0,0,44,1,38,22,22,60,22,66,30,0,0,0,0,0,0,0,0,0,0,0,0,0,0,0,0,0,0,0,0,0,0,0,0,0,0,0
127,0,96,10,0,0,0,0,0,0,1,0,0,0,0,0,44,1,18,22,22,60,22,66,40,0,0,0,0,0,0,0,0,0,0,0,0,0,0,0,0,0,0,0,0,0,0,0,0,0,0,0
127,0,96,10,0,0,0,0,0,0,1,0,0,0,0,0,44,1,41,22,22,60,22,66,59,0,0,0,0,0,0,0,0,0,0,0,0,0,0,0,0,0,0,0,0,0,0,0,0,0,0,0
127,0,96,10,0,0,0,0,0,0,1,0,0,0,0,0,44,1,41,22,22,60,22,66,69,0,0,0,0,0,0,0,0,0,0,0,0,0,0,0,0,0,0,0,0,0,0,0,0,0,0,0
127,0,96,10,0,0,0,0,0,0,1,0,0,0,0,0,44,1,25,22,22,60,22,66,40,0,0,0,0,0,0,0,0,0,0,0,0,0,0,0,0,0,0,0,0,0,0,0,0,0,0,0
127,0,96,10,0,0,0,0,0,0,1,0,0,0,0,0,44,1,41,22,22,60,22,66,19,0,0,0,0,0,0,0,0,0,0,0,0,0,0,0,0,0,0,0,0,0,0,0,0,0,0,0
127,0,96,10,0,0,0,0,0,0,1,0,0,0,0,0,44,1,20,22,22,60,22,66,19,0,0,0,0,0,0,0,0,0,0,0,0,0,0,0,0,0,0,0,0,0,0,0,0,0,0,0
127,0,96,9,0,0,0,0,0,0,1,0,0,0,0,0,44,1,40,22,22,60,22,66,9,0,0,0,0,0,0,0,0,0,0,0,0,0,0,0,0,0,0,0,0,0,0,0,0,0,0,0
127,0,96,9,0,0,0,0,0,0,1,0,0,0,0,0,44,1,20,22,22,60,22,66,19,0,0,0,0,0,0,0,0,0,0,0,0,0,0,0,0,0,0,0,0,0,0,0,0,0,0,0
127,0,96,10,0,0,0,0,0,0,1,0,0,0,0,0,44,1,38,22,22,60,22,66,30,0,0,0,0,0,0,0,0,0,0,0,0,0,0,0,0,0,0,0,0,0,0,0,0,0,0,0
127,0,96,10,0,0,0,0,0,0,1,0,0,0,0,0,44,1,21,22,22,60,22,66,30,0,0,0,0,0,0,0,0,0,0,0,0,0,0,0,0,0,0,0,0,0,0,0,0,0,0,0
127,0,96,10,0,0,0,0,0,0,1,0,0,0,0,0,44,1,38,22,22,60,22,66,40,0,0,0,0,0,0,0,0,0,0,0,0,0,0,0,0,0,0,0,0,0,0,0,0,0,0,0
127,0,96,10,0,0,0,0,0,0,1,0,0,0,0,0,44,1,22,22,22,60,22,66,50,0,0,0,0,0,0,0,0,0,0,0,0,0,0,0,0,0,0,0,0,0,0,0,0,0,0,0
127,0,96,10,0,0,0,0,0,0,1,0,0,0,0,0,44,1,38,22,22,60,22,66,59,0,0,0,0,0,0,0,0,0,0,0,0,0,0,0,0,0,0,0,0,0,0,0,0,0,0,0
127,0,96,10,0,0,0,0,0,0,1,0,0,0,0,0,44,1,24,22,22,60,22,66,59,0,0,0,0,0,0,0,0,0,0,0,0,0,0,0,0,0,0,0,0,0,0,0,0,0,0,0
127,0,96,10,0,0,0,0,0,0,1,0,0,0,0,0,44,1,37,22,22,60,22,66,59,0,0,0,0,0,0,0,0,0,0,0,0,0,0,0,0,0,0,0,0,0,0,0,0,0,0,0
127,0,96,10,0,0,0,0,0,0,1,0,0,0,0,0,44,1,27,22,22,60,22,66,19,0,0,0,0,0,0,0,0,0,0,0,0,0,0,0,0,0,0,0,0,0,0,0,0,0,0,0
127,0,96,10,0,0,0,0,0,0,1,0,0,0,0,0,44,1,36,22,22,60,22,66,9,0,0,0,0,0,0,0,0,0,0,0,0,0,0,0,0,0,0,0,0,0,0,0,0,0,0,0
127,0,96,9,0,0,0,0,0,0,1,0,0,0,0,0,44,1,33,22,22,60,22,66,0,0,0,0,0,0,0,0,0,0,0,0,0,0,0,0,0,0,0,0,0,0,0,0,0,0,0,0
127,0,96,10,0,0,0,0,0,0,1,0,0,0,0,0,44,1,34,22,22,60,22,66,9,0,0,0,0,0,0,0,0,0,0,0,0,0,0,0,0,0,0,0,0,0,0,0,0,0,0,0
127,0,96,10,0,0,0,0,0,0,1,0,0,0,0,0,44,1,36,22,22,60,22,66,19,0,0,0,0,0,0,0,0,0,0,0,0,0,0,0,0,0,0,0,0,0,0,0,0,0,0,0
127,0,96,10,0,0,0,0,0,0,1,0,0,0,0,0,44,1,34,22,22,50,22,66,30,0,0,0,0,0,0,0,0,0,0,0,0,0,0,0,0,0,0,0,0,0,0,0,0,0,0,0
127,0,96,10,0,0,0,0,0,0,1,0,0,0,0,0,44,1,34,22,22,60,22,66,40,0,0,0,0,0,0,0,0,0,0,0,0,0,0,0,0,0,0,0,0,0,0,0,0,0,0,0
127,0,96,9,0,0,0,0,0,0,1,0,0,0,0,0,44,1,35,22,22,60,22,66,59,0,0,0,0,0,0,0,0,0,0,0,0,0,0,0,0,0,0,0,0,0,0,0,0,0,0,0
127,0,96,10,0,0,0,0,0,0,1,0,0,0,0,0,44,1,32,22,22,60,22,66,69,0,0,0,0,0,0,0,0,0,0,0,0,0,0,0,0,0,0,0,0,0,0,0,0,0,0,0
127,0,96,10,0,0,0,0,0,0,1,0,0,0,0,0,44,1,37,22,22,50,22,66,69,0,0,0,0,0,0,0,0,0,0,0,0,0,0,0,0,0,0,0,0,0,0,0,0,0,0,0
127,0,96,9,0,0,0,0,0,0,1,0,0,0,0,0,44,1,26,22,22,60,22,66,69,0,0,0,0,0,0,0,0,0,0,0,0,0,0,0,0,0,0,0,0,0,0,0,0,0,0,0
127,0,96,10,0,0,0,0,0,0,1,0,0,0,0,0,44,1,40,22,22,60,22,66,40,0,0,0,0,0,0,0,0,0,0,0,0,0,0,0,0,0,0,0,0,0,0,0,0,0,0,0
127,0,96,10,0,0,0,0,0,0,1,0,0,0,0,0,44,1,23,22,22,60,22,66,30,0,0,0,0,0,0,0,0,0,0,0,0,0,0,0,0,0,0,0,0,0,0,0,0,0,0,0
127,0,96,10,0,0,0,0,0,0,1,0,0,0,0,0,44,1,36,22,22,60,22,66,19,0,0,0,0,0,0,0,0,0,0,0,0,0,0,0,0,0,0,0,0,0,0,0,0,0,0,0
127,0,96,10,0,0,0,0,0,0,1,0,0,0,0,0,44,1,38,22,22,60,22,66,19,0,0,0,0,0,0,0,0,0,0,0,0,0,0,0,0,0,0,0,0,0,0,0,0,0,0,0
127,0,96,10,0,0,0,0,0,0,1,0,0,0,0,0,44,1,26,22,22,60,22,66,30,0,0,0,0,0,0,0,0,0,0,0,0,0,0,0,0,0,0,0,0,0,0,0,0,0,0,0
127,0,96,10,0,0,0,0,0,0,1,0,0,0,0,0,44,1,32,22,22,50,22,66,19,0,0,0,0,0,0,0,0,0,0,0,0,0,0,0,0,0,0,0,0,0,0,0,0,0,0,0
127,0,96,10,0,0,0,0,0,0,1,0,0,0,0,0,44,1,40,22,22,60,22,66,40,0,0,0,0,0,0,0,0,0,0,0,0,0,0,0,0,0,0,0,0,0,0,0,0,0,0,0
127,0,96,10,0,0,0,0,0,0,1,0,0,0,0,0,44,1,32,22,22,50,22,66,40,0,0,0,0,0,0,0,0,0,0,0,0,0,0,0,0,0,0,0,0,0,0,0,0,0,0,0
127,0,96,11,0,0,0,0,0,0,1,0,0,0,0,0,44,1,27,22,22,50,22,66,69,0,0,0,0,0,0,0,0,0,0,0,0,0,0,0,0,0,0,0,0,0,0,0,0,0,0,0
127,0,96,10,0,0,0,0,0,0,1,0,0,0,0,0,44,1,41,22,22,50,22,66,50,0,0,0,0,0,0,0,0,0,0,0,0,0,0,0,0,0,0,0,0,0,0,0,0,0,0,0
127,0,96,10,0,0,0,0,0,0,1,0,0,0,0,0,44,1,37,22,22,50,22,66,40,0,0,0,0,0,0,0,0,0,0,0,0,0,0,0,0,0,0,0,0,0,0,0,0,0,0,0
127,0,96,10,0,0,0,0,0,0,1,0,0,0,0,0,44,1,29,22,22,50,22,66,19,0,0,0,0,0,0,0,0,0,0,0,0,0,0,0,0,0,0,0,0,0,0,0,0,0,0,0
127,0,96,10,0,0,0,0,0,0,1,0,0,0,0,0,44,1,18,22,22,50,22,66,9,0,0,0,0,0,0,0,0,0,0,0,0,0,0,0,0,0,0,0,0,0,0,0,0,0,0,0
127,0,96,10,0,0,0,0,0,0,1,0,0,0,0,0,44,1,29,22,22,50,22,66,19,0,0,0,0,0,0,0,0,0,0,0,0,0,0,0,0,0,0,0,0,0,0,0,0,0,0,0
127,0,96,10,0,0,0,0,0,0,1,0,0,0,0,0,44,1,41,22,22,50,22,66,30,0,0,0,0,0,0,0,0,0,0,0,0,0,0,0,0,0,0,0,0,0,0,0,0,0,0,0
127,0,96,10,0,0,0,0,0,0,1,0,0,0,0,0,44,1,40,22,22,50,22,66,40,0,0,0,0,0,0,0,0,0,0,0,0,0,0,0,0,0,0,0,0,0,0,0,0,0,0,0
127,0,96,10,0,0,0,0,0,0,1,0,0,0,0,0,44,1,35,22,22,50,22,66,50,0,0,0,0,0,0,0,0,0,0,0,0,0,0,0,0,0,0,0,0,0,0,0,0,0,0,0
127,0,96,10,0,0,0,0,0,0,1,0,0,0,0,0,44,1,18,22,22,50,22,66,59,0,0,0,0,0,0,0,0,0,0,0,0,0,0,0,0,0,0,0,0,0,0,0,0,0,0,0
127,0,96,10,0,0,0,0,0,0,1,0,0,0,0,0,44,1,37,22,22,50,22,66,59,0,0,0,0,0,0,0,0,0,0,0,0,0,0,0,0,0,0,0,0,0,0,0,0,0,0,0
127,0,96,10,0,0,0,0,0,0,1,0,0,0,0,0,44,1,38,22,22,50,22,66,69,0,0,0,0,0,0,0,0,0,0,0,0,0,0,0,0,0,0,0,0,0,0,0,0,0,0,0
127,0,96,10,0,0,0,0,0,0,1,0,0,0,0,0,44,1,23,22,22,50,22,66,59,0,0,0,0,0,0,0,0,0,0,0,0,0,0,0,0,0,0,0,0,0,0,0,0,0,0,0
127,0,96,10,0,0,0,0,0,0,1,0,0,0,0,0,44,1,36,22,22,50,22,66,30,0,0,0,0,0,0,0,0,0,0,0,0,0,0,0,0,0,0,0,0,0,0,0,0,0,0,0
127,0,96,10,0,0,0,0,0,0,1,0,0,0,0,0,44,1,38,22,22,50,22,66,9,0,0,0,0,0,0,0,0,0,0,0,0,0,0,0,0,0,0,0,0,0,0,0,0,0,0,0
127,0,96,10,0,0,0,0,0,0,1,0,0,0,0,0,44,1,29,22,22,50,22,66,0,0,0,0,0,0,0,0,0,0,0,0,0,0,0,0,0,0,0,0,0,0,0,0,0,0,0,0
127,0,96,10,0,0,0,0,0,0,1,0,0,0,0,0,44,1,26,22,22,50,22,66,9,0,0,0,0,0,0,0,0,0,0,0,0,0,0,0,0,0,0,0,0,0,0,0,0,0,0,0
127,0,96,10,0,0,0,0,0,0,1,0,0,0,0,0,44,1,42,22,22,50,22,66,30,0,0,0,0,0,0,0,0,0,0,0,0,0,0,0,0,0,0,0,0,0,0,0,0,0,0,0
127,0,98,10,0,0,0,0,0,0,1,0,0,0,0,0,44,1,38,22,22,50,22,66,30,0,0,0,0,0,0,0,0,0,0,0,0,0,0,0,0,0,0,0,0,0,0,0,0,0,0,0
127,0,96,10,0,0,0,0,0,0,1,0,0,0,0,0,44,1,34,22,22,50,22,66,59,0,0,0,0,0,0,0,0,0,0,0,0,0,0,0,0,0,0,0,0,0,0,0,0,0,0,0
127,0,96,10,0,0,0,0,0,0,1,0,0,0,0,0,44,1,25,22,22,50,22,66,59,0,0,0,0,0,0,0,0,0,0,0,0,0,0,0,0,0,0,0,0,0,0,0,0,0,0,0
127,0,96,10,0,0,0,0,0,0,1,0,0,0,0,0,44,1,22,22,22,50,22,66,69,0,0,0,0,0,0,0,0,0,0,0,0,0,0,0,0,0,0,0,0,0,0,0,0,0,0,0
127,0,96,10,0,0,0,0,0,0,1,0,0,0,0,0,44,1,33,22,22,50,22,66,69,0,0,0,0,0,0,0,0,0,0,0,0,0,0,0,0,0,0,0,0,0,0,0,0,0,0,0
127,0,96,10,0,0,0,0,0,0,1,0,0,0,0,0,44,1,42,22,22,50,22,66,40,0,0,0,0,0,0,0,0,0,0,0,0,0,0,0,0,0,0,0,0,0,0,0,0,0,0,0
127,0,96,10,0,0,0,0,0,0,1,0,0,0,0,0,44,1,40,22,22,50,22,66,40,0,0,0,0,0,0,0,0,0,0,0,0,0,0,0,0,0,0,0,0,0,0,0,0,0,0,0
127,0,96,10,0,0,0,0,0,0,1,0,0,0,0,0,44,1,37,22,22,50,22,66,19,0,0,0,0,0,0,0,0,0,0,0,0,0,0,0,0,0,0,0,0,0,0,0,0,0,0,0
127,0,96,10,0,0,0,0,0,0,1,0,0,0,0,0,44,1,33,22,22,50,22,66,9,0,0,0,0,0,0,0,0,0,0,0,0,0,0,0,0,0,0,0,0,0,0,0,0,0,0,0
127,0,96,10,0,0,0,0,0,0,1,0,0,0,0,0,44,1,23,22,22,50,22,66,19,0,0,0,0,0,0,0,0,0,0,0,0,0,0,0,0,0,0,0,0,0,0,0,0,0,0,0
127,0,96,9,0,0,0,0,0,0,1,0,0,0,0,0,44,1,25,22,22,50,22,66,40,0,0,0,0,0,0,0,0,0,0,0,0,0,0,0,0,0,0,0,0,0,0,0,0,0,0,0
127,0,96,10,0,0,0,0,0,0,1,0,0,0,0,0,44,1,38,22,22,50,22,66,59,0,0,0,0,0,0,0,0,0,0,0,0,0,0,0,0,0,0,0,0,0,0,0,0,0,0,0
127,0,96,10,0,0,0,0,0,0,1,0,0,0,0,0,44,1,40,22,22,50,22,66,59,0,0,0,0,0,0,0,0,0,0,0,0,0,0,0,0,0,0,0,0,0,0,0,0,0,0,0
127,0,96,10,0,0,0,0,0,0,1,0,0,0,0,0,44,1,36,22,22,50,22,66,69,0,0,0,0,0,0,0,0,0,0,0,0,0,0,0,0,0,0,0,0,0,0,0,0,0,0,0
127,0,96,10,0,0,0,0,0,0,1,0,0,0,0,0,44,1,29,22,22,50,22,66,80,0,0,0,0,0,0,0,0,0,0,0,0,0,0,0,0,0,0,0,0,0,0,0,0,0,0,0
127,0,96,10,0,0,0,0,0,0,1,0,0,0,0,0,44,1,20,22,22,50,22,66,80,0,0,0,0,0,0,0,0,0,0,0,0,0,0,0,0,0,0,0,0,0,0,0,0,0,0,0
127,0,96,10,0,0,0,0,0,0,1,0,0,0,0,0,44,1,35,22,22,50,22,66,69,0,0,0,0,0,0,0,0,0,0,0,0,0,0,0,0,0,0,0,0,0,0,0,0,0,0,0
127,0,96,10,0,0,0,0,0,0,1,0,0,0,0,0,44,1,40,22,22,50,22,66,40,0,0,0,0,0,0,0,0,0,0,0,0,0,0,0,0,0,0,0,0,0,0,0,0,0,0,0
127,0,96,10,0,0,0,0,0,0,1,0,0,0,0,0,44,1,34,22,22,50,22,66,40,0,0,0,0,0,0,0,0,0,0,0,0,0,0,0,0,0,0,0,0,0,0,0,0,0,0,0
127,0,96,10,0,0,0,0,0,0,1,0,0,0,0,0,44,1,20,22,22,50,22,66,40,0,0,0,0,0,0,0,0,0,0,0,0,0,0,0,0,0,0,0,0,0,0,0,0,0,0,0
127,0,96,10,0,0,0,0,0,0,1,0,0,0,0,0,44,1,41,22,22,50,22,66,40,0,0,0,0,0,0,0,0,0,0,0,0,0,0,0,0,0,0,0,0,0,0,0,0,0,0,0
127,0,96,10,0,0,0,0,0,0,1,0,0,0,0,0,44,1,38,22,22,50,22,66,50,0,0,0,0,0,0,0,0,0,0,0,0,0,0,0,0,0,0,0,0,0,0,0,0,0,0,0
127,0,96,5,0,0,0,48,0,0,1,0,0,0,0,0,44,1,32,22,22,50,22,66,59,0,0,0,0,0,0,0,96,128,0,0,0,0,0,0,0,0,1,0,0,0,0,0,0,0,0,0
127,0,96,10,0,0,0,0,0,0,1,0,0,0,0,0,44,1,20,22,22,50,22,66,59,0,0,0,0,0,0,0,0,0,0,0,0,0,0,0,0,0,0,0,0,0,0,0,0,0,0,0
127,0,96,10,0,0,0,0,0,0,1,0,0,0,0,0,44,1,34,22,22,50,22,66,59,0,0,0,0,0,0,0,0,0,0,0,0,0,0,0,0,0,0,0,0,0,0,0,0,0,0,0
127,0,96,10,0,0,0,0,0,0,1,0,0,0,0,0,44,1,41,22,22,50,22,66,69,0,0,0,0,0,0,0,0,0,0,0,0,0,0,0,0,0,0,0,0,0,0,0,0,0,0,0
127,0,96,10,0,0,0,0,0,0,1,0,0,0,0,0,44,1,37,22,22,50,22,66,69,0,0,0,0,0,0,0,0,0,0,0,0,0,0,0,0,0,0,0,0,0,0,0,0,0,0,0
127,0,96,10,0,0,0,0,0,0,1,0,0,0,0,0,44,1,30,22,22,50,22,66,69,0,0,0,0,0,0,0,0,0,0,0,0,0,0,0,0,0,0,0,0,0,0,0,0,0,0,0
127,0,96,9,0,0,0,0,0,0,1,0,0,0,0,0,44,1,22,22,22,50,22,66,30,0,0,0,0,0,0,0,0,0,0,0,0,0,0,0,0,0,0,0,0,0,0,0,0,0,0,0
127,0,96,10,0,0,0,0,0,0,1,0,0,0,0,0,44,1,40,22,22,50,22,66,19,0,0,0,0,0,0,0,0,0,0,0,0,0,0,0,0,0,0,0,0,0,0,0,0,0,0,0
127,0,96,10,0,0,0,0,0,0,1,0,0,0,0,0,44,1,38,22,22,50,22,66,9,0,0,0,0,0,0,0,0,0,0,0,0,0,0,0,0,0,0,0,0,0,0,0,0,0,0,0
127,0,96,9,0,0,0,0,0,0,1,0,0,0,0,0,44,1,27,22,22,50,22,66,9,0,0,0,0,0,0,0,0,0,0,0,0,0,0,0,0,0,0,0,0,0,0,0,0,0,0,0
127,0,96,10,0,0,0,0,0,0,1,0,0,0,0,0,44,1,32,22,22,50,22,66,19,0,0,0,0,0,0,0,0,0,0,0,0,0,0,0,0,0,0,0,0,0,0,0,0,0,0,0
127,0,96,10,0,0,0,0,0,0,1,0,0,0,0,0,44,1,40,22,22,50,22,66,30,0,0,0,0,0,0,0,0,0,0,0,0,0,0,0,0,0,0,0,0,0,0,0,0,0,0,0
127,0,96,10,0,0,0,0,0,0,1,0,0,0,0,0,44,1,35,22,22,50,22,66,40,0,0,0,0,0,0,0,0,0,0,0,0,0,0,0,0,0,0,0,0,0,0,0,0,0,0,0
127,0,96,10,0,0,0,0,0,0,1,0,0,0,0,0,44,1,18,22,22,50,22,66,50,0,0,0,0,0,0,0,0,0,0,0,0,0,0,0,0,0,0,0,0,0,0,0,0,0,0,0
127,0,96,10,0,0,0,0,0,0,1,0,0,0,0,0,44,1,35,22,22,50,22,66,59,0,0,0,0,0,0,0,0,0,0,0,0,0,0,0,0,0,0,0,0,0,0,0,0,0,0,0
127,0,96,10,0,0,0,0,0,0,1,0,0,0,0,0,44,1,40,22,22,50,22,66,40,0,0,0,0,0,0,0,0,0,0,0,0,0,0,0,0,0,0,0,0,0,0,0,0,0,0,0
127,0,96,10,0,0,0,0,0,0,1,0,0,0,0,0,44,1,34,22,22,50,22,66,19,0,0,0,0,0,0,0,0,0,0,0,0,0,0,0,0,0,0,0,0,0,0,0,0,0,0,0
127,0,96,10,0,0,0,0,0,0,1,0,0,0,0,0,44,1,20,22,22,50,22,66,9,0,0,0,0,0,0,0,0,0,0,0,0,0,0,0,0,0,0,0,0,0,0,0,0,0,0,0
127,0,96,10,0,0,0,0,0,0,1,0,0,0,0,0,44,1,38,22,22,50,22,66,9,0,0,0,0,0,0,0,0,0,0,0,0,0,0,0,0,0,0,0,0,0,0,0,0,0,0,0
127,0,96,10,0,0,0,0,0,0,1,0,0,0,0,0,44,1,37,22,22,50,22,66,0,0,0,0,0,0,0,0,0,0,0,0,0,0,0,0,0,0,0,0,0,0,0,0,0,0,0,0
127,0,96,10,0,0,0,0,0,0,1,0,0,0,0,0,44,1,26,22,22,50,22,66,19,0,0,0,0,0,0,0,0,0,0,0,0,0,0,0,0,0,0,0,0,0,0,0,0,0,0,0
127,0,96,9,0,0,0,0,0,0,1,0,0,0,0,0,44,1,29,22,22,50,22,66,30,0,0,0,0,0,0,0,0,0,0,0,0,0,0,0,0,0,0,0,0,0,0,0,0,0,0,0
127,0,96,10,0,0,0,0,0,0,1,0,0,0,0,0,44,1,41,22,22,50,22,66,40,0,0,0,0,0,0,0,0,0,0,0,0,0,0,0,0,0,0,0,0,0,0,0,0,0,0,0
127,0,96,10,0,0,0,0,0,0,1,0,0,0,0,0,44,1,34,22,22,50,22,66,50,0,0,0,0,0,0,0,0,0,0,0,0,0,0,0,0,0,0,0,0,0,0,0,0,0,0,0
127,0,96,10,0,0,0,0,0,0,1,0,0,0,0,0,44,1,25,22,22,50,22,66,59,0,0,0,0,0,0,0,0,0,0,0,0,0,0,0,0,0,0,0,0,0,0,0,0,0,0,0
127,0,96,10,0,0,0,0,0,0,1,0,0,0,0,0,44,1,41,22,22,50,22,66,69,0,0,0,0,0,0,0,0,0,0,0,0,0,0,0,0,0,0,0,0,0,0,0,0,0,0,0
127,0,96,10,0,0,0,0,0,0,1,0,0,0,0,0,44,1,35,22,22,50,22,66,80,0,0,0,0,0,0,0,0,0,0,0,0,0,0,0,0,0,0,0,0,0,0,0,0,0,0,0
127,0,96,10,0,0,0,0,0,0,1,0,0,0,0,0,44,1,21,22,22,50,22,66,59,0,0,0,0,0,0,0,0,0,0,0,0,0,0,0,0,0,0,0,0,0,0,0,0,0,0,0
127,0,96,10,0,0,0,0,0,0,1,0,0,0,0,0,44,1,42,22,22,50,22,66,30,0,0,0,0,0,0,0,0,0,0,0,0,0,0,0,0,0,0,0,0,0,0,0,0,0,0,0
127,0,96,10,0,0,0,0,0,0,1,0,0,0,0,0,44,1,37,22,22,50,22,66,9,0,0,0,0,0,0,0,0,0,0,0,0,0,0,0,0,0,0,0,0,0,0,0,0,0,0,0
127,0,96,10,0,0,0,0,0,0,1,0,0,0,0,0,44,1,20,22,22,50,22,66,9,0,0,0,0,0,0,0,0,0,0,0,0,0,0,0,0,0,0,0,0,0,0,0,0,0,0,0
127,0,96,10,0,0,0,0,0,0,1,0,0,0,0,0,44,1,38,22,22,50,22,66,9,0,0,0,0,0,0,0,0,0,0,0,0,0,0,0,0,0,0,0,0,0,0,0,0,0,0,0
127,0,96,10,0,0,0,0,0,0,1,0,0,0,0,0,44,1,38,22,22,50,22,66,19,0,0,0,0,0,0,0,0,0,0,0,0,0,0,0,0,0,0,0,0,0,0,0,0,0,0,0
127,0,96,10,0,0,0,0,0,0,1,0,0,0,0,0,44,1,18,22,22,50,22,66,40,0,0,0,0,0,0,0,0,0,0,0,0,0,0,0,0,0,0,0,0,0,0,0,0,0,0,0
127,0,96,11,0,0,0,0,0,0,1,0,0,0,0,0,44,1,33,22,22,50,22,66,50,0,0,0,0,0,0,0,0,0,0,0,0,0,0,0,0,0,0,0,0,0,0,0,0,0,0,0
127,0,96,10,0,0,0,0,0,0,1,0,0,0,0,0,44,1,41,22,22,50,22,66,40,0,0,0,0,0,0,0,0,0,0,0,0,0,0,0,0,0,0,0,0,0,0,0,0,0,0,0
127,0,96,9,0,0,0,0,0,0,1,0,0,0,0,0,44,1,36,22,22,50,22,66,19,0,0,0,0,0,0,0,0,0,0,0,0,0,0,0,0,0,0,0,0,0,0,0,0,0,0,0
127,0,96,10,0,0,0,0,0,0,1,0,0,0,0,0,44,1,21,22,22,50,22,66,9,0,0,0,0,0,0,0,0,0,0,0,0,0,0,0,0,0,0,0,0,0,0,0,0,0,0,0
127,0,96,10,0,0,0,0,0,0,1,0,0,0,0,0,44,1,32,22,22,50,22,66,0,0,0,0,0,0,0,0,0,0,0,0,0,0,0,0,0,0,0,0,0,0,0,0,0,0,0,0
127,0,96,10,0,0,0,0,0,0,1,0,0,0,0,0,44,1,41,22,22,50,22,66,0,0,0,0,0,0,0,0,0,0,0,0,0,0,0,0,0,0,0,0,0,0,0,0,0,0,0,0
127,0,96,10,0,0,0,0,0,0,1,0,0,0,0,0,44,1,36,22,22,50,22,66,19,0,0,0,0,0,0,0,0,0,0,0,0,0,0,0,0,0,0,0,0,0,0,0,0,0,0,0
127,0,96,10,0,0,0,0,0,0,1,0,0,0,0,0,44,1,26,22,22,39,22,66,30,0,0,0,0,0,0,0,0,0,0,0,0,0,0,0,0,0,0,0,0,0,0,0,0,0,0,0
127,0,96,10,0,0,0,0,0,0,1,0,0,0,0,0,44,1,27,22,22,39,22,66,30,0,0,0,0,0,0,0,0,0,0,0,0,0,0,0,0,0,0,0,0,0,0,0,0,0,0,0
127,0,96,10,0,0,0,0,0,0,1,0,0,0,0,0,44,1,42,22,22,39,22,66,50,0,0,0,0,0,0,0,0,0,0,0,0,0,0,0,0,0,0,0,0,0,0,0,0,0,0,0
127,0,96,10,0,0,0,0,0,0,1,0,0,0,0,0,44,1,36,22,22,39,22,66,50,0,0,0,0,0,0,0,0,0,0,0,0,0,0,0,0,0,0,0,0,0,0,0,0,0,0,0
127,0,96,10,0,0,0,0,0,0,1,0,0,0,0,0,44,1,23,22,22,39,22,66,50,0,0,0,0,0,0,0,0,0,0,0,0,0,0,0,0,0,0,0,0,0,0,0,0,0,0,0
127,0,96,10,0,0,0,0,0,0,1,0,0,0,0,0,44,1,34,22,22,50,22,66,69,0,0,0,0,0,0,0,0,0,0,0,0,0,0,0,0,0,0,0,0,0,0,0,0,0,0,0
127,0,96,10,0,0,0,0,0,0,1,0,0,0,0,0,44,1,40,22,22,39,22,66,30,0,0,0,0,0,0,0,0,0,0,0,0,0,0,0,0,0,0,0,0,0,0,0,0,0,0,0
127,0,96,10,0,0,0,0,0,0,1,0,0,0,0,0,44,1,30,22,22,50,22,66,19,0,0,0,0,0,0,0,0,0,0,0,0,0,0,0,0,0,0,0,0,0,0,0,0,0,0,0
127,0,96,4,0,0,0,48,0,0,1,0,0,0,0,0,44,1,29,22,22,50,22,66,0,0,0,0,0,0,0,0,0,64,0,0,0,0,0,0,0,0,0,192,0,0,0,0,0,0,160,0
127,0,96,9,0,0,0,0,0,0,1,0,0,0,0,0,44,1,40,22,22,50,22,66,0,0,0,0,0,0,0,0,0,0,0,0,0,0,0,0,0,0,0,0,0,0,0,0,0,0,0,0
127,0,96,10,0,0,0,0,0,0,1,0,0,0,0,0,44,1,33,22,22,50,22,66,9,0,0,0,0,0,0,0,0,0,0,0,0,0,0,0,0,0,0,0,0,0,0,0,0,0,0,0
127,0,96,10,0,0,0,0,0,0,1,0,0,0,0,0,44,1,21,22,22,39,22,66,9,0,0,0,0,0,0,0,0,0,0,0,0,0,0,0,0,0,0,0,0,0,0,0,0,0,0,0
127,0,96,10,0,0,0,0,0,0,1,0,0,0,0,0,44,1,38,22,22,39,22,66,19,0,0,0,0,0,0,0,0,0,0,0,0,0,0,0,0,0,0,0,0,0,0,0,0,0,0,0
127,0,96,10,0,0,0,0,0,0,1,0,0,0,0,0,44,1,40,22,22,39,22,66,40,0,0,0,0,0,0,0,0,0,0,0,0,0,0,0,0,0,0,0,0,0,0,0,0,0,0,0
127,0,96,9,0,0,0,0,0,0,1,0,0,0,0,0,44,1,35,22,22,39,22,66,50,0,0,0,0,0,0,0,0,0,0,0,0,0,0,0,0,0,0,0,0,0,0,0,0,0,0,0
127,0,96,10,0,0,0,0,0,0,1,0,0,0,0,0,44,1,21,22,22,39,22,66,59,0,0,0,0,0,0,0,0,0,0,0,0,0,0,0,0,0,0,0,0,0,0,0,0,0,0,0
127,0,94,10,0,0,0,0,0,0,1,0,0,0,0,0,44,1,37,22,22,39,22,66,69,0,0,0,0,0,0,0,0,0,0,0,0,0,0,0,0,0,0,0,0,0,0,0,0,0,0,0
127,0,96,10,0,0,0,0,0,0,1,0,0,0,0,0,44,1,40,22,22,39,22,66,59,0,0,0,0,0,0,0,0,0,0,0,0,0,0,0,0,0,0,0,0,0,0,0,0,0,0,0
127,0,96,10,0,0,0,0,0,0,1,0,0,0,0,0,44,1,36,22,22,39,22,66,40,0,0,0,0,0,0,0,0,0,0,0,0,0,0,0,0,0,0,0,0,0,0,0,0,0,0,0
127,0,96,10,0,0,0,0,0,0,1,0,0,0,0,0,44,1,32,22,22,39,22,66,30,0,0,0,0,0,0,0,0,0,0,0,0,0,0,0,0,0,0,0,0,0,0,0,0,0,0,0
127,0,96,10,0,0,0,0,0,0,1,0,0,0,0,0,44,1,18,22,22,39,22,66,9,0,0,0,0,0,0,0,0,0,0,0,0,0,0,0,0,0,0,0,0,0,0,0,0,0,0,0
127,0,96,10,0,0,0,0,0,0,1,0,0,0,0,0,44,1,27,22,22,39,22,66,19,0,0,0,0,0,0,0,0,0,0,0,0,0,0,0,0,0,0,0,0,0,0,0,0,0,0,0
127,0,96,10,0,0,0,0,0,0,1,0,0,0,0,0,44,1,41,22,22,39,22,66,30,0,0,0,0,0,0,0,0,0,0,0,0,0,0,0,0,0,0,0,0,0,0,0,0,0,0,0
127,0,96,10,0,0,0,0,0,0,1,0,0,0,0,0,44,1,39,22,22,39,22,66,40,0,0,0,0,0,0,0,0,0,0,0,0,0,0,0,0,0,0,0,0,0,0,0,0,0,0,0
127,0,96,10,0,0,0,0,0,0,1,0,0,0,0,0,44,1,35,22,22,39,22,66,40,0,0,0,0,0,0,0,0,0,0,0,0,0,0,0,0,0,0,0,0,0,0,0,0,0,0,0
127,0,96,10,0,0,0,0,0,0,1,0,0,0,0,0,44,1,18,22,22,39,22,66,50,0,0,0,0,0,0,0,0,0,0,0,0,0,0,0,0,0,0,0,0,0,0,0,0,0,0,0
127,0,96,10,0,0,0,0,0,0,1,0,0,0,0,0,44,1,33,22,22,39,22,66,59,0,0,0,0,0,0,0,0,0,0,0,0,0,0,0,0,0,0,0,0,0,0,0,0,0,0,0
127,0,96,10,0,0,0,0,0,0,1,0,0,0,0,0,44,1,40,22,22,39,22,66,69,0,0,0,0,0,0,0,0,0,0,0,0,0,0,0,0,0,0,0,0,0,0,0,0,0,0,0
127,0,96,10,0,0,0,0,0,0,1,0,0,0,0,0,44,1,26,22,22,39,22,66,80,0,0,0,0,0,0,0,0,0,0,0,0,0,0,0,0,0,0,0,0,0,0,0,0,0,0,0
127,0,96,10,0,0,0,0,0,0,1,0,0,0,0,0,44,1,25,22,22,39,22,66,59,0,0,0,0,0,0,0,0,0,0,0,0,0,0,0,0,0,0,0,0,0,0,0,0,0,0,0
127,0,96,10,0,0,0,0,0,0,1,0,0,0,0,0,44,1,41,22,22,39,22,66,40,0,0,0,0,0,0,0,0,0,0,0,0,0,0,0,0,0,0,0,0,0,0,0,0,0,0,0
127,0,96,10,0,0,0,0,0,0,1,0,0,0,0,0,44,1,35,22,22,39,22,66,30,0,0,0,0,0,0,0,0,0,0,0,0,0,0,0,0,0,0,0,0,0,0,0,0,0,0,0
127,0,96,10,0,0,0,0,0,0,1,0,0,0,0,0,44,1,18,22,22,39,22,66,30,0,0,0,0,0,0,0,0,0,0,0,0,0,0,0,0,0,0,0,0,0,0,0,0,0,0,0
127,0,96,4,0,0,0,48,0,0,1,0,0,0,0,0,44,1,34,22,22,39,214,66,40,0,0,0,0,0,0,0,96,128,0,0,0,0,0,0,0,0,1,192,0,0,0,0,0,0,0,0
127,0,96,10,0,0,0,0,0,0,1,0,0,0,0,0,44,1,38,22,22,39,22,66,50,0,0,0,0,0,0,0,0,0,0,0,0,0,0,0,0,0,0,0,0,0,0,0,0,0,0,0
127,0,96,9,0,0,0,0,0,0,1,0,0,0,0,0,44,1,32,22,22,39,22,66,50,0,0,0,0,0,0,0,0,0,0,0,0,0,0,0,0,0,0,0,0,0,0,0,0,0,0,0
127,0,96,10,0,0,0,0,0,0,1,0,0,0,0,0,44,1,25,22,22,39,22,66,59,0,0,0,0,0,0,0,0,0,0,0,0,0,0,0,0,0,0,0,0,0,0,0,0,0,0,0
127,0,96,10,0,0,0,0,0,0,1,0,0,0,0,0,44,1,41,22,22,39,22,66,69,0,0,0,0,0,0,0,0,0,0,0,0,0,0,0,0,0,0,0,0,0,0,0,0,0,0,0
127,0,96,11,0,0,0,0,0,0,1,0,0,0,0,0,44,1,37,22,22,39,22,66,69,0,0,0,0,0,0,0,0,0,0,0,0,0,0,0,0,0,0,0,0,0,0,0,0,0,0,0
127,0,96,10,0,0,0,0,0,0,1,0,0,0,0,0,44,1,30,22,22,39,22,66,50,0,0,0,0,0,0,0,0,0,0,0,0,0,0,0,0,0,0,0,0,0,0,0,0,0,0,0
127,0,96,10,0,0,0,0,0,0,1,0,0,0,0,0,44,1,21,22,22,39,22,66,19,0,0,0,0,0,0,0,0,0,0,0,0,0,0,0,0,0,0,0,0,0,0,0,0,0,0,0
127,0,96,10,0,0,0,0,0,0,1,0,0,0,0,0,44,1,36,22,22,39,22,66,19,0,0,0,0,0,0,0,0,0,0,0,0,0,0,0,0,0,0,0,0,0,0,0,0,0,0,0
127,0,96,10,0,0,0,0,0,0,1,0,0,0,0,0,44,1,40,22,22,39,22,66,9,0,0,0,0,0,0,0,0,0,0,0,0,0,0,0,0,0,0,0,0,0,0,0,0,0,0,0
127,0,96,10,0,0,0,0,0,0,1,0,0,0,0,0,44,1,35,22,22,39,22,66,19,0,0,0,0,0,0,0,0,0,0,0,0,0,0,0,0,0,0,0,0,0,0,0,0,0,0,0
127,0,96,10,0,0,0,0,0,0,1,0,0,0,0,0,44,1,23,22,22,39,22,66,40,0,0,0,0,0,0,0,0,0,0,0,0,0,0,0,0,0,0,0,0,0,0,0,0,0,0,0
127,0,96,9,0,0,0,0,0,0,1,0,0,0,0,0,44,1,27,22,22,39,22,66,50,0,0,0,0,0,0,0,0,0,0,0,0,0,0,0,0,0,0,0,0,0,0,0,0,0,0,0
127,0,96,10,0,0,0,0,0,0,1,0,0,0,0,0,44,1,41,22,22,39,22,66,50,0,0,0,0,0,0,0,0,0,0,0,0,0,0,0,0,0,0,0,0,0,0,0,0,0,0,0
127,0,96,10,0,0,0,0,0,0,1,0,0,0,0,0,44,1,36,22,22,39,22,66,59,0,0,0,0,0,0,0,0,0,0,0,0,0,0,0,0,0,0,0,0,0,0,0,0,0,0,0
127,0,96,10,0,0,0,0,0,0,1,0,0,0,0,0,44,1,23,22,22,39,22,66,59,0,0,0,0,0,0,0,0,0,0,0,0,0,0,0,0,0,0,0,0,0,0,0,0,0,0,0
127,0,96,10,0,0,0,0,0,0,1,0,0,0,0,0,44,1,32,22,22,39,22,66,59,0,0,0,0,0,0,0,0,0,0,0,0,0,0,0,0,0,0,0,0,0,0,0,0,0,0,0
127,0,96,9,0,0,0,0,0,0,1,0,0,0,0,0,44,1,38,22,22,39,22,66,40,0,0,0,0,0,0,0,0,0,0,0,0,0,0,0,0,0,0,0,0,0,0,0,0,0,0,0
127,0,96,10,0,0,0,0,0,0,1,0,0,0,0,0,44,1,28,22,22,39,22,66,19,0,0,0,0,0,0,0,0,0,0,0,0,0,0,0,0,0,0,0,0,0,0,0,0,0,0,0
127,0,96,10,0,0,0,0,0,0,1,0,0,0,0,0,44,1,28,22,22,39,22,66,0,0,0,0,0,0,0,0,0,0,0,0,0,0,0,0,0,0,0,0,0,0,0,0,0,0,0,0
127,0,96,10,0,0,0,0,0,0,1,0,0,0,0,0,44,1,38,22,22,39,22,66,9,0,0,0,0,0,0,0,0,0,0,0,0,0,0,0,0,0,0,0,0,0,0,0,0,0,0,0
127,0,96,10,0,0,0,0,0,0,1,0,0,0,0,0,44,1,22,22,22,39,22,66,30,0,0,0,0,0,0,0,0,0,0,0,0,0,0,0,0,0,0,0,0,0,0,0,0,0,0,0
127,0,96,10,0,0,0,0,0,0,1,0,0,0,0,0,44,1,40,22,22,39,22,66,40,0,0,0,0,0,0,0,0,0,0,0,0,0,0,0,0,0,0,0,0,0,0,0,0,0,0,0
127,0,96,10,0,0,0,0,0,0,1,0,0,0,0,0,44,1,34,22,22,39,22,66,40,0,0,0,0,0,0,0,0,0,0,0,0,0,0,0,0,0,0,0,0,0,0,0,0,0,0,0
127,0,96,10,0,0,0,0,0,0,1,0,0,0,0,0,44,1,26,22,22,39,22,66,40,0,0,0,0,0,0,0,0,0,0,0,0,0,0,0,0,0,0,0,0,0,0,0,0,0,0,0
127,0,96,10,0,0,0,0,0,0,1,0,0,0,0,0,44,1,39,22,22,39,22,66,40,0,0,0,0,0,0,0,0,0,0,0,0,0,0,0,0,0,0,0,0,0,0,0,0,0,0,0
127,0,96,10,0,0,0,0,0,0,1,0,0,0,0,0,44,1,32,22,22,50,22,66,50,0,0,0,0,0,0,0,0,0,0,0,0,0,0,0,0,0,0,0,0,0,0,0,0,0,0,0
127,0,96,10,0,0,0,0,0,0,1,0,0,0,0,0,44,1,23,22,22,50,22,66,40,0,0,0,0,0,0,0,0,0,0,0,0,0,0,0,0,0,0,0,0,0,0,0,0,0,0,0
127,0,94,10,0,0,0,0,0,0,1,0,0,0,0,0,44,1,41,22,22,50,22,66,9,0,0,0,0,0,0,0,0,0,0,0,0,0,0,0,0,0,0,0,0,0,0,0,0,0,0,0
127,0,96,10,0,0,0,0,0,0,1,0,0,0,0,0,44,1,34,22,22,50,22,65,80,0,0,0,0,0,0,0,0,0,0,0,0,0,0,0,0,0,0,0,0,0,0,0,0,0,0,0
127,0,96,10,0,0,0,0,0,0,1,0,0,0,0,0,44,1,20,22,22,50,22,65,80,0,0,0,0,0,0,0,0,0,0,0,0,0,0,0,0,0,0,0,0,0,0,0,0,0,0,0
127,0,96,10,0,0,0,0,0,0,1,0,0,0,0,0,44,1,41,22,22,39,22,65,80,0,0,0,0,0,0,0,0,0,0,0,0,0,0,0,0,0,0,0,0,0,0,0,0,0,0,0
127,0,96,10,0,0,0,0,0,0,1,0,0,0,0,0,44,1,34,22,22,39,22,65,90,0,0,0,0,0,0,0,0,0,0,0,0,0,0,0,0,0,0,0,0,0,0,0,0,0,0,0
127,0,96,9,0,0,0,0,0,0,1,0,0,0,0,0,44,1,17,22,22,39,22,66,0,0,0,0,0,0,0,0,0,0,0,0,0,0,0,0,0,0,0,0,0,0,0,0,0,0,0,0
127,0,96,10,0,0,0,0,0,0,1,0,0,0,0,0,44,1,38,22,22,39,22,66,9,0,0,0,0,0,0,0,0,0,0,0,0,0,0,0,0,0,0,0,0,0,0,0,0,0,0,0
127,0,96,10,0,0,0,0,0,0,1,0,0,0,0,0,44,1,36,22,22,39,22,66,19,0,0,0,0,0,0,0,0,0,0,0,0,0,0,0,0,0,0,0,0,0,0,0,0,0,0,0
127,0,96,10,0,0,0,0,0,0,1,0,0,0,0,0,44,1,21,22,22,39,22,66,30,0,0,0,0,0,0,0,0,0,0,0,0,0,0,0,0,0,0,0,0,0,0,0,0,0,0,0
127,0,96,10,0,0,0,0,0,0,1,0,0,0,0,0,44,1,35,22,22,50,22,66,40,0,0,0,0,0,0,0,0,0,0,0,0,0,0,0,0,0,0,0,0,0,0,0,0,0,0,0
127,0,96,10,0,0,0,0,0,0,1,0,0,0,0,0,44,1,36,22,22,39,22,66,19,0,0,0,0,0,0,0,0,0,0,0,0,0,0,0,0,0,0,0,0,0,0,0,0,0,0,0
127,0,96,10,0,0,0,0,0,0,1,0,0,0,0,0,44,1,18,22,22,39,22,66,0,0,0,0,0,0,0,0,0,0,0,0,0,0,0,0,0,0,0,0,0,0,0,0,0,0,0,0
127,0,96,10,0,0,0,0,0,0,1,0,0,0,0,0,44,1,40,22,22,39,22,65,90,0,0,0,0,0,0,0,0,0,0,0,0,0,0,0,0,0,0,0,0,0,0,0,0,0,0,0
127,0,96,9,0,0,0,0,0,0,1,0,0,0,0,0,44,1,27,22,22,39,22,65,80,0,0,0,0,0,0,0,0,0,0,0,0,0,0,0,0,0,0,0,0,0,0,0,0,0,0,0
127,0,96,10,0,0,0,0,0,0,1,0,0,0,0,0,44,1,41,22,22,39,22,65,90,0,0,0,0,0,0,0,0,0,0,0,0,0,0,0,0,0,0,0,0,0,0,0,0,0,0,0
127,0,96,10,0,0,0,0,0,0,1,0,0,0,0,0,44,1,26,22,22,39,22,66,9,0,0,0,0,0,0,0,0,0,0,0,0,0,0,0,0,0,0,0,0,0,0,0,0,0,0,0
127,0,96,10,0,0,0,0,0,0,1,0,0,0,0,0,44,1,41,22,22,39,22,66,30,0,0,0,0,0,0,0,0,0,0,0,0,0,0,0,0,0,0,0,0,0,0,0,0,0,0,0
127,0,94,10,0,0,0,0,0,0,1,0,0,0,0,0,44,1,27,22,22,39,22,66,40,0,0,0,0,0,0,0,0,0,0,0,0,0,0,0,0,0,0,0,0,0,0,0,0,0,0,0
127,0,96,10,0,0,0,0,0,0,1,0,0,0,0,0,44,1,36,22,22,39,22,66,50,0,0,0,0,0,0,0,0,0,0,0,0,0,0,0,0,0,0,0,0,0,0,0,0,0,0,0
127,0,96,10,0,0,0,0,0,0,1,0,0,0,0,0,44,1,36,22,22,39,22,66,59,0,0,0,0,0,0,0,0,0,0,0,0,0,0,0,0,0,0,0,0,0,0,0,0,0,0,0
127,0,96,10,0,0,0,0,0,0,1,0,0,0,0,0,44,1,20,22,22,39,22,66,59,0,0,0,0,0,0,0,0,0,0,0,0,0,0,0,0,0,0,0,0,0,0,0,0,0,0,0
127,0,96,10,0,0,0,0,0,0,1,0,0,0,0,0,44,1,34,22,22,39,22,66,40,0,0,0,0,0,0,0,0,0,0,0,0,0,0,0,0,0,0,0,0,0,0,0,0,0,0,0
127,0,96,10,0,0,0,0,0,0,1,0,0,0,0,0,44,1,38,22,22,39,22,66,19,0,0,0,0,0,0,0,0,0,0,0,0,0,0,0,0,0,0,0,0,0,0,0,0,0,0,0
127,0,96,10,0,0,0,0,0,0,1,0,0,0,0,0,44,1,34,22,22,39,22,66,0,0,0,0,0,0,0,0,0,0,0,0,0,0,0,0,0,0,0,0,0,0,0,0,0,0,0,0
127,0,96,10,0,0,0,0,0,0,1,0,0,0,0,0,44,1,26,22,22,39,22,65,90,0,0,0,0,0,0,0,0,0,0,0,0,0,0,0,0,0,0,0,0,0,0,0,0,0,0,0
127,0,96,10,0,0,0,0,0,0,1,0,0,0,0,0,44,1,16,22,22,39,22,65,90,0,0,0,0,0,0,0,0,0,0,0,0,0,0,0,0,0,0,0,0,0,0,0,0,0,0,0
127,0,98,10,0,0,0,0,0,0,1,0,0,0,0,0,44,1,21,22,22,39,22,66,0,0,0,0,0,0,0,0,0,0,0,0,0,0,0,0,0,0,0,0,0,0,0,0,0,0,0,0
127,0,96,10,0,0,0,0,0,0,1,0,0,0,0,0,44,1,27,22,22,39,22,66,9,0,0,0,0,0,0,0,0,0,0,0,0,0,0,0,0,0,0,0,0,0,0,0,0,0,0,0
127,0,96,10,0,0,0,0,0,0,1,0,0,0,0,0,44,1,33,22,22,39,22,66,30,0,0,0,0,0,0,0,0,0,0,0,0,0,0,0,0,0,0,0,0,0,0,0,0,0,0,0
127,0,96,10,0,0,0,0,0,0,1,0,0,0,0,0,44,1,38,22,22,39,22,66,30,0,0,0,0,0,0,0,0,0,0,0,0,0,0,0,0,0,0,0,0,0,0,0,0,0,0,0
127,0,96,10,0,0,0,0,0,0,1,0,0,0,0,0,44,1,40,22,22,39,22,66,40,0,0,0,0,0,0,0,0,0,0,0,0,0,0,0,0,0,0,0,0,0,0,0,0,0,0,0
127,0,96,10,0,0,0,0,0,0,1,0,0,0,0,0,44,1,37,22,22,39,22,66,40,0,0,0,0,0,0,0,0,0,0,0,0,0,0,0,0,0,0,0,0,0,0,0,0,0,0,0
127,0,94,10,0,0,0,0,0,0,1,0,0,0,0,0,44,1,34,22,22,39,22,66,30,0,0,0,0,0,0,0,0,0,0,0,0,0,0,0,0,0,0,0,0,0,0,0,0,0,0,0
127,0,96,10,0,0,0,0,0,0,1,0,0,0,0,0,44,1,26,22,22,39,22,66,0,0,0,0,0,0,0,0,0,0,0,0,0,0,0,0,0,0,0,0,0,0,0,0,0,0,0,0
127,0,96,10,0,0,0,0,0,0,1,0,0,0,0,0,44,1,23,22,22,39,22,65,90,0,0,0,0,0,0,0,0,0,0,0,0,0,0,0,0,0,0,0,0,0,0,0,0,0,0,0
127,0,96,10,0,0,0,0,0,0,1,0,0,0,0,0,44,1,41,22,22,39,22,65,80,0,0,0,0,0,0,0,0,0,0,0,0,0,0,0,0,0,0,0,0,0,0,0,0,0,0,0
127,0,96,10,0,0,0,0,0,0,1,0,0,0,0,0,44,1,36,22,22,39,22,65,90,0,0,0,0,0,0,0,0,0,0,0,0,0,0,0,0,0,0,0,0,0,0,0,0,0,0,0
127,0,96,10,0,0,0,0,0,0,1,0,0,0,0,0,44,1,20,22,22,39,22,65,90,0,0,0,0,0,0,0,0,0,0,0,0,0,0,0,0,0,0,0,0,0,0,0,0,0,0,0
127,0,96,10,0,0,0,0,0,0,1,0,0,0,0,0,44,1,34,22,22,39,22,66,0,0,0,0,0,0,0,0,0,0,0,0,0,0,0,0,0,0,0,0,0,0,0,0,0,0,0,0
127,0,96,10,0,0,0,0,0,0,1,0,0,0,0,0,44,1,37,22,22,39,22,66,9,0,0,0,0,0,0,0,0,0,0,0,0,0,0,0,0,0,0,0,0,0,0,0,0,0,0,0
127,0,96,10,0,0,0,0,0,0,1,0,0,0,0,0,44,1,23,22,22,39,22,66,30,0,0,0,0,0,0,0,0,0,0,0,0,0,0,0,0,0,0,0,0,0,0,0,0,0,0,0
127,0,96,10,0,0,0,0,0,0,1,0,0,0,0,0,44,1,32,22,22,39,22,66,40,0,0,0,0,0,0,0,0,0,0,0,0,0,0,0,0,0,0,0,0,0,0,0,0,0,0,0
127,0,96,10,0,0,0,0,0,0,1,0,0,0,0,0,44,1,38,22,22,39,22,66,50,0,0,0,0,0,0,0,0,0,0,0,0,0,0,0,0,0,0,0,0,0,0,0,0,0,0,0
127,0,96,10,0,0,0,0,0,0,1,0,0,0,0,0,44,1,34,22,22,39,22,66,40,0,0,0,0,0,0,0,0,0,0,0,0,0,0,0,0,0,0,0,0,0,0,0,0,0,0,0
127,0,96,10,0,0,0,0,0,0,1,0,0,0,0,0,44,1,18,22,22,39,22,66,0,0,0,0,0,0,0,0,0,0,0,0,0,0,0,0,0,0,0,0,0,0,0,0,0,0,0,0
127,0,96,10,0,0,0,0,0,0,1,0,0,0,0,0,44,1,20,22,22,39,22,66,0,0,0,0,0,0,0,0,0,0,0,0,0,0,0,0,0,0,0,0,0,0,0,0,0,0,0,0
127,0,96,10,0,0,0,0,0,0,1,0,0,0,0,0,44,1,26,22,22,39,22,66,0,0,0,0,0,0,0,0,0,0,0,0,0,0,0,0,0,0,0,0,0,0,0,0,0,0,0,0
127,0,96,10,0,0,0,0,0,0,1,0,0,0,0,0,44,1,34,22,22,39,22,66,9,0,0,0,0,0,0,0,0,0,0,0,0,0,0,0,0,0,0,0,0,0,0,0,0,0,0,0
127,0,96,10,0,0,0,0,0,0,1,0,0,0,0,0,44,1,41,22,22,39,22,66,30,0,0,0,0,0,0,0,0,0,0,0,0,0,0,0,0,0,0,0,0,0,0,0,0,0,0,0
127,0,96,10,0,0,0,0,0,0,1,0,0,0,0,0,44,1,38,22,22,39,22,66,30,0,0,0,0,0,0,0,0,0,0,0,0,0,0,0,0,0,0,0,0,0,0,0,0,0,0,0
127,0,96,9,0,0,0,0,0,0,1,0,0,0,0,0,44,1,36,22,22,39,22,66,40,0,0,0,0,0,0,0,0,0,0,0,0,0,0,0,0,0,0,0,0,0,0,0,0,0,0,0
127,0,96,10,0,0,0,0,0,0,1,0,0,0,0,0,44,1,29,22,22,39,22,66,40,0,0,0,0,0,0,0,0,0,0,0,0,0,0,0,0,0,0,0,0,0,0,0,0,0,0,0
127,0,96,10,0,0,0,0,0,0,1,0,0,0,0,0,44,1,20,22,22,39,22,66,59,0,0,0,0,0,0,0,0,0,0,0,0,0,0,0,0,0,0,0,0,0,0,0,0,0,0,0
127,0,96,10,0,0,0,0,0,0,1,0,0,0,0,0,44,1,40,22,22,39,22,66,40,0,0,0,0,0,0,0,0,0,0,0,0,0,0,0,0,0,0,0,0,0,0,0,0,0,0,0
127,0,96,10,0,0,0,0,0,0,1,0,0,0,0,0,44,1,36,22,22,39,22,66,19,0,0,0,0,0,0,0,0,0,0,0,0,0,0,0,0,0,0,0,0,0,0,0,0,0,0,0
127,0,96,10,0,0,0,0,0,0,1,0,0,0,0,0,44,1,16,22,22,39,22,66,9,0,0,0,0,0,0,0,0,0,0,0,0,0,0,0,0,0,0,0,0,0,0,0,0,0,0,0
127,0,96,10,0,0,0,0,0,0,1,0,0,0,0,0,44,1,40,22,22,39,22,65,90,0,0,0,0,0,0,0,0,0,0,0,0,0,0,0,0,0,0,0,0,0,0,0,0,0,0,0
127,0,96,10,0,0,0,0,0,0,1,0,0,0,0,0,44,1,26,22,22,39,22,65,80,0,0,0,0,0,0,0,0,0,0,0,0,0,0,0,0,0,0,0,0,0,0,0,0,0,0,0
127,0,96,10,0,0,0,0,0,0,1,0,0,0,0,0,44,1,41,22,22,39,22,65,80,0,0,0,0,0,0,0,0,0,0,0,0,0,0,0,0,0,0,0,0,0,0,0,0,0,0,0
127,0,96,9,0,0,0,0,0,0,1,0,0,0,0,0,44,1,26,22,22,39,22,65,90,0,0,0,0,0,0,0,0,0,0,0,0,0,0,0,0,0,0,0,0,0,0,0,0,0,0,0
127,0,96,10,0,0,0,0,0,0,1,0,0,0,0,0,44,1,41,22,22,39,22,66,0,0,0,0,0,0,0,0,0,0,0,0,0,0,0,0,0,0,0,0,0,0,0,0,0,0,0,0
127,0,96,10,0,0,0,0,0,0,1,0,0,0,0,0,44,1,25,22,22,39,22,66,9,0,0,0,0,0,0,0,0,0,0,0,0,0,0,0,0,0,0,0,0,0,0,0,0,0,0,0
127,0,96,10,0,0,0,0,0,0,1,0,0,0,0,0,44,1,41,22,22,29,22,66,9,0,0,0,0,0,0,0,0,0,0,0,0,0,0,0,0,0,0,0,0,0,0,0,0,0,0,0
127,0,96,10,0,0,0,0,0,0,1,0,0,0,0,0,44,1,27,22,22,29,22,66,30,0,0,0,0,0,0,0,0,0,0,0,0,0,0,0,0,0,0,0,0,0,0,0,0,0,0,0
127,0,96,10,0,0,0,0,0,0,1,0,0,0,0,0,44,1,36,22,22,39,22,66,9,0,0,0,0,0,0,0,0,0,0,0,0,0,0,0,0,0,0,0,0,0,0,0,0,0,0,0
127,0,96,10,0,0,0,0,0,0,1,0,0,0,0,0,44,1,16,22,22,39,22,66,9,0,0,0,0,0,0,0,0,0,0,0,0,0,0,0,0,0,0,0,0,0,0,0,0,0,0,0
127,0,96,10,0,0,0,0,0,0,1,0,0,0,0,0,44,1,39,22,22,39,22,66,9,0,0,0,0,0,0,0,0,0,0,0,0,0,0,0,0,0,0,0,0,0,0,0,0,0,0,0
127,0,94,10,0,0,0,0,0,0,1,0,0,0,0,0,44,1,35,22,22,29,22,66,0,0,0,0,0,0,0,0,0,0,0,0,0,0,0,0,0,0,0,0,0,0,0,0,0,0,0,0
127,0,96,10,0,0,0,0,0,0,1,0,0,0,0,0,44,1,23,22,22,29,22,66,9,0,0,0,0,0,0,0,0,0,0,0,0,0,0,0,0,0,0,0,0,0,0,0,0,0,0,0
127,0,96,10,0,0,0,0,0,0,1,0,0,0,0,0,44,1,21,22,22,39,22,66,30,0,0,0,0,0,0,0,0,0,0,0,0,0,0,0,0,0,0,0,0,0,0,0,0,0,0,0
127,0,96,10,0,0,0,0,0,0,1,0,0,0,0,0,44,1,33,22,22,39,22,66,40,0,0,0,0,0,0,0,0,0,0,0,0,0,0,0,0,0,0,0,0,0,0,0,0,0,0,0
127,0,96,10,0,0,0,0,0,0,1,0,0,0,0,0,44,1,40,22,22,39,22,66,50,0,0,0,0,0,0,0,0,0,0,0,0,0,0,0,0,0,0,0,0,0,0,0,0,0,0,0
127,0,96,10,0,0,0,0,0,0,1,0,0,0,0,0,44,1,36,22,22,39,22,66,69,0,0,0,0,0,0,0,0,0,0,0,0,0,0,0,0,0,0,0,0,0,0,0,0,0,0,0
127,0,96,10,0,0,0,0,0,0,1,0,0,0,0,0,44,1,29,22,22,39,22,66,69,0,0,0,0,0,0,0,0,0,0,0,0,0,0,0,0,0,0,0,0,0,0,0,0,0,0,0
127,0,96,10,0,0,0,0,0,0,1,0,0,0,0,0,44,1,20,22,22,39,22,66,59,0,0,0,0,0,0,0,0,0,0,0,0,0,0,0,0,0,0,0,0,0,0,0,0,0,0,0
127,0,96,10,0,0,0,0,0,0,1,0,0,0,0,0,44,1,38,22,22,39,22,66,50,0,0,0,0,0,0,0,0,0,0,0,0,0,0,0,0,0,0,0,0,0,0,0,0,0,0,0
127,0,96,10,0,0,0,0,0,0,1,0,0,0,0,0,44,1,36,22,22,39,22,66,30,0,0,0,0,0,0,0,0,0,0,0,0,0,0,0,0,0,0,0,0,0,0,0,0,0,0,0
127,0,96,9,0,0,0,0,0,0,1,0,0,0,0,0,44,1,18,22,22,39,22,66,30,0,0,0,0,0,0,0,0,0,0,0,0,0,0,0,0,0,0,0,0,0,0,0,0,0,0,0
127,0,96,10,0,0,0,0,0,0,1,0,0,0,0,0,44,1,36,22,22,39,22,66,40,0,0,0,0,0,0,0,0,0,0,0,0,0,0,0,0,0,0,0,0,0,0,0,0,0,0,0
127,0,96,10,0,0,0,0,0,0,1,0,0,0,0,0,44,1,34,22,22,39,22,66,40,0,0,0,0,0,0,0,0,0,0,0,0,0,0,0,0,0,0,0,0,0,0,0,0,0,0,0
127,0,96,10,0,0,0,0,0,0,1,0,0,0,0,0,44,1,21,22,22,39,22,66,40,0,0,0,0,0,0,0,0,0,0,0,0,0,0,0,0,0,0,0,0,0,0,0,0,0,0,0
127,0,96,10,0,0,0,0,0,0,1,0,0,0,0,0,44,1,38,22,22,39,22,66,50,0,0,0,0,0,0,0,0,0,0,0,0,0,0,0,0,0,0,0,0,0,0,0,0,0,0,0
127,0,96,10,0,0,0,0,0,0,1,0,0,0,0,0,44,1,26,22,22,29,22,66,50,0,0,0,0,0,0,0,0,0,0,0,0,0,0,0,0,0,0,0,0,0,0,0,0,0,0,0
127,0,96,10,0,0,0,0,0,0,1,0,0,0,0,0,44,1,33,22,22,39,22,66,59,0,0,0,0,0,0,0,0,0,0,0,0,0,0,0,0,0,0,0,0,0,0,0,0,0,0,0
127,0,96,10,0,0,0,0,0,0,1,0,0,0,0,0,44,1,35,22,22,29,22,66,50,0,0,0,0,0,0,0,0,0,0,0,0,0,0,0,0,0,0,0,0,0,0,0,0,0,0,0
127,0,96,10,0,0,0,0,0,0,1,0,0,0,0,0,44,1,16,22,22,39,22,66,50,0,0,0,0,0,0,0,0,0,0,0,0,0,0,0,0,0,0,0,0,0,0,0,0,0,0,0
127,0,96,10,0,0,0,0,0,0,1,0,0,0,0,0,44,1,39,22,22,39,22,66,40,0,0,0,0,0,0,0,0,0,0,0,0,0,0,0,0,0,0,0,0,0,0,0,0,0,0,0
127,0,96,10,0,0,0,0,0,0,1,0,0,0,0,0,44,1,35,22,22,39,22,66,50,0,0,0,0,0,0,0,0,0,0,0,0,0,0,0,0,0,0,0,0,0,0,0,0,0,0,0
127,0,96,10,0,0,0,0,0,0,1,0,0,0,0,0,44,1,25,22,22,39,22,66,59,0,0,0,0,0,0,0,0,0,0,0,0,0,0,0,0,0,0,0,0,0,0,0,0,0,0,0
127,0,96,10,0,0,0,0,0,0,1,0,0,0,0,0,44,1,22,22,22,39,22,66,59,0,0,0,0,0,0,0,0,0,0,0,0,0,0,0,0,0,0,0,0,0,0,0,0,0,0,0
127,0,96,10,0,0,0,0,0,0,1,0,0,0,0,0,44,1,38,22,22,39,22,66,69,0,0,0,0,0,0,0,0,0,0,0,0,0,0,0,0,0,0,0,0,0,0,0,0,0,0,0
127,0,96,10,0,0,0,0,0,0,1,0,0,0,0,0,44,1,37,22,22,29,22,66,59,0,0,0,0,0,0,0,0,0,0,0,0,0,0,0,0,0,0,0,0,0,0,0,0,0,0,0
127,0,94,9,0,0,0,0,0,0,1,0,0,0,0,0,44,1,35,22,22,39,22,66,69,0,0,0,0,0,0,0,0,0,0,0,0,0,0,0,0,0,0,0,0,0,0,0,0,0,0,0
127,0,96,10,0,0,0,0,0,0,1,0,0,0,0,0,44,1,32,22,22,29,22,66,69,0,0,0,0,0,0,0,0,0,0,0,0,0,0,0,0,0,0,0,0,0,0,0,0,0,0,0
127,0,96,10,0,0,0,0,0,0,1,0,0,0,0,0,44,1,26,22,22,29,22,66,69,0,0,0,0,0,0,0,0,0,0,0,0,0,0,0,0,0,0,0,0,0,0,0,0,0,0,0
127,0,96,10,0,0,0,0,0,0,1,0,0,0,0,0,44,1,16,22,22,39,22,66,90,0,0,0,0,0,0,0,0,0,0,0,0,0,0,0,0,0,0,0,0,0,0,0,0,0,0,0
127,0,96,10,0,0,0,0,0,0,1,0,0,0,0,0,44,1,23,22,22,39,22,66,80,0,0,0,0,0,0,0,0,0,0,0,0,0,0,0,0,0,0,0,0,0,0,0,0,0,0,0
127,0,96,10,0,0,0,0,0,0,1,0,0,0,0,0,44,1,37,22,22,39,22,66,69,0,0,0,0,0,0,0,0,0,0,0,0,0,0,0,0,0,0,0,0,0,0,0,0,0,0,0
127,0,96,10,0,0,0,0,0,0,1,0,0,0,0,0,44,1,38,22,22,39,22,66,50,0,0,0,0,0,0,0,0,0,0,0,0,0,0,0,0,0,0,0,0,0,0,0,0,0,0,0
127,0,96,10,0,0,0,0,0,0,1,0,0,0,0,0,44,1,34,22,22,39,22,66,50,0,0,0,0,0,0,0,0,0,0,0,0,0,0,0,0,0,0,0,0,0,0,0,0,0,0,0
127,0,96,10,0,0,0,0,0,0,1,0,0,0,0,0,44,1,18,22,22,39,22,66,59,0,0,0,0,0,0,0,0,0,0,0,0,0,0,0,0,0,0,0,0,0,0,0,0,0,0,0
127,0,96,10,0,0,0,0,0,0,1,0,0,0,0,0,44,1,27,22,22,39,22,66,59,0,0,0,0,0,0,0,0,0,0,0,0,0,0,0,0,0,0,0,0,0,0,0,0,0,0,0
127,0,96,10,0,0,0,0,0,0,1,0,0,0,0,0,44,1,40,22,22,39,22,66,69,0,0,0,0,0,0,0,0,0,0,0,0,0,0,0,0,0,0,0,0,0,0,0,0,0,0,0
127,0,96,10,0,0,0,0,0,0,1,0,0,0,0,0,44,1,36,22,22,29,22,66,69,0,0,0,0,0,0,0,0,0,0,0,0,0,0,0,0,0,0,0,0,0,0,0,0,0,0,0
127,0,96,10,0,0,0,0,0,0,1,0,0,0,0,0,44,1,33,22,22,39,22,66,90,0,0,0,0,0,0,0,0,0,0,0,0,0,0,0,0,0,0,0,0,0,0,0,0,0,0,0
127,0,96,10,0,0,0,0,0,0,1,0,0,0,0,0,44,1,23,22,22,39,22,67,0,0,0,0,0,0,0,0,0,0,0,0,0,0,0,0,0,0,0,0,0,0,0,0,0,0,0,0
127,0,96,10,0,0,0,0,0,0,1,0,0,0,0,0,44,1,21,22,22,39,22,67,9,0,0,0,0,0,0,0,0,0,0,0,0,0,0,0,0,0,0,0,0,0,0,0,0,0,0,0
127,0,96,9,0,0,0,0,0,0,1,0,0,0,0,0,44,1,34,22,22,39,22,67,0,0,0,0,0,0,0,0,0,0,0,0,0,0,0,0,0,0,0,0,0,0,0,0,0,0,0,0
127,0,96,10,0,0,0,0,0,0,1,0,0,0,0,0,44,1,38,22,22,39,22,66,69,0,0,0,0,0,0,0,0,0,0,0,0,0,0,0,0,0,0,0,0,0,0,0,0,0,0,0
127,0,96,10,0,0,0,0,0,0,1,0,0,0,0,0,44,1,37,22,22,39,22,66,59,0,0,0,0,0,0,0,0,0,0,0,0,0,0,0,0,0,0,0,0,0,0,0,0,0,0,0
127,0,96,10,0,0,0,0,0,0,1,0,0,0,0,0,44,1,35,22,22,39,22,66,69,0,0,0,0,0,0,0,0,0,0,0,0,0,0,0,0,0,0,0,0,0,0,0,0,0,0,0
127,0,96,10,0,0,0,0,0,0,1,0,0,0,0,0,44,1,34,22,22,39,22,66,80,0,0,0,0,0,0,0,0,0,0,0,0,0,0,0,0,0,0,0,0,0,0,0,0,0,0,0
127,0,96,10,0,0,0,0,0,0,1,0,0,0,0,0,44,1,34,22,22,39,22,66,90,0,0,0,0,0,0,0,0,0,0,0,0,0,0,0,0,0,0,0,0,0,0,0,0,0,0,0
127,0,96,10,0,0,0,0,0,0,1,0,0,0,0,0,44,1,34,22,22,39,22,67,0,0,0,0,0,0,0,0,0,0,0,0,0,0,0,0,0,0,0,0,0,0,0,0,0,0,0,0
127,0,96,10,0,0,0,0,0,0,1,0,0,0,0,0,44,1,34,22,22,39,22,67,9,0,0,0,0,0,0,0,0,0,0,0,0,0,0,0,0,0,0,0,0,0,0,0,0,0,0,0
127,0,94,10,0,0,0,0,0,0,1,0,0,0,0,0,44,1,32,22,22,39,22,67,19,0,0,0,0,0,0,0,0,0,0,0,0,0,0,0,0,0,0,0,0,0,0,0,0,0,0,0
127,0,96,10,0,0,0,0,0,0,1,0,0,0,0,0,44,1,25,22,22,39,22,67,19,0,0,0,0,0,0,0,0,0,0,0,0,0,0,0,0,0,0,0,0,0,0,0,0,0,0,0
127,0,96,10,0,0,0,0,0,0,1,0,0,0,0,0,44,1,20,22,22,39,22,67,19,0,0,0,0,0,0,0,0,0,0,0,0,0,0,0,0,0,0,0,0,0,0,0,0,0,0,0
127,0,96,10,0,0,0,0,0,0,1,0,0,0,0,0,44,1,40,22,22,39,22,67,0,0,0,0,0,0,0,0,0,0,0,0,0,0,0,0,0,0,0,0,0,0,0,0,0,0,0,0
127,0,96,10,0,0,0,0,0,0,1,0,0,0,0,0,44,1,34,22,22,39,22,66,90,0,0,0,0,0,0,0,0,0,0,0,0,0,0,0,0,0,0,0,0,0,0,0,0,0,0,0
127,0,96,10,0,0,0,0,0,0,1,0,0,0,0,0,44,1,15,22,22,39,22,66,69,0,0,0,0,0,0,0,0,0,0,0,0,0,0,0,0,0,0,0,0,0,0,0,0,0,0,0
127,0,96,10,0,0,0,0,0,0,1,0,0,0,0,0,44,1,37,22,22,39,22,66,69,0,0,0,0,0,0,0,0,0,0,0,0,0,0,0,0,0,0,0,0,0,0,0,0,0,0,0
127,0,96,9,0,0,0,0,0,0,1,0,0,0,0,0,44,1,34,22,22,39,22,66,69,0,0,0,0,0,0,0,0,0,0,0,0,0,0,0,0,0,0,0,0,0,0,0,0,0,0,0
127,0,96,10,0,0,0,0,0,0,1,0,0,0,0,0,44,1,17,22,22,39,22,66,80,0,0,0,0,0,0,0,0,0,0,0,0,0,0,0,0,0,0,0,0,0,0,0,0,0,0,0
127,0,96,9,0,0,0,0,0,0,1,0,0,0,0,0,44,1,40,22,22,39,22,66,90,0,0,0,0,0,0,0,0,0,0,0,0,0,0,0,0,0,0,0,0,0,0,0,0,0,0,0
127,0,96,10,0,0,0,0,0,0,1,0,0,0,0,0,44,1,33,22,22,29,22,66,90,0,0,0,0,0,0,0,0,0,0,0,0,0,0,0,0,0,0,0,0,0,0,0,0,0,0,0
127,0,96,10,0,0,0,0,0,0,1,0,0,0,0,0,44,1,18,22,22,39,22,67,9,0,0,0,0,0,0,0,0,0,0,0,0,0,0,0,0,0,0,0,0,0,0,0,0,0,0,0
127,0,96,10,0,0,0,0,0,0,1,0,0,0,0,0,44,1,39,22,22,39,22,67,9,0,0,0,0,0,0,0,0,0,0,0,0,0,0,0,0,0,0,0,0,0,0,0,0,0,0,0
127,0,96,10,0,0,0,0,0,0,1,0,0,0,0,0,44,1,33,22,22,39,22,67,19,0,0,0,0,0,0,0,0,0,0,0,0,0,0,0,0,0,0,0,0,0,0,0,0,0,0,0
127,0,96,10,0,0,0,0,0,0,1,0,0,0,0,0,44,1,18,22,22,39,22,66,90,0,0,0,0,0,0,0,0,0,0,0,0,0,0,0,0,0,0,0,0,0,0,0,0,0,0,0
127,0,96,10,0,0,0,0,0,0,1,0,0,0,0,0,44,1,37,22,22,39,22,66,69,0,0,0,0,0,0,0,0,0,0,0,0,0,0,0,0,0,0,0,0,0,0,0,0,0,0,0
127,0,96,10,0,0,0,0,0,0,1,0,0,0,0,0,44,1,36,22,22,39,22,66,69,0,0,0,0,0,0,0,0,0,0,0,0,0,0,0,0,0,0,0,0,0,0,0,0,0,0,0
127,0,96,9,0,0,0,0,0,0,1,0,0,0,0,0,44,1,27,22,22,39,22,66,69,0,0,0,0,0,0,0,0,0,0,0,0,0,0,0,0,0,0,0,0,0,0,0,0,0,0,0
127,0,94,10,0,0,0,0,0,0,1,0,0,0,0,0,44,1,21,22,22,39,22,66,69,0,0,0,0,0,0,0,0,0,0,0,0,0,0,0,0,0,0,0,0,0,0,0,0,0,0,0
127,0,96,11,0,0,0,0,0,0,1,0,0,0,0,0,44,1,40,22,22,39,22,66,80,0,0,0,0,0,0,0,0,0,0,0,0,0,0,0,0,0,0,0,0,0,0,0,0,0,0,0
127,0,96,10,0,0,0,0,0,0,1,0,0,0,0,0,44,1,35,22,22,39,22,66,80,0,0,0,0,0,0,0,0,0,0,0,0,0,0,0,0,0,0,0,0,0,0,0,0,0,0,0
127,0,96,10,0,0,0,0,0,0,1,0,0,0,0,0,44,1,21,22,22,39,22,66,90,0,0,0,0,0,0,0,0,0,0,0,0,0,0,0,0,0,0,0,0,0,0,0,0,0,0,0
127,0,96,10,0,0,0,0,0,0,1,0,0,0,0,0,44,1,27,22,22,39,22,67,0,0,0,0,0,0,0,0,0,0,0,0,0,0,0,0,0,0,0,0,0,0,0,0,0,0,0,0
127,0,96,10,0,0,0,0,0,0,1,0,0,0,0,0,44,1,37,22,22,39,22,67,9,0,0,0,0,0,0,0,0,0,0,0,0,0,0,0,0,0,0,0,0,0,0,0,0,0,0,0
127,0,96,10,0,0,0,0,0,0,1,0,0,0,0,0,44,1,28,22,22,29,22,66,90,0,0,0,0,0,0,0,0,0,0,0,0,0,0,0,0,0,0,0,0,0,0,0,0,0,0,0
127,0,96,10,0,0,0,0,0,0,1,0,0,0,0,0,44,1,20,22,22,39,22,66,90,0,0,0,0,0,0,0,0,0,0,0,0,0,0,0,0,0,0,0,0,0,0,0,0,0,0,0
127,0,96,10,0,0,0,0,0,0,1,0,0,0,0,0,44,1,39,22,22,39,22,66,69,0,0,0,0,0,0,0,0,0,0,0,0,0,0,0,0,0,0,0,0,0,0,0,0,0,0,0
127,0,96,9,0,0,0,0,0,0,1,0,0,0,0,0,44,1,35,22,22,39,22,66,59,0,0,0,0,0,0,0,0,0,0,0,0,0,0,0,0,0,0,0,0,0,0,0,0,0,0,0
127,0,96,10,0,0,0,0,0,0,1,0,0,0,0,0,44,1,21,22,22,39,22,66,59,0,0,0,0,0,0,0,0,0,0,0,0,0,0,0,0,0,0,0,0,0,0,0,0,0,0,0
127,0,96,10,0,0,0,0,0,0,1,0,0,0,0,0,44,1,27,22,22,39,22,66,69,0,0,0,0,0,0,0,0,0,0,0,0,0,0,0,0,0,0,0,0,0,0,0,0,0,0,0
127,0,96,10,0,0,0,0,0,0,1,0,0,0,0,0,44,1,38,22,22,39,22,66,90,0,0,0,0,0,0,0,0,0,0,0,0,0,0,0,0,0,0,0,0,0,0,0,0,0,0,0
127,0,96,10,0,0,0,0,0,0,1,0,0,0,0,0,44,1,34,22,22,39,22,67,0,0,0,0,0,0,0,0,0,0,0,0,0,0,0,0,0,0,0,0,0,0,0,0,0,0,0,0
127,0,96,10,0,0,0,0,0,0,1,0,0,0,0,0,44,1,23,22,22,39,22,67,0,0,0,0,0,0,0,0,0,0,0,0,0,0,0,0,0,0,0,0,0,0,0,0,0,0,0,0
127,0,96,10,0,0,0,0,0,0,1,0,0,0,0,0,44,1,21,22,22,39,22,67,9,0,0,0,0,0,0,0,0,0,0,0,0,0,0,0,0,0,0,0,0,0,0,0,0,0,0,0
127,0,96,10,0,0,0,0,0,0,1,0,0,0,0,0,44,1,36,22,22,39,22,67,9,0,0,0,0,0,0,0,0,0,0,0,0,0,0,0,0,0,0,0,0,0,0,0,0,0,0,0
127,0,96,10,0,0,0,0,0,0,1,0,0,0,0,0,44,1,37,22,22,39,22,67,9,0,0,0,0,0,0,0,0,0,0,0,0,0,0,0,0,0,0,0,0,0,0,0,0,0,0,0
127,0,96,9,0,0,0,0,0,0,1,0,0,0,0,0,44,1,33,22,22,39,22,67,0,0,0,0,0,0,0,0,0,0,0,0,0,0,0,0,0,0,0,0,0,0,0,0,0,0,0,0
127,0,96,10,0,0,0,0,0,0,1,0,0,0,0,0,44,1,17,22,22,39,22,66,90,0,0,0,0,0,0,0,0,0,0,0,0,0,0,0,0,0,0,0,0,0,0,0,0,0,0,0
127,0,96,10,0,0,0,0,0,0,1,0,0,0,0,0,44,1,27,22,22,39,22,66,90,0,0,0,0,0,0,0,0,0,0,0,0,0,0,0,0,0,0,0,0,0,0,0,0,0,0,0
127,0,96,10,0,0,0,0,0,0,1,0,0,0,0,0,44,1,37,22,22,39,22,67,0,0,0,0,0,0,0,0,0,0,0,0,0,0,0,0,0,0,0,0,0,0,0,0,0,0,0,0
127,0,96,10,0,0,0,0,0,0,1,0,0,0,0,0,44,1,28,22,22,39,22,67,0,0,0,0,0,0,0,0,0,0,0,0,0,0,0,0,0,0,0,0,0,0,0,0,0,0,0,0
127,0,96,10,0,0,0,0,0,0,1,0,0,0,0,0,44,1,26,22,22,39,22,67,0,0,0,0,0,0,0,0,0,0,0,0,0,0,0,0,0,0,0,0,0,0,0,0,0,0,0,0
127,0,96,10,0,0,0,0,0,0,1,0,0,0,0,0,44,1,35,22,22,39,22,67,9,0,0,0,0,0,0,0,0,0,0,0,0,0,0,0,0,0,0,0,0,0,0,0,0,0,0,0
127,0,96,10,0,0,0,0,0,0,1,0,0,0,0,0,44,1,15,22,22,39,22,67,19,0,0,0,0,0,0,0,0,0,0,0,0,0,0,0,0,0,0,0,0,0,0,0,0,0,0,0
127,0,96,9,0,0,0,0,0,0,1,0,0,0,0,0,44,1,37,22,22,39,22,67,19,0,0,0,0,0,0,0,0,0,0,0,0,0,0,0,0,0,0,0,0,0,0,0,0,0,0,0
127,0,96,10,0,0,0,0,0,0,1,0,0,0,0,0,44,1,25,22,22,39,22,67,30,0,0,0,0,0,0,0,0,0,0,0,0,0,0,0,0,0,0,0,0,0,0,0,0,0,0,0
127,0,96,10,0,0,0,0,0,0,1,0,0,0,0,0,44,1,34,22,22,39,22,67,9,0,0,0,0,0,0,0,0,0,0,0,0,0,0,0,0,0,0,0,0,0,0,0,0,0,0,0
127,0,96,10,0,0,0,0,0,0,1,0,0,0,0,0,44,1,35,22,22,39,22,67,0,0,0,0,0,0,0,0,0,0,0,0,0,0,0,0,0,0,0,0,0,0,0,0,0,0,0,0
127,0,96,10,0,0,0,0,0,0,1,0,0,0,0,0,44,1,16,22,22,39,22,66,90,0,0,0,0,0,0,0,0,0,0,0,0,0,0,0,0,0,0,0,0,0,0,0,0,0,0,0
127,0,96,10,0,0,0,0,0,0,1,0,0,0,0,0,44,1,34,22,22,39,22,66,90,0,0,0,0,0,0,0,0,0,0,0,0,0,0,0,0,0,0,0,0,0,0,0,0,0,0,0
127,0,96,10,0,0,0,0,0,0,1,0,0,0,0,0,44,1,36,22,22,39,22,66,90,0,0,0,0,0,0,0,0,0,0,0,0,0,0,0,0,0,0,0,0,0,0,0,0,0,0,0
127,0,96,10,0,0,0,0,0,0,1,0,0,0,0,0,44,1,24,22,22,39,22,66,90,0,0,0,0,0,0,0,0,0,0,0,0,0,0,0,0,0,0,0,0,0,0,0,0,0,0,0
127,0,96,10,0,0,0,0,0,0,1,0,0,0,0,0,44,1,27,22,22,39,22,67,0,0,0,0,0,0,0,0,0,0,0,0,0,0,0,0,0,0,0,0,0,0,0,0,0,0,0,0
127,0,96,10,0,0,0,0,0,0,1,0,0,0,0,0,44,1,36,22,22,39,22,67,9,0,0,0,0,0,0,0,0,0,0,0,0,0,0,0,0,0,0,0,0,0,0,0,0,0,0,0
127,0,96,10,0,0,0,0,0,0,1,0,0,0,0,0,44,1,22,22,22,39,22,67,9,0,0,0,0,0,0,0,0,0,0,0,0,0,0,0,0,0,0,0,0,0,0,0,0,0,0,0
127,0,96,10,0,0,0,0,0,0,1,0,0,0,0,0,44,1,33,22,22,39,22,67,19,0,0,0,0,0,0,0,0,0,0,0,0,0,0,0,0,0,0,0,0,0,0,0,0,0,0,0
127,0,96,10,0,0,0,0,0,0,1,0,0,0,0,0,44,1,34,22,22,39,22,67,9,0,0,0,0,0,0,0,0,0,0,0,0,0,0,0,0,0,0,0,0,0,0,0,0,0,0,0
127,0,96,10,0,0,0,0,0,0,1,0,0,0,0,0,44,1,14,22,22,39,22,66,90,0,0,0,0,0,0,0,0,0,0,0,0,0,0,0,0,0,0,0,0,0,0,0,0,0,0,0
127,0,96,10,0,0,0,0,0,0,1,0,0,0,0,0,44,1,37,22,22,39,22,66,69,0,0,0,0,0,0,0,0,0,0,0,0,0,0,0,0,0,0,0,0,0,0,0,0,0,0,0
127,0,96,10,0,0,0,0,0,0,1,0,0,0,0,0,44,1,16,22,22,39,22,66,50,0,0,0,0,0,0,0,0,0,0,0,0,0,0,0,0,0,0,0,0,0,0,0,0,0,0,0
127,0,96,10,0,0,0,0,0,0,1,0,0,0,0,0,44,1,39,22,22,39,22,66,69,0,0,0,0,0,0,0,0,0,0,0,0,0,0,0,0,0,0,0,0,0,0,0,0,0,0,0
127,0,96,10,0,0,0,0,0,0,1,0,0,0,0,0,44,1,33,22,22,39,22,66,69,0,0,0,0,0,0,0,0,0,0,0,0,0,0,0,0,0,0,0,0,0,0,0,0,0,0,0
127,0,96,10,0,0,0,0,0,0,1,0,0,0,0,0,44,1,18,22,22,39,22,66,80,0,0,0,0,0,0,0,0,0,0,0,0,0,0,0,0,0,0,0,0,0,0,0,0,0,0,0
127,0,96,10,0,0,0,0,0,0,1,0,0,0,0,0,44,1,38,22,22,39,22,66,90,0,0,0,0,0,0,0,0,0,0,0,0,0,0,0,0,0,0,0,0,0,0,0,0,0,0,0
127,0,96,12,0,0,0,0,0,0,1,0,0,0,0,0,44,1,32,22,22,39,22,66,90,0,0,0,0,0,0,0,0,0,0,0,0,0,0,0,0,0,0,0,0,0,0,0,0,0,0,0
127,0,96,10,0,0,0,0,0,0,1,0,0,0,0,0,44,1,22,22,22,39,22,67,0,0,0,0,0,0,0,0,0,0,0,0,0,0,0,0,0,0,0,0,0,0,0,0,0,0,0,0
127,0,96,10,0,0,0,0,0,0,1,0,0,0,0,0,44,1,36,22,22,39,22,67,0,0,0,0,0,0,0,0,0,0,0,0,0,0,0,0,0,0,0,0,0,0,0,0,0,0,0,0
127,0,96,10,0,0,0,0,0,0,1,0,0,0,0,0,44,1,16,22,22,39,22,66,69,0,0,0,0,0,0,0,0,0,0,0,0,0,0,0,0,0,0,0,0,0,0,0,0,0,0,0
127,0,94,10,0,0,0,0,0,0,1,0,0,0,0,0,44,1,37,22,22,39,22,66,59,0,0,0,0,0,0,0,0,0,0,0,0,0,0,0,0,0,0,0,0,0,0,0,0,0,0,0
127,0,96,10,0,0,0,0,0,0,1,0,0,0,0,0,44,1,21,22,22,39,22,66,40,0,0,0,0,0,0,0,0,0,0,0,0,0,0,0,0,0,0,0,0,0,0,0,0,0,0,0
127,0,96,10,0,0,0,0,0,0,1,0,0,0,0,0,44,1,39,22,22,39,22,66,40,0,0,0,0,0,0,0,0,0,0,0,0,0,0,0,0,0,0,0,0,0,0,0,0,0,0,0
127,0,96,10,0,0,0,0,0,0,1,0,0,0,0,0,44,1,29,22,22,39,22,66,50,0,0,0,0,0,0,0,0,0,0,0,0,0,0,0,0,0,0,0,0,0,0,0,0,0,0,0
127,0,94,10,0,0,0,0,0,0,1,0,0,0,0,0,44,1,26,22,22,39,22,66,59,0,0,0,0,0,0,0,0,0,0,0,0,0,0,0,0,0,0,0,0,0,0,0,0,0,0,0
127,0,96,10,0,0,0,0,0,0,1,0,0,0,0,0,44,1,36,22,22,39,22,66,69,0,0,0,0,0,0,0,0,0,0,0,0,0,0,0,0,0,0,0,0,0,0,0,0,0,0,0
127,0,96,10,0,0,0,0,0,0,1,0,0,0,0,0,44,1,24,22,22,39,22,66,80,0,0,0,0,0,0,0,0,0,0,0,0,0,0,0,0,0,0,0,0,0,0,0,0,0,0,0
127,0,96,10,0,0,0,0,0,0,1,0,0,0,0,0,44,1,27,22,22,39,22,66,90,0,0,0,0,0,0,0,0,0,0,0,0,0,0,0,0,0,0,0,0,0,0,0,0,0,0,0
127,0,96,10,0,0,0,0,0,0,1,0,0,0,0,0,44,1,37,22,22,39,22,67,0,0,0,0,0,0,0,0,0,0,0,0,0,0,0,0,0,0,0,0,0,0,0,0,0,0,0,0
127,0,96,9,0,0,0,0,0,0,1,0,0,0,0,0,44,1,27,22,22,50,22,67,19,0,0,0,0,0,0,0,0,0,0,0,0,0,0,0,0,0,0,0,0,0,0,0,0,0,0,0
127,0,96,10,0,0,0,0,0,0,1,0,0,0,0,0,44,1,26,22,22,39,22,66,69,0,0,0,0,0,0,0,0,0,0,0,0,0,0,0,0,0,0,0,0,0,0,0,0,0,0,0
127,0,96,11,0,0,0,0,0,0,1,0,0,0,0,0,44,1,37,22,22,39,22,66,50,0,0,0,0,0,0,0,0,0,0,0,0,0,0,0,0,0,0,0,0,0,0,0,0,0,0,0
127,0,96,10,0,0,0,0,0,0,1,0,0,0,0,0,44,1,29,22,22,39,22,66,40,0,0,0,0,0,0,0,0,0,0,0,0,0,0,0,0,0,0,0,0,0,0,0,0,0,0,0
127,0,94,10,0,0,0,0,0,0,1,0,0,0,0,0,44,1,18,22,22,39,22,66,30,0,0,0,0,0,0,0,0,0,0,0,0,0,0,0,0,0,0,0,0,0,0,0,0,0,0,0
127,0,96,9,0,0,0,0,0,0,1,0,0,0,0,0,44,1,35,22,22,39,22,66,40,0,0,0,0,0,0,0,0,0,0,0,0,0,0,0,0,0,0,0,0,0,0,0,0,0,0,0
127,0,96,10,0,0,0,0,0,0,1,0,0,0,0,0,44,1,36,22,22,39,22,66,40,0,0,0,0,0,0,0,0,0,0,0,0,0,0,0,0,0,0,0,0,0,0,0,0,0,0,0
127,0,96,9,0,0,0,0,0,0,1,0,0,0,0,0,44,1,33,22,22,39,22,66,50,0,0,0,0,0,0,0,0,0,0,0,0,0,0,0,0,0,0,0,0,0,0,0,0,0,0,0
127,0,96,9,0,0,0,0,0,0,1,0,0,0,0,0,44,1,16,22,22,39,22,66,59,0,0,0,0,0,0,0,0,0,0,0,0,0,0,0,0,0,0,0,0,0,0,0,0,0,0,0
127,0,96,10,0,0,0,0,0,0,1,0,0,0,0,0,44,1,29,22,22,39,22,66,69,0,0,0,0,0,0,0,0,0,0,0,0,0,0,0,0,0,0,0,0,0,0,0,0,0,0,0
127,0,96,10,0,0,0,0,0,0,1,0,0,0,0,0,44,1,38,22,22,39,22,66,69,0,0,0,0,0,0,0,0,0,0,0,0,0,0,0,0,0,0,0,0,0,0,0,0,0,0,0
127,0,96,10,0,0,0,0,0,0,1,0,0,0,0,0,44,1,34,22,22,39,22,66,59,0,0,0,0,0,0,0,0,0,0,0,0,0,0,0,0,0,0,0,0,0,0,0,0,0,0,0
127,0,96,10,0,0,0,0,0,0,1,0,0,0,0,0,44,1,25,22,22,39,22,66,40,0,0,0,0,0,0,0,0,0,0,0,0,0,0,0,0,0,0,0,0,0,0,0,0,0,0,0
127,0,96,10,0,0,0,0,0,0,1,0,0,0,0,0,44,1,22,22,22,39,22,66,30,0,0,0,0,0,0,0,0,0,0,0,0,0,0,0,0,0,0,0,0,0,0,0,0,0,0,0
127,0,96,10,0,0,0,0,0,0,1,0,0,0,0,0,44,1,39,22,22,39,22,66,40,0,0,0,0,0,0,0,0,0,0,0,0,0,0,0,0,0,0,0,0,0,0,0,0,0,0,0
127,0,96,10,0,0,0,0,0,0,1,0,0,0,0,0,44,1,34,22,22,39,22,66,50,0,0,0,0,0,0,0,0,0,0,0,0,0,0,0,0,0,0,0,0,0,0,0,0,0,0,0
127,0,96,10,0,0,0,0,0,0,1,0,0,0,0,0,44,1,25,22,22,39,22,66,50,0,0,0,0,0,0,0,0,0,0,0,0,0,0,0,0,0,0,0,0,0,0,0,0,0,0,0
127,0,96,10,0,0,0,0,0,0,1,0,0,0,0,0,44,1,21,22,22,39,22,66,69,0,0,0,0,0,0,0,0,0,0,0,0,0,0,0,0,0,0,0,0,0,0,0,0,0,0,0
127,0,96,10,0,0,0,0,0,0,1,0,0,0,0,0,44,1,39,22,22,39,22,66,69,0,0,0,0,0,0,0,0,0,0,0,0,0,0,0,0,0,0,0,0,0,0,0,0,0,0,0
127,0,96,9,0,0,0,0,0,0,1,0,0,0,0,0,44,1,35,22,22,39,22,66,80,0,0,0,0,0,0,0,0,0,0,0,0,0,0,0,0,0,0,0,0,0,0,0,0,0,0,0
127,0,96,10,0,0,0,0,0,0,1,0,0,0,0,0,44,1,26,22,22,39,22,66,90,0,0,0,0,0,0,0,0,0,0,0,0,0,0,0,0,0,0,0,0,0,0,0,0,0,0,0
127,0,96,10,0,0,0,0,0,0,1,0,0,0,0,0,44,1,20,22,22,39,22,67,9,0,0,0,0,0,0,0,0,0,0,0,0,0,0,0,0,0,0,0,0,0,0,0,0,0,0,0
127,0,96,10,0,0,0,0,0,0,1,0,0,0,0,0,44,1,38,22,22,39,22,67,0,0,0,0,0,0,0,0,0,0,0,0,0,0,0,0,0,0,0,0,0,0,0,0,0,0,0,0
127,0,96,10,0,0,0,0,0,0,1,0,0,0,0,0,44,1,34,22,22,39,22,66,59,0,0,0,0,0,0,0,0,0,0,0,0,0,0,0,0,0,0,0,0,0,0,0,0,0,0,0
127,0,96,10,0,0,0,0,0,0,1,0,0,0,0,0,44,1,20,22,22,39,22,66,50,0,0,0,0,0,0,0,0,0,0,0,0,0,0,0,0,0,0,0,0,0,0,0,0,0,0,0
127,0,96,10,0,0,0,0,0,0,1,0,0,0,0,0,44,1,28,22,22,39,22,66,40,0,0,0,0,0,0,0,0,0,0,0,0,0,0,0,0,0,0,0,0,0,0,0,0,0,0,0
127,0,96,10,0,0,0,0,0,0,1,0,0,0,0,0,44,1,37,22,22,39,22,66,40,0,0,0,0,0,0,0,0,0,0,0,0,0,0,0,0,0,0,0,0,0,0,0,0,0,0,0
127,0,96,10,0,0,0,0,0,0,1,0,0,0,0,0,44,1,30,22,22,39,22,66,50,0,0,0,0,0,0,0,0,0,0,0,0,0,0,0,0,0,0,0,0,0,0,0,0,0,0,0
127,0,96,10,0,0,0,0,0,0,1,0,0,0,0,0,44,1,17,22,22,39,22,66,59,0,0,0,0,0,0,0,0,0,0,0,0,0,0,0,0,0,0,0,0,0,0,0,0,0,0,0
127,0,96,10,0,0,0,0,0,0,1,0,0,0,0,0,44,1,37,22,22,39,22,66,59,0,0,0,0,0,0,0,0,0,0,0,0,0,0,0,0,0,0,0,0,0,0,0,0,0,0,0
127,0,94,10,0,0,0,0,0,0,1,0,0,0,0,0,44,1,35,22,22,39,22,66,80,0,0,0,0,0,0,0,0,0,0,0,0,0,0,0,0,0,0,0,0,0,0,0,0,0,0,0
127,0,96,10,0,0,0,0,0,0,1,0,0,0,0,0,44,1,28,22,22,39,22,66,90,0,0,0,0,0,0,0,0,0,0,0,0,0,0,0,0,0,0,0,0,0,0,0,0,0,0,0
127,0,96,10,0,0,0,0,0,0,1,0,0,0,0,0,44,1,15,22,22,39,22,66,90,0,0,0,0,0,0,0,0,0,0,0,0,0,0,0,0,0,0,0,0,0,0,0,0,0,0,0
127,0,96,10,0,0,0,0,0,0,1,0,0,0,0,0,44,1,26,22,22,50,22,66,80,0,0,0,0,0,0,0,0,0,0,0,0,0,0,0,0,0,0,0,0,0,0,0,0,0,0,0
127,0,96,10,0,0,0,0,0,0,1,0,0,0,0,0,44,1,39,22,22,39,22,66,40,0,0,0,0,0,0,0,0,0,0,0,0,0,0,0,0,0,0,0,0,0,0,0,0,0,0,0
127,0,96,10,0,0,0,0,0,0,1,0,0,0,0,0,44,1,34,22,22,50,22,66,40,0,0,0,0,0,0,0,0,0,0,0,0,0,0,0,0,0,0,0,0,0,0,0,0,0,0,0
127,0,96,10,0,0,0,0,0,0,1,0,0,0,0,0,44,1,18,22,22,39,22,66,19,0,0,0,0,0,0,0,0,0,0,0,0,0,0,0,0,0,0,0,0,0,0,0,0,0,0,0
127,0,96,10,0,0,0,0,0,0,1,0,0,0,0,0,44,1,35,22,22,39,22,66,40,0,0,0,0,0,0,0,0,0,0,0,0,0,0,0,0,0,0,0,0,0,0,0,0,0,0,0
127,0,96,10,0,0,0,0,0,0,1,0,0,0,0,0,44,1,33,22,22,39,22,66,50,0,0,0,0,0,0,0,0,0,0,0,0,0,0,0,0,0,0,0,0,0,0,0,0,0,0,0
127,0,96,10,0,0,0,0,0,0,1,0,0,0,0,0,44,1,21,22,22,39,22,66,50,0,0,0,0,0,0,0,0,0,0,0,0,0,0,0,0,0,0,0,0,0,0,0,0,0,0,0
127,0,96,10,0,0,0,0,0,0,1,0,0,0,0,0,44,1,35,22,22,39,22,66,59,0,0,0,0,0,0,0,0,0,0,0,0,0,0,0,0,0,0,0,0,0,0,0,0,0,0,0
127,0,96,10,0,0,0,0,0,0,1,0,0,0,0,0,44,1,20,22,22,39,22,66,69,0,0,0,0,0,0,0,0,0,0,0,0,0,0,0,0,0,0,0,0,0,0,0,0,0,0,0
127,0,96,10,0,0,0,0,0,0,1,0,0,0,0,0,44,1,35,22,22,39,22,66,90,0,0,0,0,0,0,0,0,0,0,0,0,0,0,0,0,0,0,0,0,0,0,0,0,0,0,0
127,0,96,10,0,0,0,0,0,0,1,0,0,0,0,0,44,1,20,22,22,39,22,67,0,0,0,0,0,0,0,0,0,0,0,0,0,0,0,0,0,0,0,0,0,0,0,0,0,0,0,0
127,0,96,10,0,0,0,0,0,0,1,0,0,0,0,0,44,1,35,22,22,39,22,67,0,0,0,0,0,0,0,0,0,0,0,0,0,0,0,0,0,0,0,0,0,0,0,0,0,0,0,0
127,0,96,9,0,0,0,0,0,0,1,0,0,0,0,0,44,1,20,22,22,39,22,66,69,0,0,0,0,0,0,0,0,0,0,0,0,0,0,0,0,0,0,0,0,0,0,0,0,0,0,0
127,0,96,10,0,0,0,0,0,0,1,0,0,0,0,0,44,1,37,22,22,39,22,66,50,0,0,0,0,0,0,0,0,0,0,0,0,0,0,0,0,0,0,0,0,0,0,0,0,0,0,0
127,0,96,9,0,0,0,0,0,0,1,0,0,0,0,0,44,1,22,22,22,39,22,66,59,0,0,0,0,0,0,0,0,0,0,0,0,0,0,0,0,0,0,0,0,0,0,0,0,0,0,0
127,0,96,10,0,0,0,0,0,0,1,0,0,0,0,0,44,1,35,22,22,39,22,66,59,0,0,0,0,0,0,0,0,0,0,0,0,0,0,0,0,0,0,0,0,0,0,0,0,0,0,0
127,0,96,10,0,0,0,0,0,0,1,0,0,0,0,0,44,1,35,22,22,39,22,66,80,0,0,0,0,0,0,0,0,0,0,0,0,0,0,0,0,0,0,0,0,0,0,0,0,0,0,0
127,0,96,10,0,0,0,0,0,0,1,0,0,0,0,0,44,1,16,22,22,39,22,67,0,0,0,0,0,0,0,0,0,0,0,0,0,0,0,0,0,0,0,0,0,0,0,0,0,0,0,0
127,0,96,10,0,0,0,0,0,0,1,0,0,0,0,0,44,1,37,22,22,39,22,67,9,0,0,0,0,0,0,0,0,0,0,0,0,0,0,0,0,0,0,0,0,0,0,0,0,0,0,0
127,0,96,10,0,0,0,0,0,0,1,0,0,0,0,0,44,1,34,22,22,39,22,67,19,0,0,0,0,0,0,0,0,0,0,0,0,0,0,0,0,0,0,0,0,0,0,0,0,0,0,0
127,0,96,10,0,0,0,0,0,0,1,0,0,0,0,0,44,1,15,22,22,39,22,67,40,0,0,0,0,0,0,0,0,0,0,0,0,0,0,0,0,0,0,0,0,0,0,0,0,0,0,0
127,0,96,10,0,0,0,0,0,0,1,0,0,0,0,0,44,1,38,22,22,39,22,67,30,0,0,0,0,0,0,0,0,0,0,0,0,0,0,0,0,0,0,0,0,0,0,0,0,0,0,0
127,0,96,10,0,0,0,0,0,0,1,0,0,0,0,0,44,1,35,22,22,39,22,67,9,0,0,0,0,0,0,0,0,0,0,0,0,0,0,0,0,0,0,0,0,0,0,0,0,0,0,0
127,0,96,4,0,0,0,0,0,0,1,0,0,0,0,0,44,1,21,22,22,39,22,66,90,0,0,0,0,0,0,0,0,0,0,0,0,0,0,0,0,0,1,192,0,0,0,0,0,0,0,0
127,0,94,10,0,0,0,0,0,0,1,0,0,0,0,0,44,1,28,22,22,39,22,66,90,0,0,0,0,0,0,0,0,0,0,0,0,0,0,0,0,0,0,0,0,0,0,0,0,0,0,0
127,0,96,9,0,0,0,0,0,0,1,0,0,0,0,0,44,1,37,22,22,39,22,66,90,0,0,0,0,0,0,0,0,0,0,0,0,0,0,0,0,0,0,0,0,0,0,0,0,0,0,0
127,0,96,10,0,0,0,0,0,0,1,0,0,0,0,0,44,1,33,22,22,39,22,67,0,0,0,0,0,0,0,0,0,0,0,0,0,0,0,0,0,0,0,0,0,0,0,0,0,0,0,0
127,0,96,10,0,0,0,0,0,0,1,0,0,0,0,0,44,1,20,22,22,39,22,67,9,0,0,0,0,0,0,0,0,0,0,0,0,0,0,0,0,0,0,0,0,0,0,0,0,0,0,0
127,0,96,10,0,0,0,0,0,0,1,0,0,0,0,0,44,1,38,22,22,39,22,67,19,0,0,0,0,0,0,0,0,0,0,0,0,0,0,0,0,0,0,0,0,0,0,0,0,0,0,0
127,0,96,10,0,0,0,0,0,0,1,0,0,0,0,0,44,1,29,22,22,39,22,67,30,0,0,0,0,0,0,0,0,0,0,0,0,0,0,0,0,0,0,0,0,0,0,0,0,0,0,0
127,0,96,10,0,0,0,0,0,0,1,0,0,0,0,0,44,1,26,22,22,39,22,67,40,0,0,0,0,0,0,0,0,0,0,0,0,0,0,0,0,0,0,0,0,0,0,0,0,0,0,0
127,0,96,10,0,0,0,0,0,0,1,0,0,0,0,0,44,1,36,22,22,39,22,67,50,0,0,0,0,0,0,0,0,0,0,0,0,0,0,0,0,0,0,0,0,0,0,0,0,0,0,0
127,0,96,10,0,0,0,0,0,0,1,0,0,0,0,0,44,1,16,22,22,39,22,67,19,0,0,0,0,0,0,0,0,0,0,0,0,0,0,0,0,0,0,0,0,0,0,0,0,0,0,0
127,0,96,9,0,0,0,0,0,0,1,0,0,0,0,0,44,1,40,22,22,39,22,67,0,0,0,0,0,0,0,0,0,0,0,0,0,0,0,0,0,0,0,0,0,0,0,0,0,0,0,0
127,0,96,10,0,0,0,0,0,0,1,0,0,0,0,0,44,1,29,22,22,39,22,67,0,0,0,0,0,0,0,0,0,0,0,0,0,0,0,0,0,0,0,0,0,0,0,0,0,0,0,0
127,0,96,10,0,0,0,0,0,0,1,0,0,0,0,0,44,1,27,22,22,39,22,66,90,0,0,0,0,0,0,0,0,0,0,0,0,0,0,0,0,0,0,0,0,0,0,0,0,0,0,0
127,0,96,10,0,0,0,0,0,0,1,0,0,0,0,0,44,1,29,22,22,39,22,67,0,0,0,0,0,0,0,0,0,0,0,0,0,0,0,0,0,0,0,0,0,0,0,0,0,0,0,0
127,0,96,10,0,0,0,0,0,0,1,0,0,0,0,0,44,1,21,22,22,39,22,67,0,0,0,0,0,0,0,0,0,0,0,0,0,0,0,0,0,0,0,0,0,0,0,0,0,0,0,0
127,0,96,10,0,0,0,0,0,0,1,0,0,0,0,0,44,1,40,22,22,39,22,67,9,0,0,0,0,0,0,0,0,0,0,0,0,0,0,0,0,0,0,0,0,0,0,0,0,0,0,0
127,0,96,10,0,0,0,0,0,0,1,0,0,0,0,0,44,1,34,22,22,39,22,67,19,0,0,0,0,0,0,0,0,0,0,0,0,0,0,0,0,0,0,0,0,0,0,0,0,0,0,0
127,0,96,10,0,0,0,0,0,0,1,0,0,0,0,0,44,1,15,22,22,39,22,67,19,0,0,0,0,0,0,0,0,0,0,0,0,0,0,0,0,0,0,0,0,0,0,0,0,0,0,0
127,0,96,9,0,0,0,0,0,0,1,0,0,0,0,0,44,1,38,22,22,39,22,67,19,0,0,0,0,0,0,0,0,0,0,0,0,0,0,0,0,0,0,0,0,0,0,0,0,0,0,0
127,0,96,10,0,0,0,0,0,0,1,0,0,0,0,0,44,1,34,22,22,39,22,67,9,0,0,0,0,0,0,0,0,0,0,0,0,0,0,0,0,0,0,0,0,0,0,0,0,0,0,0
127,0,96,10,0,0,0,0,0,0,1,0,0,0,0,0,44,1,20,22,22,39,22,66,90,0,0,0,0,0,0,0,0,0,0,0,0,0,0,0,0,0,0,0,0,0,0,0,0,0,0,0
127,0,96,10,0,0,0,0,0,0,1,0,0,0,0,0,44,1,38,22,22,39,22,66,69,0,0,0,0,0,0,0,0,0,0,0,0,0,0,0,0,0,0,0,0,0,0,0,0,0,0,0
127,0,96,10,0,0,0,0,0,0,1,0,0,0,0,0,44,1,28,22,22,39,22,66,59,0,0,0,0,0,0,0,0,0,0,0,0,0,0,0,0,0,0,0,0,0,0,0,0,0,0,0
127,0,96,10,0,0,0,0,0,0,1,0,0,0,0,0,44,1,27,22,22,39,22,66,69,0,0,0,0,0,0,0,0,0,0,0,0,0,0,0,0,0,0,0,0,0,0,0,0,0,0,0
127,0,96,10,0,0,0,0,0,0,1,0,0,0,0,0,44,1,37,22,22,39,22,66,69,0,0,0,0,0,0,0,0,0,0,0,0,0,0,0,0,0,0,0,0,0,0,0,0,0,0,0
127,0,96,10,0,0,0,0,0,0,1,0,0,0,0,0,44,1,27,22,22,39,22,66,80,0,0,0,0,0,0,0,0,0,0,0,0,0,0,0,0,0,0,0,0,0,0,0,0,0,0,0
127,0,96,10,0,0,0,0,0,0,1,0,0,0,0,0,44,1,28,22,22,39,22,66,90,0,0,0,0,0,0,0,0,0,0,0,0,0,0,0,0,0,0,0,0,0,0,0,0,0,0,0
127,0,96,9,0,0,0,0,0,0,1,0,0,0,0,0,44,1,37,22,22,39,22,67,0,0,0,0,0,0,0,0,0,0,0,0,0,0,0,0,0,0,0,0,0,0,0,0,0,0,0,0
127,0,96,10,0,0,0,0,0,0,1,0,0,0,0,0,44,1,27,22,22,39,22,67,0,0,0,0,0,0,0,0,0,0,0,0,0,0,0,0,0,0,0,0,0,0,0,0,0,0,0,0
127,0,96,10,0,0,0,0,0,0,1,0,0,0,0,0,44,1,26,22,22,39,22,67,9,0,0,0,0,0,0,0,0,0,0,0,0,0,0,0,0,0,0,0,0,0,0,0,0,0,0,0
127,0,96,10,0,0,0,0,0,0,1,0,0,0,0,0,44,1,38,22,22,39,22,67,0,0,0,0,0,0,0,0,0,0,0,0,0,0,0,0,0,0,0,0,0,0,0,0,0,0,0,0
127,0,96,10,0,0,0,0,0,0,1,0,0,0,0,0,44,1,33,22,22,39,22,66,69,0,0,0,0,0,0,0,0,0,0,0,0,0,0,0,0,0,0,0,0,0,0,0,0,0,0,0
127,0,96,10,0,0,0,0,0,0,1,0,0,0,0,0,44,1,16,22,22,39,22,66,69,0,0,0,0,0,0,0,0,0,0,0,0,0,0,0,0,0,0,0,0,0,0,0,0,0,0,0
127,0,96,10,0,0,0,0,0,0,1,0,0,0,0,0,44,1,32,22,22,39,22,66,69,0,0,0,0,0,0,0,0,0,0,0,0,0,0,0,0,0,0,0,0,0,0,0,0,0,0,0
127,0,96,10,0,0,0,0,0,0,1,0,0,0,0,0,44,1,38,22,22,39,22,66,69,0,0,0,0,0,0,0,0,0,0,0,0,0,0,0,0,0,0,0,0,0,0,0,0,0,0,0
127,0,96,10,0,0,0,0,0,0,1,0,0,0,0,0,44,1,35,22,22,39,22,66,90,0,0,0,0,0,0,0,0,0,0,0,0,0,0,0,0,0,0,0,0,0,0,0,0,0,0,0
127,0,96,10,0,0,0,0,0,0,1,0,0,0,0,0,44,1,27,22,22,39,22,67,0,0,0,0,0,0,0,0,0,0,0,0,0,0,0,0,0,0,0,0,0,0,0,0,0,0,0,0
127,0,96,10,0,0,0,0,0,0,1,0,0,0,0,0,44,1,23,22,22,39,22,67,9,0,0,0,0,0,0,0,0,0,0,0,0,0,0,0,0,0,0,0,0,0,0,0,0,0,0,0
127,0,96,10,0,0,0,0,0,0,1,0,0,0,0,0,44,1,40,22,22,39,22,67,19,0,0,0,0,0,0,0,0,0,0,0,0,0,0,0,0,0,0,0,0,0,0,0,0,0,0,0
127,0,96,10,0,0,0,0,0,0,1,0,0,0,0,0,44,1,33,22,22,39,22,67,30,0,0,0,0,0,0,0,0,0,0,0,0,0,0,0,0,0,0,0,0,0,0,0,0,0,0,0
127,0,96,10,0,0,0,0,0,0,1,0,0,0,0,0,44,1,24,22,22,39,22,67,30,0,0,0,0,0,0,0,0,0,0,0,0,0,0,0,0,0,0,0,0,0,0,0,0,0,0,0
127,0,96,10,0,0,0,0,0,0,1,0,0,0,0,0,44,1,37,22,22,39,22,67,9,0,0,0,0,0,0,0,0,0,0,0,0,0,0,0,0,0,0,0,0,0,0,0,0,0,0,0
127,0,96,10,0,0,0,0,0,0,1,0,0,0,0,0,44,1,16,22,22,39,22,66,80,0,0,0,0,0,0,0,0,0,0,0,0,0,0,0,0,0,0,0,0,0,0,0,0,0,0,0
127,0,96,9,0,0,0,0,0,0,1,0,0,0,0,0,44,1,38,22,22,39,22,66,80,0,0,0,0,0,0,0,0,0,0,0,0,0,0,0,0,0,0,0,0,0,0,0,0,0,0,0
127,0,94,10,0,0,0,0,0,0,1,0,0,0,0,0,44,1,16,22,22,39,22,66,69,0,0,0,0,0,0,0,0,0,0,0,0,0,0,0,0,0,0,0,0,0,0,0,0,0,0,0
127,0,96,10,0,0,0,0,0,0,1,0,0,0,0,0,44,1,37,22,22,39,22,66,69,0,0,0,0,0,0,0,0,0,0,0,0,0,0,0,0,0,0,0,0,0,0,0,0,0,0,0
127,0,96,10,0,0,0,0,0,0,1,0,0,0,0,0,44,1,26,22,22,39,22,67,0,0,0,0,0,0,0,0,0,0,0,0,0,0,0,0,0,0,0,0,0,0,0,0,0,0,0,0
127,0,96,10,0,0,0,0,0,0,1,0,0,0,0,0,44,1,30,22,22,39,22,67,0,0,0,0,0,0,0,0,0,0,0,0,0,0,0,0,0,0,0,0,0,0,0,0,0,0,0,0
127,0,96,10,0,0,0,0,0,0,1,0,0,0,0,0,44,1,38,22,22,29,22,67,0,0,0,0,0,0,0,0,0,0,0,0,0,0,0,0,0,0,0,0,0,0,0,0,0,0,0,0
127,0,96,9,0,0,0,0,0,0,1,0,0,0,0,0,44,1,20,22,22,39,22,67,9,0,0,0,0,0,0,0,0,0,0,0,0,0,0,0,0,0,0,0,0,0,0,0,0,0,0,0
127,0,96,10,0,0,0,0,0,0,1,0,0,0,0,0,44,1,33,22,22,39,22,67,9,0,0,0,0,0,0,0,0,0,0,0,0,0,0,0,0,0,0,0,0,0,0,0,0,0,0,0
127,0,96,4,0,0,0,0,0,0,1,0,0,0,0,0,44,1,41,22,22,39,214,67,0,0,0,0,0,0,0,0,0,64,0,0,0,0,0,0,0,0,0,192,0,0,0,0,0,0,0,0
127,0,96,10,0,0,0,0,0,0,1,0,0,0,0,0,44,1,16,22,22,39,22,66,90,0,0,0,0,0,0,0,0,0,0,0,0,0,0,0,0,0,0,0,0,0,0,0,0,0,0,0
127,0,96,10,0,0,0,0,0,0,1,0,0,0,0,0,44,1,37,22,22,39,22,66,59,0,0,0,0,0,0,0,0,0,0,0,0,0,0,0,0,0,0,0,0,0,0,0,0,0,0,0
127,0,96,10,0,0,0,0,0,0,1,0,0,0,0,0,44,1,20,22,22,39,22,66,69,0,0,0,0,0,0,0,0,0,0,0,0,0,0,0,0,0,0,0,0,0,0,0,0,0,0,0
127,0,96,11,0,0,0,0,0,0,1,0,0,0,0,0,44,1,37,22,22,39,22,66,90,0,0,0,0,0,0,0,0,0,0,0,0,0,0,0,0,0,0,0,0,0,0,0,0,0,0,0
127,0,96,10,0,0,0,0,0,0,1,0,0,0,0,0,44,1,18,22,22,39,22,66,90,0,0,0,0,0,0,0,0,0,0,0,0,0,0,0,0,0,0,0,0,0,0,0,0,0,0,0
127,0,96,9,0,0,0,0,0,0,1,0,0,0,0,0,44,1,38,22,22,39,22,67,0,0,0,0,0,0,0,0,0,0,0,0,0,0,0,0,0,0,0,0,0,0,0,0,0,0,0,0
127,0,96,10,0,0,0,0,0,0,1,0,0,0,0,0,44,1,18,22,22,39,22,67,0,0,0,0,0,0,0,0,0,0,0,0,0,0,0,0,0,0,0,0,0,0,0,0,0,0,0,0
127,0,96,10,0,0,0,0,0,0,1,0,0,0,0,0,44,1,41,22,22,39,22,67,9,0,0,0,0,0,0,0,0,0,0,0,0,0,0,0,0,0,0,0,0,0,0,0,0,0,0,0
127,0,96,10,0,0,0,0,0,0,1,0,0,0,0,0,44,1,32,22,22,39,22,67,9,0,0,0,0,0,0,0,0,0,0,0,0,0,0,0,0,0,0,0,0,0,0,0,0,0,0,0
127,0,96,10,0,0,0,0,0,0,1,0,0,0,0,0,44,1,25,22,22,39,22,67,19,0,0,0,0,0,0,0,0,0,0,0,0,0,0,0,0,0,0,0,0,0,0,0,0,0,0,0
127,0,96,10,0,0,0,0,0,0,1,0,0,0,0,0,44,1,38,22,22,39,22,67,9,0,0,0,0,0,0,0,0,0,0,0,0,0,0,0,0,0,0,0,0,0,0,0,0,0,0,0
127,0,96,10,0,0,0,0,0,0,1,0,0,0,0,0,44,1,29,22,22,39,22,66,80,0,0,0,0,0,0,0,0,0,0,0,0,0,0,0,0,0,0,0,0,0,0,0,0,0,0,0
127,0,96,10,0,0,0,0,0,0,1,0,0,0,0,0,44,1,21,22,22,39,22,66,69,0,0,0,0,0,0,0,0,0,0,0,0,0,0,0,0,0,0,0,0,0,0,0,0,0,0,0
127,0,96,10,0,0,0,0,0,0,1,0,0,0,0,0,44,1,38,22,22,39,22,66,59,0,0,0,0,0,0,0,0,0,0,0,0,0,0,0,0,0,0,0,0,0,0,0,0,0,0,0
127,0,96,10,0,0,0,0,0,0,1,0,0,0,0,0,44,1,37,22,22,39,22,66,69,0,0,0,0,0,0,0,0,0,0,0,0,0,0,0,0,0,0,0,0,0,0,0,0,0,0,0
127,0,96,10,0,0,0,0,0,0,1,0,0,0,0,0,44,1,27,22,22,39,22,66,80,0,0,0,0,0,0,0,0,0,0,0,0,0,0,0,0,0,0,0,0,0,0,0,0,0,0,0
127,0,96,10,0,0,0,0,0,0,1,0,0,0,0,0,44,1,18,22,22,39,22,66,90,0,0,0,0,0,0,0,0,0,0,0,0,0,0,0,0,0,0,0,0,0,0,0,0,0,0,0
127,0,96,10,0,0,0,0,0,0,1,0,0,0,0,0,44,1,34,22,22,39,22,67,0,0,0,0,0,0,0,0,0,0,0,0,0,0,0,0,0,0,0,0,0,0,0,0,0,0,0,0
127,0,96,10,0,0,0,0,0,0,1,0,0,0,0,0,44,1,37,22,22,39,22,67,0,0,0,0,0,0,0,0,0,0,0,0,0,0,0,0,0,0,0,0,0,0,0,0,0,0,0,0
127,0,96,10,0,0,0,0,0,0,1,0,0,0,0,0,44,1,32,22,22,39,22,67,0,0,0,0,0,0,0,0,0,0,0,0,0,0,0,0,0,0,0,0,0,0,0,0,0,0,0,0
127,0,96,10,0,0,0,0,0,0,1,0,0,0,0,0,44,1,20,22,22,39,22,67,9,0,0,0,0,0,0,0,0,0,0,0,0,0,0,0,0,0,0,0,0,0,0,0,0,0,0,0
127,0,96,10,0,0,0,0,0,0,1,0,0,0,0,0,44,1,38,22,22,39,22,67,9,0,0,0,0,0,0,0,0,0,0,0,0,0,0,0,0,0,0,0,0,0,0,0,0,0,0,0
127,0,96,9,0,0,0,0,0,0,1,0,0,0,0,0,44,1,36,22,22,39,22,66,80,0,0,0,0,0,0,0,0,0,0,0,0,0,0,0,0,0,0,0,0,0,0,0,0,0,0,0
127,0,96,10,0,0,0,0,0,0,1,0,0,0,0,0,44,1,23,22,22,39,22,66,59,0,0,0,0,0,0,0,0,0,0,0,0,0,0,0,0,0,0,0,0,0,0,0,0,0,0,0
127,0,94,10,0,0,0,0,0,0,1,0,0,0,0,0,44,1,34,22,22,39,22,66,40,0,0,0,0,0,0,0,0,0,0,0,0,0,0,0,0,0,0,0,0,0,0,0,0,0,0,0
127,0,96,9,0,0,0,0,0,0,1,0,0,0,0,0,44,1,36,22,22,39,22,66,50,0,0,0,0,0,0,0,0,0,0,0,0,0,0,0,0,0,0,0,0,0,0,0,0,0,0,0
127,0,96,10,0,0,0,0,0,0,1,0,0,0,0,0,44,1,17,22,22,39,22,66,50,0,0,0,0,0,0,0,0,0,0,0,0,0,0,0,0,0,0,0,0,0,0,0,0,0,0,0
127,0,96,10,0,0,0,0,0,0,1,0,0,0,0,0,44,1,40,22,22,39,22,66,50,0,0,0,0,0,0,0,0,0,0,0,0,0,0,0,0,0,0,0,0,0,0,0,0,0,0,0
127,0,96,10,0,0,0,0,0,0,1,0,0,0,0,0,44,1,35,22,22,39,22,66,59,0,0,0,0,0,0,0,0,0,0,0,0,0,0,0,0,0,0,0,0,0,0,0,0,0,0,0
127,0,96,10,0,0,0,0,0,0,1,0,0,0,0,0,44,1,18,22,22,39,22,66,69,0,0,0,0,0,0,0,0,0,0,0,0,0,0,0,0,0,0,0,0,0,0,0,0,0,0,0
127,0,96,9,0,0,0,0,0,0,1,0,0,0,0,0,44,1,41,22,22,39,22,66,80,0,0,0,0,0,0,0,0,0,0,0,0,0,0,0,0,0,0,0,0,0,0,0,0,0,0,0
127,0,98,10,0,0,0,0,0,0,1,0,0,0,0,0,44,1,34,22,22,39,22,66,90,0,0,0,0,0,0,0,0,0,0,0,0,0,0,0,0,0,0,0,0,0,0,0,0,0,0,0
127,0,96,10,0,0,0,0,0,0,1,0,0,0,0,0,44,1,20,22,22,39,22,66,90,0,0,0,0,0,0,0,0,0,0,0,0,0,0,0,0,0,0,0,0,0,0,0,0,0,0,0
127,0,96,10,0,0,0,0,0,0,1,0,0,0,0,0,44,1,41,22,22,39,22,66,69,0,0,0,0,0,0,0,0,0,0,0,0,0,0,0,0,0,0,0,0,0,0,0,0,0,0,0
127,0,96,10,0,0,0,0,0,0,1,0,0,0,0,0,44,1,34,22,22,39,22,66,50,0,0,0,0,0,0,0,0,0,0,0,0,0,0,0,0,0,0,0,0,0,0,0,0,0,0,0
127,0,96,10,0,0,0,0,0,0,1,0,0,0,0,0,44,1,21,22,22,39,22,66,30,0,0,0,0,0,0,0,0,0,0,0,0,0,0,0,0,0,0,0,0,0,0,0,0,0,0,0
127,0,96,10,0,0,0,0,0,0,1,0,0,0,0,0,44,1,41,22,22,39,22,66,30,0,0,0,0,0,0,0,0,0,0,0,0,0,0,0,0,0,0,0,0,0,0,0,0,0,0,0
127,0,96,10,0,0,0,0,0,0,1,0,0,0,0,0,44,1,35,22,22,39,22,66,40,0,0,0,0,0,0,0,0,0,0,0,0,0,0,0,0,0,0,0,0,0,0,0,0,0,0,0
127,0,96,10,0,0,0,0,0,0,1,0,0,0,0,0,44,1,20,22,22,39,22,66,40,0,0,0,0,0,0,0,0,0,0,0,0,0,0,0,0,0,0,0,0,0,0,0,0,0,0,0
127,0,96,10,0,0,0,0,0,0,1,0,0,0,0,0,44,1,34,22,22,39,22,66,59,0,0,0,0,0,0,0,0,0,0,0,0,0,0,0,0,0,0,0,0,0,0,0,0,0,0,0
127,0,96,10,0,0,0,0,0,0,1,0,0,0,0,0,44,1,37,22,22,39,22,66,69,0,0,0,0,0,0,0,0,0,0,0,0,0,0,0,0,0,0,0,0,0,0,0,0,0,0,0
127,0,96,10,0,0,0,0,0,0,1,0,0,0,0,0,44,1,27,22,22,39,22,66,90,0,0,0,0,0,0,0,0,0,0,0,0,0,0,0,0,0,0,0,0,0,0,0,0,0,0,0
127,0,96,10,0,0,0,0,0,0,1,0,0,0,0,0,44,1,27,22,22,39,22,66,90,0,0,0,0,0,0,0,0,0,0,0,0,0,0,0,0,0,0,0,0,0,0,0,0,0,0,0
127,0,96,10,0,0,0,0,0,0,1,0,0,0,0,0,44,1,38,22,22,39,22,66,59,0,0,0,0,0,0,0,0,0,0,0,0,0,0,0,0,0,0,0,0,0,0,0,0,0,0,0
127,0,96,10,0,0,0,0,0,0,1,0,0,0,0,0,44,1,29,22,22,39,22,66,30,0,0,0,0,0,0,0,0,0,0,0,0,0,0,0,0,0,0,0,0,0,0,0,0,0,0,0
127,0,96,10,0,0,0,0,0,0,1,0,0,0,0,0,44,1,28,22,22,39,22,66,30,0,0,0,0,0,0,0,0,0,0,0,0,0,0,0,0,0,0,0,0,0,0,0,0,0,0,0
127,0,96,10,0,0,0,0,0,0,1,0,0,0,0,0,44,1,38,22,22,39,22,66,30,0,0,0,0,0,0,0,0,0,0,0,0,0,0,0,0,0,0,0,0,0,0,0,0,0,0,0
127,0,96,10,0,0,0,0,0,0,1,0,0,0,0,0,44,1,21,22,22,39,22,66,40,0,0,0,0,0,0,0,0,0,0,0,0,0,0,0,0,0,0,0,0,0,0,0,0,0,0,0
127,0,96,10,0,0,0,0,0,0,1,0,0,0,0,0,44,1,41,22,22,29,22,66,30,0,0,0,0,0,0,0,0,0,0,0,0,0,0,0,0,0,0,0,0,0,0,0,0,0,0,0
127,0,96,10,0,0,0,0,0,0,1,0,0,0,0,0,44,1,32,22,22,29,22,66,50,0,0,0,0,0,0,0,0,0,0,0,0,0,0,0,0,0,0,0,0,0,0,0,0,0,0,0
127,0,96,10,0,0,0,0,0,0,1,0,0,0,0,0,44,1,27,22,22,39,22,66,59,0,0,0,0,0,0,0,0,0,0,0,0,0,0,0,0,0,0,0,0,0,0,0,0,0,0,0
127,0,96,10,0,0,0,0,0,0,1,0,0,0,0,0,44,1,36,22,22,29,22,66,69,0,0,0,0,0,0,0,0,0,0,0,0,0,0,0,0,0,0,0,0,0,0,0,0,0,0,0
127,0,96,9,0,0,0,0,0,0,1,0,0,0,0,0,44,1,20,22,22,29,22,66,69,0,0,0,0,0,0,0,0,0,0,0,0,0,0,0,0,0,0,0,0,0,0,0,0,0,0,0
127,0,96,10,0,0,0,0,0,0,1,0,0,0,0,0,44,1,39,22,22,29,22,66,90,0,0,0,0,0,0,0,0,0,0,0,0,0,0,0,0,0,0,0,0,0,0,0,0,0,0,0
127,0,96,10,0,0,0,0,0,0,1,0,0,0,0,0,44,1,20,22,22,39,22,67,0,0,0,0,0,0,0,0,0,0,0,0,0,0,0,0,0,0,0,0,0,0,0,0,0,0,0,0
127,0,96,10,0,0,0,0,0,0,1,0,0,0,0,0,44,1,40,22,22,39,22,66,59,0,0,0,0,0,0,0,0,0,0,0,0,0,0,0,0,0,0,0,0,0,0,0,0,0,0,0
127,0,96,10,0,0,0,0,0,0,1,0,0,0,0,0,44,1,17,22,22,29,22,66,30,0,0,0,0,0,0,0,0,0,0,0,0,0,0,0,0,0,0,0,0,0,0,0,0,0,0,0
127,0,96,12,0,0,0,0,0,0,1,0,0,0,0,0,44,1,40,22,22,39,22,66,40,0,0,0,0,0,0,0,0,0,0,0,0,0,0,0,0,0,0,0,0,0,0,0,0,0,0,0
127,0,96,10,0,0,0,0,0,0,1,0,0,0,0,0,44,1,18,22,22,29,22,66,30,0,0,0,0,0,0,0,0,0,0,0,0,0,0,0,0,0,0,0,0,0,0,0,0,0,0,0
127,0,96,10,0,0,0,0,0,0,1,0,0,0,0,0,44,1,40,22,22,39,22,66,40,0,0,0,0,0,0,0,0,0,0,0,0,0,0,0,0,0,0,0,0,0,0,0,0,0,0,0
127,0,96,10,0,0,0,0,0,0,1,0,0,0,0,0,44,1,21,22,22,29,22,66,40,0,0,0,0,0,0,0,0,0,0,0,0,0,0,0,0,0,0,0,0,0,0,0,0,0,0,0
127,0,96,10,0,0,0,0,0,0,1,0,0,0,0,0,44,1,41,22,22,29,22,66,40,0,0,0,0,0,0,0,0,0,0,0,0,0,0,0,0,0,0,0,0,0,0,0,0,0,0,0
127,0,96,10,0,0,0,0,0,0,1,0,0,0,0,0,44,1,26,22,22,29,22,66,50,0,0,0,0,0,0,0,0,0,0,0,0,0,0,0,0,0,0,0,0,0,0,0,0,0,0,0
127,0,96,10,0,0,0,0,0,0,1,0,0,0,0,0,44,1,39,22,22,29,22,66,59,0,0,0,0,0,0,0,0,0,0,0,0,0,0,0,0,0,0,0,0,0,0,0,0,0,0,0
127,0,96,10,0,0,0,0,0,0,1,0,0,0,0,0,44,1,34,22,22,29,22,66,69,0,0,0,0,0,0,0,0,0,0,0,0,0,0,0,0,0,0,0,0,0,0,0,0,0,0,0
127,0,96,10,0,0,0,0,0,0,1,0,0,0,0,0,44,1,26,22,22,29,22,66,50,0,0,0,0,0,0,0,0,0,0,0,0,0,0,0,0,0,0,0,0,0,0,0,0,0,0,0
127,0,96,10,0,0,0,0,0,0,1,0,0,0,0,0,44,1,38,22,22,29,22,66,30,0,0,0,0,0,0,0,0,0,0,0,0,0,0,0,0,0,0,0,0,0,0,0,0,0,0,0
127,0,96,11,0,0,0,0,0,0,1,0,0,0,0,0,44,1,27,22,22,29,22,66,40,0,0,0,0,0,0,0,0,0,0,0,0,0,0,0,0,0,0,0,0,0,0,0,0,0,0,0
127,0,96,10,0,0,0,0,0,0,1,0,0,0,0,0,44,1,30,22,22,39,22,66,50,0,0,0,0,0,0,0,0,0,0,0,0,0,0,0,0,0,0,0,0,0,0,0,0,0,0,0
127,0,96,10,0,0,0,0,0,0,1,0,0,0,0,0,44,1,38,22,22,29,22,66,50,0,0,0,0,0,0,0,0,0,0,0,0,0,0,0,0,0,0,0,0,0,0,0,0,0,0,0
127,0,96,11,0,0,0,0,0,0,1,0,0,0,0,0,44,1,32,22,22,29,22,66,50,0,0,0,0,0,0,0,0,0,0,0,0,0,0,0,0,0,0,0,0,0,0,0,0,0,0,0
127,0,96,10,0,0,0,0,0,0,1,0,0,0,0,0,44,1,20,22,22,29,22,66,59,0,0,0,0,0,0,0,0,0,0,0,0,0,0,0,0,0,0,0,0,0,0,0,0,0,0,0
127,0,96,10,0,0,0,0,0,0,1,0,0,0,0,0,44,1,33,22,22,29,22,66,59,0,0,0,0,0,0,0,0,0,0,0,0,0,0,0,0,0,0,0,0,0,0,0,0,0,0,0
127,0,94,10,0,0,0,0,0,0,1,0,0,0,0,0,44,1,40,22,22,29,22,66,69,0,0,0,0,0,0,0,0,0,0,0,0,0,0,0,0,0,0,0,0,0,0,0,0,0,0,0
127,0,96,10,0,0,0,0,0,0,1,0,0,0,0,0,44,1,36,22,22,29,22,66,80,0,0,0,0,0,0,0,0,0,0,0,0,0,0,0,0,0,0,0,0,0,0,0,0,0,0,0
127,0,96,9,0,0,0,0,0,0,1,0,0,0,0,0,44,1,29,22,22,29,22,66,80,0,0,0,0,0,0,0,0,0,0,0,0,0,0,0,0,0,0,0,0,0,0,0,0,0,0,0
127,0,96,10,0,0,0,0,0,0,1,0,0,0,0,0,44,1,20,22,22,29,22,66,50,0,0,0,0,0,0,0,0,0,0,0,0,0,0,0,0,0,0,0,0,0,0,0,0,0,0,0
127,0,96,10,0,0,0,0,0,0,1,0,0,0,0,0,44,1,37,22,22,29,22,66,30,0,0,0,0,0,0,0,0,0,0,0,0,0,0,0,0,0,0,0,0,0,0,0,0,0,0,0
127,0,96,10,0,0,0,0,0,0,1,0,0,0,0,0,44,1,37,22,22,29,22,66,30,0,0,0,0,0,0,0,0,0,0,0,0,0,0,0,0,0,0,0,0,0,0,0,0,0,0,0
127,0,96,10,0,0,0,0,0,0,1,0,0,0,0,0,44,1,25,22,22,29,22,66,9,0,0,0,0,0,0,0,0,0,0,0,0,0,0,0,0,0,0,0,0,0,0,0,0,0,0,0
127,0,96,10,0,0,0,0,0,0,1,0,0,0,0,0,44,1,41,22,22,29,22,66,19,0,0,0,0,0,0,0,0,0,0,0,0,0,0,0,0,0,0,0,0,0,0,0,0,0,0,0
127,0,96,10,0,0,0,0,0,0,1,0,0,0,0,0,44,1,29,22,22,29,22,66,30,0,0,0,0,0,0,0,0,0,0,0,0,0,0,0,0,0,0,0,0,0,0,0,0,0,0,0
127,0,96,10,0,0,0,0,0,0,1,0,0,0,0,0,44,1,38,22,22,29,22,66,40,0,0,0,0,0,0,0,0,0,0,0,0,0,0,0,0,0,0,0,0,0,0,0,0,0,0,0
127,0,96,10,0,0,0,0,0,0,1,0,0,0,0,0,44,1,32,22,22,29,22,66,50,0,0,0,0,0,0,0,0,0,0,0,0,0,0,0,0,0,0,0,0,0,0,0,0,0,0,0
127,0,96,10,0,0,0,0,0,0,1,0,0,0,0,0,44,1,39,22,22,29,22,66,59,0,0,0,0,0,0,0,0,0,0,0,0,0,0,0,0,0,0,0,0,0,0,0,0,0,0,0
127,0,96,10,0,0,0,0,0,0,1,0,0,0,0,0,44,1,29,22,22,29,22,66,59,0,0,0,0,0,0,0,0,0,0,0,0,0,0,0,0,0,0,0,0,0,0,0,0,0,0,0
127,0,96,10,0,0,0,0,0,0,1,0,0,0,0,0,44,1,41,22,22,29,22,66,50,0,0,0,0,0,0,0,0,0,0,0,0,0,0,0,0,0,0,0,0,0,0,0,0,0,0,0
127,0,96,10,0,0,0,0,0,0,1,0,0,0,0,0,44,1,26,22,22,29,22,66,19,0,0,0,0,0,0,0,0,0,0,0,0,0,0,0,0,0,0,0,0,0,0,0,0,0,0,0
127,0,98,9,0,0,0,0,0,0,1,0,0,0,0,0,44,1,40,22,22,29,22,66,0,0,0,0,0,0,0,0,0,0,0,0,0,0,0,0,0,0,0,0,0,0,0,0,0,0,0,0
127,0,96,10,0,0,0,0,0,0,1,0,0,0,0,0,44,1,17,22,22,29,22,66,0,0,0,0,0,0,0,0,0,0,0,0,0,0,0,0,0,0,0,0,0,0,0,0,0,0,0,0
127,0,96,10,0,0,0,0,0,0,1,0,0,0,0,0,44,1,38,22,22,29,22,66,0,0,0,0,0,0,0,0,0,0,0,0,0,0,0,0,0,0,0,0,0,0,0,0,0,0,0,0
127,0,96,10,0,0,0,0,0,0,1,0,0,0,0,0,44,1,17,22,22,29,22,66,9,0,0,0,0,0,0,0,0,0,0,0,0,0,0,0,0,0,0,0,0,0,0,0,0,0,0,0
127,0,96,10,0,0,0,0,0,0,1,0,0,0,0,0,44,1,39,22,22,29,22,66,30,0,0,0,0,0,0,0,0,0,0,0,0,0,0,0,0,0,0,0,0,0,0,0,0,0,0,0
127,0,96,10,0,0,0,0,0,0,1,0,0,0,0,0,44,1,24,22,22,29,22,66,40,0,0,0,0,0,0,0,0,0,0,0,0,0,0,0,0,0,0,0,0,0,0,0,0,0,0,0
127,0,96,10,0,0,0,0,0,0,1,0,0,0,0,0,44,1,37,22,22,29,22,66,50,0,0,0,0,0,0,0,0,0,0,0,0,0,0,0,0,0,0,0,0,0,0,0,0,0,0,0
127,0,96,10,0,0,0,0,0,0,1,0,0,0,0,0,44,1,34,22,22,29,22,66,59,0,0,0,0,0,0,0,0,0,0,0,0,0,0,0,0,0,0,0,0,0,0,0,0,0,0,0
127,0,96,10,0,0,0,0,0,0,1,0,0,0,0,0,44,1,21,22,22,29,22,66,69,0,0,0,0,0,0,0,0,0,0,0,0,0,0,0,0,0,0,0,0,0,0,0,0,0,0,0
127,0,96,10,0,0,0,0,0,0,1,0,0,0,0,0,44,1,41,22,22,29,22,66,59,0,0,0,0,0,0,0,0,0,0,0,0,0,0,0,0,0,0,0,0,0,0,0,0,0,0,0
127,0,96,10,0,0,0,0,0,0,1,0,0,0,0,0,44,1,34,22,22,29,22,66,40,0,0,0,0,0,0,0,0,0,0,0,0,0,0,0,0,0,0,0,0,0,0,0,0,0,0,0
127,0,96,10,0,0,0,0,0,0,1,0,0,0,0,0,44,1,20,22,22,29,22,66,19,0,0,0,0,0,0,0,0,0,0,0,0,0,0,0,0,0,0,0,0,0,0,0,0,0,0,0
127,0,96,10,0,0,0,0,0,0,1,0,0,0,0,0,44,1,41,22,22,29,22,66,9,0,0,0,0,0,0,0,0,0,0,0,0,0,0,0,0,0,0,0,0,0,0,0,0,0,0,0
127,0,96,10,0,0,0,0,0,0,1,0,0,0,0,0,44,1,36,22,22,29,22,66,30,0,0,0,0,0,0,0,0,0,0,0,0,0,0,0,0,0,0,0,0,0,0,0,0,0,0,0
127,0,96,10,0,0,0,0,0,0,1,0,0,0,0,0,44,1,17,22,22,29,22,66,40,0,0,0,0,0,0,0,0,0,0,0,0,0,0,0,0,0,0,0,0,0,0,0,0,0,0,0
127,0,96,10,0,0,0,0,0,0,1,0,0,0,0,0,44,1,40,22,22,29,22,66,40,0,0,0,0,0,0,0,0,0,0,0,0,0,0,0,0,0,0,0,0,0,0,0,0,0,0,0
127,0,94,10,0,0,0,0,0,0,1,0,0,0,0,0,44,1,34,22,22,29,22,66,50,0,0,0,0,0,0,0,0,0,0,0,0,0,0,0,0,0,0,0,0,0,0,0,0,0,0,0
127,0,96,10,0,0,0,0,0,0,1,0,0,0,0,0,44,1,23,22,22,29,22,66,59,0,0,0,0,0,0,0,0,0,0,0,0,0,0,0,0,0,0,0,0,0,0,0,0,0,0,0
127,0,96,10,0,0,0,0,0,0,1,0,0,0,0,0,44,1,39,22,22,29,22,66,59,0,0,0,0,0,0,0,0,0,0,0,0,0,0,0,0,0,0,0,0,0,0,0,0,0,0,0
127,0,96,10,0,0,0,0,0,0,1,0,0,0,0,0,44,1,27,22,22,29,22,66,59,0,0,0,0,0,0,0,0,0,0,0,0,0,0,0,0,0,0,0,0,0,0,0,0,0,0,0
127,0,96,10,0,0,0,0,0,0,1,0,0,0,0,0,44,1,36,22,22,29,22,66,50,0,0,0,0,0,0,0,0,0,0,0,0,0,0,0,0,0,0,0,0,0,0,0,0,0,0,0
127,0,96,9,0,0,0,0,0,0,1,0,0,0,0,0,44,1,34,22,22,29,22,66,30,0,0,0,0,0,0,0,0,0,0,0,0,0,0,0,0,0,0,0,0,0,0,0,0,0,0,0
127,0,96,10,0,0,0,0,0,0,1,0,0,0,0,0,44,1,26,22,22,29,22,66,19,0,0,0,0,0,0,0,0,0,0,0,0,0,0,0,0,0,0,0,0,0,0,0,0,0,0,0
127,0,96,10,0,0,0,0,0,0,1,0,0,0,0,0,44,1,37,22,22,29,22,66,19,0,0,0,0,0,0,0,0,0,0,0,0,0,0,0,0,0,0,0,0,0,0,0,0,0,0,0
127,0,96,10,0,0,0,0,0,0,1,0,0,0,0,0,44,1,17,22,22,29,22,66,30,0,0,0,0,0,0,0,0,0,0,0,0,0,0,0,0,0,0,0,0,0,0,0,0,0,0,0
127,0,96,9,0,0,0,0,0,0,1,0,0,0,0,0,44,1,40,22,22,29,22,66,40,0,0,0,0,0,0,0,0,0,0,0,0,0,0,0,0,0,0,0,0,0,0,0,0,0,0,0
127,0,96,10,0,0,0,0,0,0,1,0,0,0,0,0,44,1,29,22,22,29,22,66,50,0,0,0,0,0,0,0,0,0,0,0,0,0,0,0,0,0,0,0,0,0,0,0,0,0,0,0
127,0,96,10,0,0,0,0,0,0,1,0,0,0,0,0,44,1,32,22,22,29,22,66,69,0,0,0,0,0,0,0,0,0,0,0,0,0,0,0,0,0,0,0,0,0,0,0,0,0,0,0
127,0,96,10,0,0,0,0,0,0,1,0,0,0,0,0,44,1,36,22,22,29,22,66,80,0,0,0,0,0,0,0,0,0,0,0,0,0,0,0,0,0,0,0,0,0,0,0,0,0,0,0
127,0,96,9,0,0,0,0,0,0,1,0,0,0,0,0,44,1,17,22,22,29,22,67,0,0,0,0,0,0,0,0,0,0,0,0,0,0,0,0,0,0,0,0,0,0,0,0,0,0,0,0
127,0,96,10,0,0,0,0,0,0,1,0,0,0,0,0,44,1,40,22,22,29,22,67,9,0,0,0,0,0,0,0,0,0,0,0,0,0,0,0,0,0,0,0,0,0,0,0,0,0,0,0
127,0,96,10,0,0,0,0,0,0,1,0,0,0,0,0,44,1,24,22,22,29,22,67,9,0,0,0,0,0,0,0,0,0,0,0,0,0,0,0,0,0,0,0,0,0,0,0,0,0,0,0
127,0,96,10,0,0,0,0,0,0,1,0,0,0,0,0,44,1,40,22,22,29,22,66,69,0,0,0,0,0,0,0,0,0,0,0,0,0,0,0,0,0,0,0,0,0,0,0,0,0,0,0
127,0,96,10,0,0,0,0,0,0,1,0,0,0,0,0,44,1,16,22,22,29,22,66,59,0,0,0,0,0,0,0,0,0,0,0,0,0,0,0,0,0,0,0,0,0,0,0,0,0,0,0
127,0,96,10,0,0,0,0,0,0,1,0,0,0,0,0,44,1,37,22,22,29,22,66,50,0,0,0,0,0,0,0,0,0,0,0,0,0,0,0,0,0,0,0,0,0,0,0,0,0,0,0
126,160,96,3,0,0,0,9,0,64,1,0,9,8,0,6,44,0,123,22,22,29,182,194,69,80,32,0,165,0,0,48,0,64,0,48,6,8,0,96,9,0,0,160,8,0,0,6,8,0,172,1
127,0,96,10,0,0,0,0,0,0,1,0,0,0,0,0,44,1,32,22,22,29,22,66,69,0,0,0,0,0,0,0,0,0,0,0,0,0,0,0,0,0,0,0,0,0,0,0,0,0,0,0
127,0,96,10,0,0,0,0,0,0,1,0,0,0,0,0,44,1,41,22,22,29,22,66,80,0,0,0,0,0,0,0,0,0,0,0,0,0,0,0,0,0,0,0,0,0,0,0,0,0,0,0
127,0,96,10,0,0,0,0,0,0,1,0,0,0,0,0,44,1,23,22,22,29,22,66,90,0,0,0,0,0,0,0,0,0,0,0,0,0,0,0,0,0,0,0,0,0,0,0,0,0,0,0
127,0,96,10,0,0,0,0,0,0,1,0,0,0,0,0,44,1,40,22,22,29,22,67,0,0,0,0,0,0,0,0,0,0,0,0,0,0,0,0,0,0,0,0,0,0,0,0,0,0,0,0
127,0,96,10,0,0,0,0,0,0,1,0,0,0,0,0,44,1,23,22,22,29,22,67,0,0,0,0,0,0,0,0,0,0,0,0,0,0,0,0,0,0,0,0,0,0,0,0,0,0,0,0
127,0,96,10,0,0,0,0,0,0,1,0,0,0,0,0,44,1,41,22,22,29,22,66,90,0,0,0,0,0,0,0,0,0,0,0,0,0,0,0,0,0,0,0,0,0,0,0,0,0,0,0
127,0,96,10,0,0,0,0,0,0,1,0,0,0,0,0,44,1,29,22,22,29,22,66,80,0,0,0,0,0,0,0,0,0,0,0,0,0,0,0,0,0,0,0,0,0,0,0,0,0,0,0
127,0,96,10,0,0,0,0,0,0,1,0,0,0,0,0,44,1,35,22,22,29,22,66,50,0,0,0,0,0,0,0,0,0,0,0,0,0,0,0,0,0,0,0,0,0,0,0,0,0,0,0
127,0,96,10,0,0,0,0,0,0,1,0,0,0,0,0,44,1,33,22,22,29,22,66,50,0,0,0,0,0,0,0,0,0,0,0,0,0,0,0,0,0,0,0,0,0,0,0,0,0,0,0
127,0,96,10,0,0,0,0,0,0,1,0,0,0,0,0,44,1,29,22,22,29,22,66,50,0,0,0,0,0,0,0,0,0,0,0,0,0,0,0,0,0,0,0,0,0,0,0,0,0,0,0
127,0,96,10,0,0,0,0,0,0,1,0,0,0,0,0,44,1,34,22,22,29,22,66,50,0,0,0,0,0,0,0,0,0,0,0,0,0,0,0,0,0,0,0,0,0,0,0,0,0,0,0
127,0,96,10,0,0,0,0,0,0,1,0,0,0,0,0,44,1,32,22,22,29,22,66,59,0,0,0,0,0,0,0,0,0,0,0,0,0,0,0,0,0,0,0,0,0,0,0,0,0,0,0
127,0,96,10,0,0,0,0,0,0,1,0,0,0,0,0,44,1,30,22,22,29,22,66,59,0,0,0,0,0,0,0,0,0,0,0,0,0,0,0,0,0,0,0,0,0,0,0,0,0,0,0
127,0,96,10,0,0,0,0,0,0,1,0,0,0,0,0,44,1,40,22,22,29,22,66,69,0,0,0,0,0,0,0,0,0,0,0,0,0,0,0,0,0,0,0,0,0,0,0,0,0,0,0
127,0,96,10,0,0,0,0,0,0,1,0,0,0,0,0,44,1,16,22,22,29,22,66,80,0,0,0,0,0,0,0,0,0,0,0,0,0,0,0,0,0,0,0,0,0,0,0,0,0,0,0
127,0,96,10,0,0,0,0,0,0,1,0,0,0,0,0,44,1,36,22,22,29,22,66,80,0,0,0,0,0,0,0,0,0,0,0,0,0,0,0,0,0,0,0,0,0,0,0,0,0,0,0
127,0,96,10,0,0,0,0,0,0,1,0,0,0,0,0,44,1,27,22,22,29,22,66,59,0,0,0,0,0,0,0,0,0,0,0,0,0,0,0,0,0,0,0,0,0,0,0,0,0,0,0
127,0,96,10,0,0,0,0,0,0,1,0,0,0,0,0,44,1,33,22,22,29,22,66,50,0,0,0,0,0,0,0,0,0,0,0,0,0,0,0,0,0,0,0,0,0,0,0,0,0,0,0
127,0,96,10,0,0,0,0,0,0,1,0,0,0,0,0,44,1,37,22,22,29,22,66,40,0,0,0,0,0,0,0,0,0,0,0,0,0,0,0,0,0,0,0,0,0,0,0,0,0,0,0
127,0,96,10,0,0,0,0,0,0,1,0,0,0,0,0,44,1,27,22,22,29,22,66,40,0,0,0,0,0,0,0,0,0,0,0,0,0,0,0,0,0,0,0,0,0,0,0,0,0,0,0
127,0,96,10,0,0,0,0,0,0,1,0,0,0,0,0,44,1,41,22,22,29,22,66,40,0,0,0,0,0,0,0,0,0,0,0,0,0,0,0,0,0,0,0,0,0,0,0,0,0,0,0
127,0,96,10,0,0,0,0,0,0,1,0,0,0,0,0,44,1,23,22,22,29,22,66,40,0,0,0,0,0,0,0,0,0,0,0,0,0,0,0,0,0,0,0,0,0,0,0,0,0,0,0
127,0,96,9,0,0,0,0,0,0,1,0,0,0,0,0,44,1,40,22,22,29,22,66,50,0,0,0,0,0,0,0,0,0,0,0,0,0,0,0,0,0,0,0,0,0,0,0,0,0,0,0
127,0,96,10,0,0,0,0,0,0,1,0,0,0,0,0,44,1,21,22,22,29,22,66,59,0,0,0,0,0,0,0,0,0,0,0,0,0,0,0,0,0,0,0,0,0,0,0,0,0,0,0
127,0,96,10,0,0,0,0,0,0,1,0,0,0,0,0,44,1,38,22,22,20,22,66,59,0,0,0,0,0,0,0,0,0,0,0,0,0,0,0,0,0,0,0,0,0,0,0,0,0,0,0
127,0,96,10,0,0,0,0,0,0,1,0,0,0,0,0,44,1,17,22,22,29,22,66,69,0,0,0,0,0,0,0,0,0,0,0,0,0,0,0,0,0,0,0,0,0,0,0,0,0,0,0
127,0,96,10,0,0,0,0,0,0,1,0,0,0,0,0,44,1,36,22,22,29,22,66,90,0,0,0,0,0,0,0,0,0,0,0,0,0,0,0,0,0,0,0,0,0,0,0,0,0,0,0
127,0,96,9,0,0,0,0,0,0,1,0,0,0,0,0,44,1,33,22,22,29,22,66,59,0,0,0,0,0,0,0,0,0,0,0,0,0,0,0,0,0,0,0,0,0,0,0,0,0,0,0
127,0,96,10,0,0,0,0,0,0,1,0,0,0,0,0,44,1,25,22,22,29,22,66,50,0,0,0,0,0,0,0,0,0,0,0,0,0,0,0,0,0,0,0,0,0,0,0,0,0,0,0
127,0,96,10,0,0,0,0,0,0,1,0,0,0,0,0,44,1,36,22,22,29,22,66,30,0,0,0,0,0,0,0,0,0,0,0,0,0,0,0,0,0,0,0,0,0,0,0,0,0,0,0
127,0,96,10,0,0,0,0,0,0,1,0,0,0,0,0,44,1,33,22,22,20,22,66,19,0,0,0,0,0,0,0,0,0,0,0,0,0,0,0,0,0,0,0,0,0,0,0,0,0,0,0
127,0,96,10,0,0,0,0,0,0,1,0,0,0,0,0,44,1,22,22,22,29,22,66,50,0,0,0,0,0,0,0,0,0,0,0,0,0,0,0,0,0,0,0,0,0,0,0,0,0,0,0
127,0,96,10,0,0,0,0,0,0,1,0,0,0,0,0,44,1,37,22,22,29,22,66,59,0,0,0,0,0,0,0,0,0,0,0,0,0,0,0,0,0,0,0,0,0,0,0,0,0,0,0
127,0,96,10,0,0,0,0,0,0,1,0,0,0,0,0,44,1,25,22,22,29,22,66,69,0,0,0,0,0,0,0,0,0,0,0,0,0,0,0,0,0,0,0,0,0,0,0,0,0,0,0
127,0,96,10,0,0,0,0,0,0,1,0,0,0,0,0,44,1,33,22,22,29,22,66,90,0,0,0,0,0,0,0,0,0,0,0,0,0,0,0,0,0,0,0,0,0,0,0,0,0,0,0
127,0,96,10,0,0,0,0,0,0,1,0,0,0,0,0,44,1,34,22,22,20,22,66,90,0,0,0,0,0,0,0,0,0,0,0,0,0,0,0,0,0,0,0,0,0,0,0,0,0,0,0
127,0,96,10,0,0,0,0,0,0,1,0,0,0,0,0,44,1,32,22,22,29,22,67,9,0,0,0,0,0,0,0,0,0,0,0,0,0,0,0,0,0,0,0,0,0,0,0,0,0,0,0
127,0,96,12,0,0,0,0,0,0,1,0,0,0,0,0,44,1,37,22,22,29,22,67,9,0,0,0,0,0,0,0,0,0,0,0,0,0,0,0,0,0,0,0,0,0,0,0,0,0,0,0
127,0,96,10,0,0,0,0,0,0,1,0,0,0,0,0,44,1,28,22,22,29,22,67,0,0,0,0,0,0,0,0,0,0,0,0,0,0,0,0,0,0,0,0,0,0,0,0,0,0,0,0
127,0,96,10,0,0,0,0,0,0,1,0,0,0,0,0,44,1,37,22,22,29,22,66,69,0,0,0,0,0,0,0,0,0,0,0,0,0,0,0,0,0,0,0,0,0,0,0,0,0,0,0
127,0,96,10,0,0,0,0,0,0,1,0,0,0,0,0,44,1,32,22,22,29,22,66,50,0,0,0,0,0,0,0,0,0,0,0,0,0,0,0,0,0,0,0,0,0,0,0,0,0,0,0
127,0,96,10,0,0,0,0,0,0,1,0,0,0,0,0,44,1,36,22,22,29,22,66,50,0,0,0,0,0,0,0,0,0,0,0,0,0,0,0,0,0,0,0,0,0,0,0,0,0,0,0
127,0,96,10,0,0,0,0,0,0,1,0,0,0,0,0,44,1,29,22,22,20,22,66,40,0,0,0,0,0,0,0,0,0,0,0,0,0,0,0,0,0,0,0,0,0,0,0,0,0,0,0
127,0,96,10,0,0,0,0,0,0,1,0,0,0,0,0,44,1,40,22,22,29,22,66,59,0,0,0,0,0,0,0,0,0,0,0,0,0,0,0,0,0,0,0,0,0,0,0,0,0,0,0
127,0,96,10,0,0,0,0,0,0,1,0,0,0,0,0,44,1,23,22,22,29,22,66,59,0,0,0,0,0,0,0,0,0,0,0,0,0,0,0,0,0,0,0,0,0,0,0,0,0,0,0
127,0,96,10,0,0,0,0,0,0,1,0,0,0,0,0,44,1,38,22,22,29,22,66,69,0,0,0,0,0,0,0,0,0,0,0,0,0,0,0,0,0,0,0,0,0,0,0,0,0,0,0
127,0,96,10,0,0,0,0,0,0,1,0,0,0,0,0,44,1,17,22,22,29,22,66,80,0,0,0,0,0,0,0,0,0,0,0,0,0,0,0,0,0,0,0,0,0,0,0,0,0,0,0
127,0,96,10,0,0,0,0,0,0,1,0,0,0,0,0,44,1,37,22,22,29,22,66,90,0,0,0,0,0,0,0,0,0,0,0,0,0,0,0,0,0,0,0,0,0,0,0,0,0,0,0
126,160,94,4,0,0,0,9,0,64,1,0,9,0,0,0,44,1,18,22,22,29,22,67,0,0,0,0,0,0,0,0,0,64,0,0,0,0,0,0,0,0,0,192,0,0,0,0,0,0,0,0
127,0,96,10,0,0,0,0,0,0,1,0,0,0,0,0,44,1,37,22,22,29,22,66,80,0,0,0,0,0,0,0,0,0,0,0,0,0,0,0,0,0,0,0,0,0,0,0,0,0,0,0
127,0,96,9,0,0,0,0,0,0,1,0,0,0,0,0,44,1,18,22,22,29,22,66,59,0,0,0,0,0,0,0,0,0,0,0,0,0,0,0,0,0,0,0,0,0,0,0,0,0,0,0
127,0,96,10,0,0,0,0,0,0,1,0,0,0,0,0,44,1,37,22,22,29,22,66,50,0,0,0,0,0,0,0,0,0,0,0,0,0,0,0,0,0,0,0,0,0,0,0,0,0,0,0
127,0,96,10,0,0,0,0,0,0,1,0,0,0,0,0,44,1,21,22,22,29,22,66,40,0,0,0,0,0,0,0,0,0,0,0,0,0,0,0,0,0,0,0,0,0,0,0,0,0,0,0
127,0,96,10,0,0,0,0,0,0,1,0,0,0,0,0,44,1,35,22,22,29,22,66,40,0,0,0,0,0,0,0,0,0,0,0,0,0,0,0,0,0,0,0,0,0,0,0,0,0,0,0
127,0,96,10,0,0,0,0,0,0,1,0,0,0,0,0,44,1,25,22,22,29,22,66,40,0,0,0,0,0,0,0,0,0,0,0,0,0,0,0,0,0,0,0,0,0,0,0,0,0,0,0
127,0,96,10,0,0,0,0,0,0,1,0,0,0,0,0,44,1,35,22,22,29,22,66,50,0,0,0,0,0,0,0,0,0,0,0,0,0,0,0,0,0,0,0,0,0,0,0,0,0,0,0
127,0,94,10,0,0,0,0,0,0,1,0,0,0,0,0,44,1,26,22,22,29,22,66,59,0,0,0,0,0,0,0,0,0,0,0,0,0,0,0,0,0,0,0,0,0,0,0,0,0,0,0
127,0,98,10,0,0,0,0,0,0,1,0,0,0,0,0,44,1,28,22,22,29,22,66,80,0,0,0,0,0,0,0,0,0,0,0,0,0,0,0,0,0,0,0,0,0,0,0,0,0,0,0
127,0,96,10,0,0,0,0,0,0,1,0,0,0,0,0,44,1,34,22,22,29,22,66,90,0,0,0,0,0,0,0,0,0,0,0,0,0,0,0,0,0,0,0,0,0,0,0,0,0,0,0
127,0,96,10,0,0,0,0,0,0,1,0,0,0,0,0,44,1,27,22,22,20,22,66,59,0,0,0,0,0,0,0,0,0,0,0,0,0,0,0,0,0,0,0,0,0,0,0,0,0,0,0
127,0,96,10,0,0,0,0,0,0,1,0,0,0,0,0,44,1,35,22,22,29,22,66,59,0,0,0,0,0,0,0,0,0,0,0,0,0,0,0,0,0,0,0,0,0,0,0,0,0,0,0
127,0,96,9,0,0,0,0,0,0,1,0,0,0,0,0,44,1,26,22,22,20,22,66,30,0,0,0,0,0,0,0,0,0,0,0,0,0,0,0,0,0,0,0,0,0,0,0,0,0,0,0
127,0,96,10,0,0,0,0,0,0,1,0,0,0,0,0,44,1,35,22,22,20,22,66,30,0,0,0,0,0,0,0,0,0,0,0,0,0,0,0,0,0,0,0,0,0,0,0,0,0,0,0
127,0,96,10,0,0,0,0,0,0,1,0,0,0,0,0,44,1,25,22,22,20,22,66,40,0,0,0,0,0,0,0,0,0,0,0,0,0,0,0,0,0,0,0,0,0,0,0,0,0,0,0
127,0,96,10,0,0,0,0,0,0,1,0,0,0,0,0,44,1,35,22,22,20,22,66,40,0,0,0,0,0,0,0,0,0,0,0,0,0,0,0,0,0,0,0,0,0,0,0,0,0,0,0
127,0,96,10,0,0,0,0,0,0,1,0,0,0,0,0,44,1,25,22,22,29,22,66,59,0,0,0,0,0,0,0,0,0,0,0,0,0,0,0,0,0,0,0,0,0,0,0,0,0,0,0
127,0,96,10,0,0,0,0,0,0,1,0,0,0,0,0,44,1,36,22,22,20,22,66,69,0,0,0,0,0,0,0,0,0,0,0,0,0,0,0,0,0,0,0,0,0,0,0,0,0,0,0
127,0,96,10,0,0,0,0,0,0,1,0,0,0,0,0,44,1,16,22,22,20,22,66,90,0,0,0,0,0,0,0,0,0,0,0,0,0,0,0,0,0,0,0,0,0,0,0,0,0,0,0
127,0,96,10,0,0,0,0,0,0,1,0,0,0,0,0,44,1,39,22,22,20,22,67,0,0,0,0,0,0,0,0,0,0,0,0,0,0,0,0,0,0,0,0,0,0,0,0,0,0,0,0
127,0,96,10,0,0,0,0,0,0,1,0,0,0,0,0,44,1,27,22,22,29,22,67,19,0,0,0,0,0,0,0,0,0,0,0,0,0,0,0,0,0,0,0,0,0,0,0,0,0,0,0
127,0,96,10,0,0,0,0,0,0,1,0,0,0,0,0,44,1,36,22,22,20,22,66,69,0,0,0,0,0,0,0,0,0,0,0,0,0,0,0,0,0,0,0,0,0,0,0,0,0,0,0
127,0,96,5,0,0,0,0,0,0,1,0,0,0,0,0,44,1,34,22,22,20,118,66,50,0,0,0,0,0,0,0,96,128,0,0,0,0,0,0,0,0,1,192,0,0,0,0,0,0,160,0
127,0,96,10,0,0,0,0,0,0,1,0,0,0,0,0,44,1,23,22,22,29,22,66,50,0,0,0,0,0,0,0,0,0,0,0,0,0,0,0,0,0,0,0,0,0,0,0,0,0,0,0
127,0,96,10,0,0,0,0,0,0,1,0,0,0,0,0,44,1,38,22,22,29,22,66,59,0,0,0,0,0,0,0,0,0,0,0,0,0,0,0,0,0,0,0,0,0,0,0,0,0,0,0
127,0,96,10,0,0,0,0,0,0,1,0,0,0,0,0,44,1,29,22,22,20,22,66,50,0,0,0,0,0,0,0,0,0,0,0,0,0,0,0,0,0,0,0,0,0,0,0,0,0,0,0
127,0,96,10,0,0,0,0,0,0,1,0,0,0,0,0,44,1,22,22,22,20,22,66,59,0,0,0,0,0,0,0,0,0,0,0,0,0,0,0,0,0,0,0,0,0,0,0,0,0,0,0
127,0,96,10,0,0,0,0,0,0,1,0,0,0,0,0,44,1,40,22,22,20,22,66,59,0,0,0,0,0,0,0,0,0,0,0,0,0,0,0,0,0,0,0,0,0,0,0,0,0,0,0
127,0,96,10,0,0,0,0,0,0,1,0,0,0,0,0,44,1,34,22,22,20,22,66,69,0,0,0,0,0,0,0,0,0,0,0,0,0,0,0,0,0,0,0,0,0,0,0,0,0,0,0
127,0,96,10,0,0,0,0,0,0,1,0,0,0,0,0,44,1,20,22,22,20,22,66,80,0,0,0,0,0,0,0,0,0,0,0,0,0,0,0,0,0,0,0,0,0,0,0,0,0,0,0
127,0,96,10,0,0,0,0,0,0,1,0,0,0,0,0,44,1,38,22,22,29,22,67,0,0,0,0,0,0,0,0,0,0,0,0,0,0,0,0,0,0,0,0,0,0,0,0,0,0,0,0
127,0,96,10,0,0,0,0,0,0,1,0,0,0,0,0,44,1,32,22,22,29,22,66,80,0,0,0,0,0,0,0,0,0,0,0,0,0,0,0,0,0,0,0,0,0,0,0,0,0,0,0
127,0,96,10,0,0,0,0,0,0,1,0,0,0,0,0,44,1,21,22,22,29,22,66,50,0,0,0,0,0,0,0,0,0,0,0,0,0,0,0,0,0,0,0,0,0,0,0,0,0,0,0
127,0,96,10,0,0,0,0,0,0,1,0,0,0,0,0,44,1,39,22,22,29,22,66,59,0,0,0,0,0,0,0,0,0,0,0,0,0,0,0,0,0,0,0,0,0,0,0,0,0,0,0
127,0,96,10,0,0,0,0,0,0,1,0,0,0,0,0,44,1,32,22,22,29,22,66,69,0,0,0,0,0,0,0,0,0,0,0,0,0,0,0,0,0,0,0,0,0,0,0,0,0,0,0
127,0,96,10,0,0,0,0,0,0,1,0,0,0,0,0,44,1,25,22,22,29,22,66,80,0,0,0,0,0,0,0,0,0,0,0,0,0,0,0,0,0,0,0,0,0,0,0,0,0,0,0
127,0,96,10,0,0,0,0,0,0,1,0,0,0,0,0,44,1,37,22,22,29,22,67,0,0,0,0,0,0,0,0,0,0,0,0,0,0,0,0,0,0,0,0,0,0,0,0,0,0,0,0
127,0,96,10,0,0,0,0,0,0,1,0,0,0,0,0,44,1,20,22,22,29,22,67,0,0,0,0,0,0,0,0,0,0,0,0,0,0,0,0,0,0,0,0,0,0,0,0,0,0,0,0
127,0,96,10,0,0,0,0,0,0,1,0,0,0,0,0,44,1,39,22,22,29,22,67,9,0,0,0,0,0,0,0,0,0,0,0,0,0,0,0,0,0,0,0,0,0,0,0,0,0,0,0
127,0,96,9,0,0,0,0,0,0,1,0,0,0,0,0,44,1,32,22,22,29,22,67,9,0,0,0,0,0,0,0,0,0,0,0,0,0,0,0,0,0,0,0,0,0,0,0,0,0,0,0
127,0,96,10,0,0,0,0,0,0,1,0,0,0,0,0,44,1,27,22,22,29,22,67,30,0,0,0,0,0,0,0,0,0,0,0,0,0,0,0,0,0,0,0,0,0,0,0,0,0,0,0
127,0,96,9,0,0,0,0,0,0,1,0,0,0,0,0,44,1,35,22,22,29,22,67,9,0,0,0,0,0,0,0,0,0,0,0,0,0,0,0,0,0,0,0,0,0,0,0,0,0,0,0
127,0,96,10,0,0,0,0,0,0,1,0,0,0,0,0,44,1,20,22,22,29,22,67,9,0,0,0,0,0,0,0,0,0,0,0,0,0,0,0,0,0,0,0,0,0,0,0,0,0,0,0
127,0,96,10,0,0,0,0,0,0,1,0,0,0,0,0,44,1,37,22,22,29,22,67,0,0,0,0,0,0,0,0,0,0,0,0,0,0,0,0,0,0,0,0,0,0,0,0,0,0,0,0
127,0,96,10,0,0,0,0,0,0,1,0,0,0,0,0,44,1,21,22,22,29,22,66,90,0,0,0,0,0,0,0,0,0,0,0,0,0,0,0,0,0,0,0,0,0,0,0,0,0,0,0
127,0,96,10,0,0,0,0,0,0,1,0,0,0,0,0,44,1,39,22,22,29,22,66,80,0,0,0,0,0,0,0,0,0,0,0,0,0,0,0,0,0,0,0,0,0,0,0,0,0,0,0
127,0,96,10,0,0,0,0,0,0,1,0,0,0,0,0,44,1,32,22,22,29,22,66,80,0,0,0,0,0,0,0,0,0,0,0,0,0,0,0,0,0,0,0,0,0,0,0,0,0,0,0
127,0,96,10,0,0,0,0,0,0,1,0,0,0,0,0,44,1,25,22,22,29,22,66,90,0,0,0,0,0,0,0,0,0,0,0,0,0,0,0,0,0,0,0,0,0,0,0,0,0,0,0
127,0,96,10,0,0,0,0,0,0,1,0,0,0,0,0,44,1,36,22,22,29,22,67,9,0,0,0,0,0,0,0,0,0,0,0,0,0,0,0,0,0,0,0,0,0,0,0,0,0,0,0
127,0,96,10,0,0,0,0,0,0,1,0,0,0,0,0,44,1,16,22,22,29,22,67,19,0,0,0,0,0,0,0,0,0,0,0,0,0,0,0,0,0,0,0,0,0,0,0,0,0,0,0
127,0,96,10,0,0,0,0,0,0,1,0,0,0,0,0,44,1,38,22,22,29,22,67,30,0,0,0,0,0,0,0,0,0,0,0,0,0,0,0,0,0,0,0,0,0,0,0,0,0,0,0
127,0,96,10,0,0,0,0,0,0,1,0,0,0,0,0,44,1,28,22,22,29,22,67,40,0,0,0,0,0,0,0,0,0,0,0,0,0,0,0,0,0,0,0,0,0,0,0,0,0,0,0
127,0,96,10,0,0,0,0,0,0,1,0,0,0,0,0,44,1,27,22,22,29,22,67,30,0,0,0,0,0,0,0,0,0,0,0,0,0,0,0,0,0,0,0,0,0,0,0,0,0,0,0
127,0,96,10,0,0,0,0,0,0,1,0,0,0,0,0,44,1,37,22,22,29,22,67,0,0,0,0,0,0,0,0,0,0,0,0,0,0,0,0,0,0,0,0,0,0,0,0,0,0,0,0
127,0,96,10,0,0,0,0,0,0,1,0,0,0,0,0,44,1,28,22,22,29,22,66,80,0,0,0,0,0,0,0,0,0,0,0,0,0,0,0,0,0,0,0,0,0,0,0,0,0,0,0
127,0,96,10,0,0,0,0,0,0,1,0,0,0,0,0,44,1,22,22,22,29,22,66,69,0,0,0,0,0,0,0,0,0,0,0,0,0,0,0,0,0,0,0,0,0,0,0,0,0,0,0
127,0,96,10,0,0,0,0,0,0,1,0,0,0,0,0,44,1,39,22,22,29,22,66,69,0,0,0,0,0,0,0,0,0,0,0,0,0,0,0,0,0,0,0,0,0,0,0,0,0,0,0
127,0,96,10,0,0,0,0,0,0,1,0,0,0,0,0,44,1,33,22,22,20,22,66,90,0,0,0,0,0,0,0,0,0,0,0,0,0,0,0,0,0,0,0,0,0,0,0,0,0,0,0
127,0,96,9,0,0,0,0,0,0,1,0,0,0,0,0,44,1,16,22,22,20,22,67,0,0,0,0,0,0,0,0,0,0,0,0,0,0,0,0,0,0,0,0,0,0,0,0,0,0,0,0
127,0,96,10,0,0,0,0,0,0,1,0,0,0,0,0,44,1,36,22,22,20,22,67,9,0,0,0,0,0,0,0,0,0,0,0,0,0,0,0,0,0,0,0,0,0,0,0,0,0,0,0
127,0,96,10,0,0,0,0,0,0,1,0,0,0,0,0,44,1,34,22,22,20,22,67,19,0,0,0,0,0,0,0,0,0,0,0,0,0,0,0,0,0,0,0,0,0,0,0,0,0,0,0
127,0,96,10,0,0,0,0,0,0,1,0,0,0,0,0,44,1,25,22,22,20,22,67,30,0,0,0,0,0,0,0,0,0,0,0,0,0,0,0,0,0,0,0,0,0,0,0,0,0,0,0
127,0,96,10,0,0,0,0,0,0,1,0,0,0,0,0,44,1,35,22,22,20,22,67,40,0,0,0,0,0,0,0,0,0,0,0,0,0,0,0,0,0,0,0,0,0,0,0,0,0,0,0
127,0,96,10,0,0,0,0,0,0,1,0,0,0,0,0,44,1,24,22,22,20,22,67,50,0,0,0,0,0,0,0,0,0,0,0,0,0,0,0,0,0,0,0,0,0,0,0,0,0,0,0
127,0,96,10,0,0,0,0,0,0,1,0,0,0,0,0,44,1,35,22,22,20,22,67,9,0,0,0,0,0,0,0,0,0,0,0,0,0,0,0,0,0,0,0,0,0,0,0,0,0,0,0
127,0,96,10,0,0,0,0,0,0,1,0,0,0,0,0,44,1,20,22,22,29,22,67,0,0,0,0,0,0,0,0,0,0,0,0,0,0,0,0,0,0,0,0,0,0,0,0,0,0,0,0
127,0,96,10,0,0,0,0,0,0,1,0,0,0,0,0,44,1,37,22,22,29,22,66,80,0,0,0,0,0,0,0,0,0,0,0,0,0,0,0,0,0,0,0,0,0,0,0,0,0,0,0
127,0,96,10,0,0,0,0,0,0,1,0,0,0,0,0,44,1,18,22,22,20,22,66,69,0,0,0,0,0,0,0,0,0,0,0,0,0,0,0,0,0,0,0,0,0,0,0,0,0,0,0
127,0,96,10,0,0,0,0,0,0,1,0,0,0,0,0,44,1,40,22,22,20,22,66,69,0,0,0,0,0,0,0,0,0,0,0,0,0,0,0,0,0,0,0,0,0,0,0,0,0,0,0
127,0,96,10,0,0,0,0,0,0,1,0,0,0,0,0,44,1,30,22,22,20,22,66,90,0,0,0,0,0,0,0,0,0,0,0,0,0,0,0,0,0,0,0,0,0,0,0,0,0,0,0
127,0,96,10,0,0,0,0,0,0,1,0,0,0,0,0,44,1,26,22,22,20,22,67,0,0,0,0,0,0,0,0,0,0,0,0,0,0,0,0,0,0,0,0,0,0,0,0,0,0,0,0
127,0,96,10,0,0,0,0,0,0,1,0,0,0,0,0,44,1,36,22,22,20,22,67,0,0,0,0,0,0,0,0,0,0,0,0,0,0,0,0,0,0,0,0,0,0,0,0,0,0,0,0
127,0,96,10,0,0,0,0,0,0,1,0,0,0,0,0,44,1,17,22,22,20,22,67,0,0,0,0,0,0,0,0,0,0,0,0,0,0,0,0,0,0,0,0,0,0,0,0,0,0,0,0
127,0,96,10,0,0,0,0,0,0,1,0,0,0,0,0,44,1,38,22,22,20,22,67,0,0,0,0,0,0,0,0,0,0,0,0,0,0,0,0,0,0,0,0,0,0,0,0,0,0,0,0
127,0,96,10,0,0,0,0,0,0,1,0,0,0,0,0,44,1,32,22,22,20,22,67,0,0,0,0,0,0,0,0,0,0,0,0,0,0,0,0,0,0,0,0,0,0,0,0,0,0,0,0
127,0,96,10,0,0,0,0,0,0,1,0,0,0,0,0,44,1,24,22,22,20,22,66,69,0,0,0,0,0,0,0,0,0,0,0,0,0,0,0,0,0,0,0,0,0,0,0,0,0,0,0
127,0,96,12,0,0,0,0,0,0,1,0,0,0,0,0,44,1,36,22,22,20,22,66,59,0,0,0,0,0,0,0,0,0,0,0,0,0,0,0,0,0,0,0,0,0,0,0,0,0,0,0
127,0,96,10,0,0,0,0,0,0,1,0,0,0,0,0,44,1,15,22,22,20,22,66,59,0,0,0,0,0,0,0,0,0,0,0,0,0,0,0,0,0,0,0,0,0,0,0,0,0,0,0
127,0,96,10,0,0,0,0,0,0,1,0,0,0,0,0,44,1,37,22,22,20,22,66,59,0,0,0,0,0,0,0,0,0,0,0,0,0,0,0,0,0,0,0,0,0,0,0,0,0,0,0
127,0,96,10,0,0,0,0,0,0,1,0,0,0,0,0,44,1,15,22,22,20,22,66,69,0,0,0,0,0,0,0,0,0,0,0,0,0,0,0,0,0,0,0,0,0,0,0,0,0,0,0
127,0,96,10,0,0,0,0,0,0,1,0,0,0,0,0,44,1,36,22,22,20,22,66,80,0,0,0,0,0,0,0,0,0,0,0,0,0,0,0,0,0,0,0,0,0,0,0,0,0,0,0
127,0,96,10,0,0,0,0,0,0,1,0,0,0,0,0,44,1,20,22,22,20,22,66,90,0,0,0,0,0,0,0,0,0,0,0,0,0,0,0,0,0,0,0,0,0,0,0,0,0,0,0
127,0,96,9,0,0,0,0,0,0,1,0,0,0,0,0,44,1,34,22,22,20,22,67,0,0,0,0,0,0,0,0,0,0,0,0,0,0,0,0,0,0,0,0,0,0,0,0,0,0,0,0
127,0,96,10,0,0,0,0,0,0,1,0,0,0,0,0,44,1,27,22,22,20,22,67,0,0,0,0,0,0,0,0,0,0,0,0,0,0,0,0,0,0,0,0,0,0,0,0,0,0,0,0
127,0,96,10,0,0,0,0,0,0,1,0,0,0,0,0,44,1,29,22,22,20,22,67,9,0,0,0,0,0,0,0,0,0,0,0,0,0,0,0,0,0,0,0,0,0,0,0,0,0,0,0
127,0,96,9,0,0,0,0,0,0,1,0,0,0,0,0,44,1,37,22,22,29,22,67,0,0,0,0,0,0,0,0,0,0,0,0,0,0,0,0,0,0,0,0,0,0,0,0,0,0,0,0
127,0,96,10,0,0,0,0,0,0,1,0,0,0,0,0,44,1,25,22,22,20,22,66,69,0,0,0,0,0,0,0,0,0,0,0,0,0,0,0,0,0,0,0,0,0,0,0,0,0,0,0
127,0,96,10,0,0,0,0,0,0,1,0,0,0,0,0,44,1,37,22,22,20,22,66,50,0,0,0,0,0,0,0,0,0,0,0,0,0,0,0,0,0,0,0,0,0,0,0,0,0,0,0
127,0,96,10,0,0,0,0,0,0,1,0,0,0,0,0,44,1,16,22,22,20,22,66,59,0,0,0,0,0,0,0,0,0,0,0,0,0,0,0,0,0,0,0,0,0,0,0,0,0,0,0
127,0,96,10,0,0,0,0,0,0,1,0,0,0,0,0,44,1,34,22,22,20,22,66,59,0,0,0,0,0,0,0,0,0,0,0,0,0,0,0,0,0,0,0,0,0,0,0,0,0,0,0
127,0,96,10,0,0,0,0,0,0,1,0,0,0,0,0,44,1,27,22,22,20,22,66,69,0,0,0,0,0,0,0,0,0,0,0,0,0,0,0,0,0,0,0,0,0,0,0,0,0,0,0
127,0,96,10,0,0,0,0,0,0,1,0,0,0,0,0,44,1,27,22,22,20,22,66,90,0,0,0,0,0,0,0,0,0,0,0,0,0,0,0,0,0,0,0,0,0,0,0,0,0,0,0
127,0,94,10,0,0,0,0,0,0,1,0,0,0,0,0,44,1,37,22,22,20,22,67,0,0,0,0,0,0,0,0,0,0,0,0,0,0,0,0,0,0,0,0,0,0,0,0,0,0,0,0
127,0,96,10,0,0,0,0,0,0,1,0,0,0,0,0,44,1,20,22,22,20,22,67,9,0,0,0,0,0,0,0,0,0,0,0,0,0,0,0,0,0,0,0,0,0,0,0,0,0,0,0
127,0,96,10,0,0,0,0,0,0,1,0,0,0,0,0,44,1,30,22,22,20,22,67,19,0,0,0,0,0,0,0,0,0,0,0,0,0,0,0,0,0,0,0,0,0,0,0,0,0,0,0
127,0,96,10,0,0,0,0,0,0,1,0,0,0,0,0,44,1,36,22,22,20,22,67,9,0,0,0,0,0,0,0,0,0,0,0,0,0,0,0,0,0,0,0,0,0,0,0,0,0,0,0
127,0,96,10,0,0,0,0,0,0,1,0,0,0,0,0,44,1,23,22,22,20,22,66,59,0,0,0,0,0,0,0,0,0,0,0,0,0,0,0,0,0,0,0,0,0,0,0,0,0,0,0
127,0,96,10,0,0,0,0,0,0,1,0,0,0,0,0,44,1,26,22,22,20,22,66,59,0,0,0,0,0,0,0,0,0,0,0,0,0,0,0,0,0,0,0,0,0,0,0,0,0,0,0
127,0,96,10,0,0,0,0,0,0,1,0,0,0,0,0,44,1,36,22,22,20,22,66,59,0,0,0,0,0,0,0,0,0,0,0,0,0,0,0,0,0,0,0,0,0,0,0,0,0,0,0
127,0,96,10,0,0,0,0,0,0,1,0,0,0,0,0,44,1,21,22,22,20,22,66,59,0,0,0,0,0,0,0,0,0,0,0,0,0,0,0,0,0,0,0,0,0,0,0,0,0,0,0
127,0,96,10,0,0,0,0,0,0,1,0,0,0,0,0,44,1,32,22,22,20,22,66,59,0,0,0,0,0,0,0,0,0,0,0,0,0,0,0,0,0,0,0,0,0,0,0,0,0,0,0
127,0,96,10,0,0,0,0,0,0,1,0,0,0,0,0,44,1,36,22,22,20,22,66,69,0,0,0,0,0,0,0,0,0,0,0,0,0,0,0,0,0,0,0,0,0,0,0,0,0,0,0
127,0,96,10,0,0,0,0,0,0,1,0,0,0,0,0,44,1,24,22,22,20,22,67,0,0,0,0,0,0,0,0,0,0,0,0,0,0,0,0,0,0,0,0,0,0,0,0,0,0,0,0
127,0,96,10,0,0,0,0,0,0,1,0,0,0,0,0,44,1,38,22,22,20,22,67,0,0,0,0,0,0,0,0,0,0,0,0,0,0,0,0,0,0,0,0,0,0,0,0,0,0,0,0
127,0,96,10,0,0,0,0,0,0,1,0,0,0,0,0,44,1,18,22,22,20,22,67,9,0,0,0,0,0,0,0,0,0,0,0,0,0,0,0,0,0,0,0,0,0,0,0,0,0,0,0
127,0,96,10,0,0,0,0,0,0,1,0,0,0,0,0,44,1,37,22,22,20,22,67,19,0,0,0,0,0,0,0,0,0,0,0,0,0,0,0,0,0,0,0,0,0,0,0,0,0,0,0
127,0,96,10,0,0,0,0,0,0,1,0,0,0,0,0,44,1,15,22,22,20,22,67,19,0,0,0,0,0,0,0,0,0,0,0,0,0,0,0,0,0,0,0,0,0,0,0,0,0,0,0
127,0,96,10,0,0,0,0,0,0,1,0,0,0,0,0,44,1,35,22,22,20,22,67,0,0,0,0,0,0,0,0,0,0,0,0,0,0,0,0,0,0,0,0,0,0,0,0,0,0,0,0
127,0,96,10,0,0,0,0,0,0,1,0,0,0,0,0,44,1,18,22,22,20,22,66,80,0,0,0,0,0,0,0,0,0,0,0,0,0,0,0,0,0,0,0,0,0,0,0,0,0,0,0
127,0,96,10,0,0,0,0,0,0,1,0,0,0,0,0,44,1,33,22,22,20,22,66,80,0,0,0,0,0,0,0,0,0,0,0,0,0,0,0,0,0,0,0,0,0,0,0,0,0,0,0
127,0,96,10,0,0,0,0,0,0,1,0,0,0,0,0,44,1,34,22,22,20,22,66,69,0,0,0,0,0,0,0,0,0,0,0,0,0,0,0,0,0,0,0,0,0,0,0,0,0,0,0
127,0,96,10,0,0,0,0,0,0,1,0,0,0,0,0,44,1,23,22,22,20,22,66,69,0,0,0,0,0,0,0,0,0,0,0,0,0,0,0,0,0,0,0,0,0,0,0,0,0,0,0
127,0,96,10,0,0,0,0,0,0,1,0,0,0,0,0,44,1,37,22,22,20,22,66,80,0,0,0,0,0,0,0,0,0,0,0,0,0,0,0,0,0,0,0,0,0,0,0,0,0,0,0
127,0,96,9,0,0,0,0,0,0,1,0,0,0,0,0,44,1,15,22,22,20,22,66,90,0,0,0,0,0,0,0,0,0,0,0,0,0,0,0,0,0,0,0,0,0,0,0,0,0,0,0
127,0,96,10,0,0,0,0,0,0,1,0,0,0,0,0,44,1,34,22,22,20,22,67,0,0,0,0,0,0,0,0,0,0,0,0,0,0,0,0,0,0,0,0,0,0,0,0,0,0,0,0
127,0,96,10,0,0,0,0,0,0,1,0,0,0,0,0,44,1,26,22,22,20,22,67,9,0,0,0,0,0,0,0,0,0,0,0,0,0,0,0,0,0,0,0,0,0,0,0,0,0,0,0
127,0,96,10,0,0,0,0,0,0,1,0,0,0,0,0,44,1,27,22,22,20,22,67,19,0,0,0,0,0,0,0,0,0,0,0,0,0,0,0,0,0,0,0,0,0,0,0,0,0,0,0
127,0,96,10,0,0,0,0,0,0,1,0,0,0,0,0,44,1,35,22,22,20,22,67,30,0,0,0,0,0,0,0,0,0,0,0,0,0,0,0,0,0,0,0,0,0,0,0,0,0,0,0
127,0,96,10,0,0,0,0,0,0,1,0,0,0,0,0,44,1,27,22,22,20,22,66,90,0,0,0,0,0,0,0,0,0,0,0,0,0,0,0,0,0,0,0,0,0,0,0,0,0,0,0
127,0,96,10,0,0,0,0,0,0,1,0,0,0,0,0,44,1,21,22,22,20,22,66,80,0,0,0,0,0,0,0,0,0,0,0,0,0,0,0,0,0,0,0,0,0,0,0,0,0,0,0
127,0,96,10,0,0,0,0,0,0,1,0,0,0,0,0,44,1,34,22,22,20,22,66,69,0,0,0,0,0,0,0,0,0,0,0,0,0,0,0,0,0,0,0,0,0,0,0,0,0,0,0
127,0,96,10,0,0,0,0,0,0,1,0,0,0,0,0,44,1,26,22,22,20,22,66,80,0,0,0,0,0,0,0,0,0,0,0,0,0,0,0,0,0,0,0,0,0,0,0,0,0,0,0
127,0,96,10,0,0,0,0,0,0,1,0,0,0,0,0,44,1,25,22,22,20,22,67,0,0,0,0,0,0,0,0,0,0,0,0,0,0,0,0,0,0,0,0,0,0,0,0,0,0,0,0
127,0,96,10,0,0,0,0,0,0,1,0,0,0,0,0,44,1,36,22,22,20,22,67,0,0,0,0,0,0,0,0,0,0,0,0,0,0,0,0,0,0,0,0,0,0,0,0,0,0,0,0
127,0,96,11,0,0,0,0,0,0,1,0,0,0,0,0,44,1,13,22,22,20,22,67,9,0,0,0,0,0,0,0,0,0,0,0,0,0,0,0,0,0,0,0,0,0,0,0,0,0,0,0
127,0,96,9,0,0,0,0,0,0,1,0,0,0,0,0,44,1,33,22,22,20,22,67,30,0,0,0,0,0,0,0,0,0,0,0,0,0,0,0,0,0,0,0,0,0,0,0,0,0,0,0
127,0,94,10,0,0,0,0,0,0,1,0,0,0,0,0,44,1,26,22,22,20,22,67,40,0,0,0,0,0,0,0,0,0,0,0,0,0,0,0,0,0,0,0,0,0,0,0,0,0,0,0
127,0,96,10,0,0,0,0,0,0,1,0,0,0,0,0,44,1,23,22,22,20,22,67,50,0,0,0,0,0,0,0,0,0,0,0,0,0,0,0,0,0,0,0,0,0,0,0,0,0,0,0
127,0,96,11,0,0,0,0,0,0,1,0,0,0,0,0,44,1,35,22,22,20,22,67,50,0,0,0,0,0,0,0,0,0,0,0,0,0,0,0,0,0,0,0,0,0,0,0,0,0,0,0
127,0,96,10,0,0,0,0,0,0,1,0,0,0,0,0,44,1,20,22,22,20,22,67,30,0,0,0,0,0,0,0,0,0,0,0,0,0,0,0,0,0,0,0,0,0,0,0,0,0,0,0
127,0,96,9,0,0,0,0,0,0,1,0,0,0,0,0,44,1,26,22,22,20,22,67,19,0,0,0,0,0,0,0,0,0,0,0,0,0,0,0,0,0,0,0,0,0,0,0,0,0,0,0
127,0,96,10,0,0,0,0,0,0,1,0,0,0,0,0,44,1,34,22,22,20,22,67,30,0,0,0,0,0,0,0,0,0,0,0,0,0,0,0,0,0,0,0,0,0,0,0,0,0,0,0
127,0,96,10,0,0,0,0,0,0,1,0,0,0,0,0,44,1,28,22,22,20,22,67,30,0,0,0,0,0,0,0,0,0,0,0,0,0,0,0,0,0,0,0,0,0,0,0,0,0,0,0
127,0,98,10,0,0,0,0,0,0,1,0,0,0,0,0,44,1,16,22,22,20,22,67,50,0,0,0,0,0,0,0,0,0,0,0,0,0,0,0,0,0,0,0,0,0,0,0,0,0,0,0
127,0,96,10,0,0,0,0,0,0,1,0,0,0,0,0,44,1,33,22,22,20,22,67,50,0,0,0,0,0,0,0,0,0,0,0,0,0,0,0,0,0,0,0,0,0,0,0,0,0,0,0
127,0,96,10,0,0,0,0,0,0,1,0,0,0,0,0,44,1,23,22,22,20,22,67,69,0,0,0,0,0,0,0,0,0,0,0,0,0,0,0,0,0,0,0,0,0,0,0,0,0,0,0
127,0,96,10,0,0,0,0,0,0,1,0,0,0,0,0,44,1,27,22,22,20,22,67,69,0,0,0,0,0,0,0,0,0,0,0,0,0,0,0,0,0,0,0,0,0,0,0,0,0,0,0
127,0,96,10,0,0,0,0,0,0,1,0,0,0,0,0,44,1,33,22,22,20,22,67,80,0,0,0,0,0,0,0,0,0,0,0,0,0,0,0,0,0,0,0,0,0,0,0,0,0,0,0
127,0,96,10,0,0,0,0,0,0,1,0,0,0,0,0,44,1,17,22,22,20,22,67,90,0,0,0,0,0,0,0,0,0,0,0,0,0,0,0,0,0,0,0,0,0,0,0,0,0,0,0
127,0,96,10,0,0,0,0,0,0,1,0,0,0,0,0,44,1,35,22,22,20,22,67,69,0,0,0,0,0,0,0,0,0,0,0,0,0,0,0,0,0,0,0,0,0,0,0,0,0,0,0
127,0,96,10,0,0,0,0,0,0,1,0,0,0,0,0,44,1,12,22,22,20,22,67,59,0,0,0,0,0,0,0,0,0,0,0,0,0,0,0,0,0,0,0,0,0,0,0,0,0,0,0
127,0,96,10,0,0,0,0,0,0,1,0,0,0,0,0,44,1,34,22,22,20,22,67,59,0,0,0,0,0,0,0,0,0,0,0,0,0,0,0,0,0,0,0,0,0,0,0,0,0,0,0
127,0,96,10,0,0,0,0,0,0,1,0,0,0,0,0,44,1,15,22,22,20,22,67,59,0,0,0,0,0,0,0,0,0,0,0,0,0,0,0,0,0,0,0,0,0,0,0,0,0,0,0
127,0,96,10,0,0,0,0,0,0,1,0,0,0,0,0,44,1,23,22,22,20,22,67,69,0,0,0,0,0,0,0,0,0,0,0,0,0,0,0,0,0,0,0,0,0,0,0,0,0,0,0
127,0,94,9,0,0,0,0,0,0,1,0,0,0,0,0,44,1,21,22,22,20,22,67,69,0,0,0,0,0,0,0,0,0,0,0,0,0,0,0,0,0,0,0,0,0,0,0,0,0,0,0
127,0,96,10,0,0,0,0,0,0,1,0,0,0,0,0,44,1,17,22,22,20,22,67,90,0,0,0,0,0,0,0,0,0,0,0,0,0,0,0,0,0,0,0,0,0,0,0,0,0,0,0
127,0,96,10,0,0,0,0,0,0,1,0,0,0,0,0,44,1,29,22,22,20,22,68,0,0,0,0,0,0,0,0,0,0,0,0,0,0,0,0,0,0,0,0,0,0,0,0,0,0,0,0
127,0,96,10,0,0,0,0,0,0,1,0,0,0,0,0,44,1,14,22,22,20,22,68,0,0,0,0,0,0,0,0,0,0,0,0,0,0,0,0,0,0,0,0,0,0,0,0,0,0,0,0
127,0,96,9,0,0,0,0,0,0,1,0,0,0,0,0,44,1,17,22,22,20,22,68,0,0,0,0,0,0,0,0,0,0,0,0,0,0,0,0,0,0,0,0,0,0,0,0,0,0,0,0
127,0,94,10,0,0,0,0,0,0,1,0,0,0,0,0,44,1,25,22,22,20,22,68,0,0,0,0,0,0,0,0,0,0,0,0,0,0,0,0,0,0,0,0,0,0,0,0,0,0,0,0
127,0,94,10,0,0,0,0,0,0,1,0,0,0,0,0,44,1,15,22,22,20,22,67,69,0,0,0,0,0,0,0,0,0,0,0,0,0,0,0,0,0,0,0,0,0,0,0,0,0,0,0
127,0,96,10,0,0,0,0,0,0,1,0,0,0,0,0,44,1,21,22,22,20,22,67,50,0,0,0,0,0,0,0,0,0,0,0,0,0,0,0,0,0,0,0,0,0,0,0,0,0,0,0
127,0,96,10,0,0,0,0,0,0,1,0,0,0,0,0,44,1,32,22,22,20,22,67,50,0,0,0,0,0,0,0,0,0,0,0,0,0,0,0,0,0,0,0,0,0,0,0,0,0,0,0
127,0,96,10,0,0,0,0,0,0,1,0,0,0,0,0,44,1,5,22,22,20,22,67,59,0,0,0,0,0,0,0,0,0,0,0,0,0,0,0,0,0,0,0,0,0,0,0,0,0,0,0
127,0,96,10,0,0,0,0,0,0,1,0,0,0,0,0,44,1,27,22,22,20,22,67,59,0,0,0,0,0,0,0,0,0,0,0,0,0,0,0,0,0,0,0,0,0,0,0,0,0,0,0
127,0,96,10,0,0,0,0,0,0,1,0,0,0,0,0,44,1,14,22,22,20,22,67,69,0,0,0,0,0,0,0,0,0,0,0,0,0,0,0,0,0,0,0,0,0,0,0,0,0,0,0
127,0,94,3,0,0,0,9,0,0,1,0,0,0,0,0,44,1,23,22,22,20,214,67,69,0,0,0,0,0,0,0,96,64,0,0,0,0,0,0,0,0,0,192,0,0,0,0,0,0,0,0
127,0,96,10,0,0,0,0,0,0,1,0,0,0,0,0,44,1,22,22,22,20,22,67,69,0,0,0,0,0,0,0,0,0,0,0,0,0,0,0,0,0,0,0,0,0,0,0,0,0,0,0
127,0,96,10,0,0,0,0,0,0,1,0,0,0,0,0,44,1,20,22,22,20,22,67,80,0,0,0,0,0,0,0,0,0,0,0,0,0,0,0,0,0,0,0,0,0,0,0,0,0,0,0
127,0,96,10,0,0,0,0,0,0,1,0,0,0,0,0,44,1,30,22,22,20,22,67,80,0,0,0,0,0,0,0,0,0,0,0,0,0,0,0,0,0,0,0,0,0,0,0,0,0,0,0
127,0,96,10,0,0,0,0,0,0,1,0,0,0,0,0,44,1,13,22,22,20,22,67,90,0,0,0,0,0,0,0,0,0,0,0,0,0,0,0,0,0,0,0,0,0,0,0,0,0,0,0
127,0,94,9,0,0,0,0,0,0,1,0,0,0,0,0,44,1,29,22,22,29,22,68,0,0,0,0,0,0,0,0,0,0,0,0,0,0,0,0,0,0,0,0,0,0,0,0,0,0,0,0
127,0,96,10,0,0,0,0,0,0,1,0,0,0,0,0,44,1,12,22,22,20,22,67,69,0,0,0,0,0,0,0,0,0,0,0,0,0,0,0,0,0,0,0,0,0,0,0,0,0,0,0
127,0,96,10,0,0,0,0,0,0,1,0,0,0,0,0,44,1,23,22,22,29,22,67,80,0,0,0,0,0,0,0,0,0,0,0,0,0,0,0,0,0,0,0,0,0,0,0,0,0,0,0
127,0,96,10,0,0,0,0,0,0,1,0,0,0,0,0,44,1,33,22,22,29,22,67,69,0,0,0,0,0,0,0,0,0,0,0,0,0,0,0,0,0,0,0,0,0,0,0,0,0,0,0
127,0,96,10,0,0,0,0,0,0,1,0,0,0,0,0,44,1,8,22,22,29,22,67,80,0,0,0,0,0,0,0,0,0,0,0,0,0,0,0,0,0,0,0,0,0,0,0,0,0,0,0
127,0,96,10,0,0,0,0,0,0,1,0,0,0,0,0,44,1,25,22,22,29,22,67,80,0,0,0,0,0,0,0,0,0,0,0,0,0,0,0,0,0,0,0,0,0,0,0,0,0,0,0
127,0,96,10,0,0,0,0,0,0,1,0,0,0,0,0,44,1,34,22,22,29,22,67,80,0,0,0,0,0,0,0,0,0,0,0,0,0,0,0,0,0,0,0,0,0,0,0,0,0,0,0
127,0,96,9,0,0,0,0,0,0,1,0,0,0,0,0,44,1,12,22,22,29,22,68,0,0,0,0,0,0,0,0,0,0,0,0,0,0,0,0,0,0,0,0,0,0,0,0,0,0,0,0
127,0,96,10,0,0,0,0,0,0,1,0,0,0,0,0,44,1,23,22,22,29,22,68,0,0,0,0,0,0,0,0,0,0,0,0,0,0,0,0,0,0,0,0,0,0,0,0,0,0,0,0
127,0,96,10,0,0,0,0,0,0,1,0,0,0,0,0,44,1,34,22,22,29,22,68,9,0,0,0,0,0,0,0,0,0,0,0,0,0,0,0,0,0,0,0,0,0,0,0,0,0,0,0
127,0,96,10,0,0,0,0,0,0,1,0,0,0,0,0,44,1,12,22,22,29,22,68,0,0,0,0,0,0,0,0,0,0,0,0,0,0,0,0,0,0,0,0,0,0,0,0,0,0,0,0
127,0,96,10,0,0,0,0,0,0,1,0,0,0,0,0,44,1,23,22,22,29,22,67,59,0,0,0,0,0,0,0,0,0,0,0,0,0,0,0,0,0,0,0,0,0,0,0,0,0,0,0
127,0,96,10,0,0,0,0,0,0,1,0,0,0,0,0,44,1,25,22,22,29,22,67,50,0,0,0,0,0,0,0,0,0,0,0,0,0,0,0,0,0,0,0,0,0,0,0,0,0,0,0
127,0,96,10,0,0,0,0,0,0,1,0,0,0,0,0,44,1,12,22,22,29,22,67,40,0,0,0,0,0,0,0,0,0,0,0,0,0,0,0,0,0,0,0,0,0,0,0,0,0,0,0
127,0,96,10,0,0,0,0,0,0,1,0,0,0,0,0,44,1,33,22,22,29,22,67,50,0,0,0,0,0,0,0,0,0,0,0,0,0,0,0,0,0,0,0,0,0,0,0,0,0,0,0
127,0,96,10,0,0,0,0,0,0,1,0,0,0,0,0,44,1,17,22,22,29,22,67,50,0,0,0,0,0,0,0,0,0,0,0,0,0,0,0,0,0,0,0,0,0,0,0,0,0,0,0
127,0,96,10,0,0,0,0,0,0,1,0,0,0,0,0,44,1,24,22,22,29,22,67,59,0,0,0,0,0,0,0,0,0,0,0,0,0,0,0,0,0,0,0,0,0,0,0,0,0,0,0
127,0,96,10,0,0,0,0,0,0,1,0,0,0,0,0,44,1,33,22,22,29,22,67,69,0,0,0,0,0,0,0,0,0,0,0,0,0,0,0,0,0,0,0,0,0,0,0,0,0,0,0
127,0,96,10,0,0,0,0,0,0,1,0,0,0,0,0,44,1,8,22,22,29,22,67,69,0,0,0,0,0,0,0,0,0,0,0,0,0,0,0,0,0,0,0,0,0,0,0,0,0,0,0
127,0,96,10,0,0,0,0,0,0,1,0,0,0,0,0,44,1,27,22,22,29,22,67,80,0,0,0,0,0,0,0,0,0,0,0,0,0,0,0,0,0,0,0,0,0,0,0,0,0,0,0
127,0,96,10,0,0,0,0,0,0,1,0,0,0,0,0,44,1,28,22,22,29,22,67,90,0,0,0,0,0,0,0,0,0,0,0,0,0,0,0,0,0,0,0,0,0,0,0,0,0,0,0
127,0,96,10,0,0,0,0,0,0,1,0,0,0,0,0,44,1,9,22,22,29,22,67,69,0,0,0,0,0,0,0,0,0,0,0,0,0,0,0,0,0,0,0,0,0,0,0,0,0,0,0
127,0,96,10,0,0,0,0,0,0,1,0,0,0,0,0,44,1,27,22,22,29,22,67,50,0,0,0,0,0,0,0,0,0,0,0,0,0,0,0,0,0,0,0,0,0,0,0,0,0,0,0
127,0,96,10,0,0,0,0,0,0,1,0,0,0,0,0,44,1,21,22,22,29,22,67,40,0,0,0,0,0,0,0,0,0,0,0,0,0,0,0,0,0,0,0,0,0,0,0,0,0,0,0
127,0,94,10,0,0,0,0,0,0,1,0,0,0,0,0,44,1,10,22,22,29,22,67,30,0,0,0,0,0,0,0,0,0,0,0,0,0,0,0,0,0,0,0,0,0,0,0,0,0,0,0
127,0,96,10,0,0,0,0,0,0,1,0,0,0,0,0,44,1,24,22,22,29,22,67,30,0,0,0,0,0,0,0,0,0,0,0,0,0,0,0,0,0,0,0,0,0,0,0,0,0,0,0
127,0,94,10,0,0,0,0,0,0,1,0,0,0,0,0,44,1,5,22,22,29,22,67,50,0,0,0,0,0,0,0,0,0,0,0,0,0,0,0,0,0,0,0,0,0,0,0,0,0,0,0
127,0,94,10,0,0,0,0,0,0,1,0,0,0,0,0,44,1,21,22,22,29,22,67,59,0,0,0,0,0,0,0,0,0,0,0,0,0,0,0,0,0,0,0,0,0,0,0,0,0,0,0
